2026-04-08 06:14:45.891 | INFO     | __main__:__init__:34 - 🚀 INITIALIZING COMPREHENSIVE ARBITRAGE BOT...
2026-04-08 06:14:45.895 | INFO     | __main__:__init__:38 - 💰 Wallet: 0xbf725439B03B9AB013200c6eF1E2d1Fb395F46fE
2026-04-08 06:14:45.906 | INFO     | __main__:__init__:47 - ✅ MEXC Engine: LOADED
2026-04-08 06:14:45.915 | INFO     | __main__:__init__:57 - ✅ MetaMask Perps: LOADED
2026-04-08 06:14:45.924 | INFO     | __main__:__init__:67 - ✅ Polymarket: LOADED
2026-04-08 06:14:45.926 | SUCCESS  | __main__:__init__:89 - ✅ BOT INITIALIZED
2026-04-08 06:14:45.927 | INFO     | __main__:__init__:90 - 🔒 Safety: Test Mode = True
2026-04-08 06:14:45.929 | INFO     | __main__:__init__:91 - 💰 Max Position: $100
2026-04-08 06:14:45.933 | INFO     | __main__:run:170 - 🏃 COMPREHENSIVE BOT RUNNING...
2026-04-08 06:14:45.934 | INFO     | __main__:run:171 - Press Ctrl+C to stop
2026-04-08 06:14:45.935 | INFO     | __main__:scan_all_opportunities:97 - 🔍 Scanning for opportunities...
2026-04-08 06:14:45.936 | INFO     | __main__:scan_all_opportunities:111 - 📊 Test opportunity: 1.23%
2026-04-08 06:14:45.937 | SUCCESS  | __main__:run:181 - 🎯 Found 1 opportunities!
2026-04-08 06:14:45.938 | WARNING  | __main__:safety_check:119 - 🔒 TEST MODE ENABLED - No real trades will execute
2026-04-08 06:14:55.951 | INFO     | __main__:scan_all_opportunities:97 - 🔍 Scanning for opportunities...
2026-04-08 06:14:55.952 | INFO     | __main__:scan_all_opportunities:111 - 📊 Test opportunity: 0.63%
2026-04-08 06:14:55.953 | SUCCESS  | __main__:run:181 - 🎯 Found 1 opportunities!
2026-04-08 06:14:55.954 | WARNING  | __main__:safety_check:119 - 🔒 TEST MODE ENABLED - No real trades will execute
2026-04-08 06:15:05.959 | INFO     | __main__:scan_all_opportunities:97 - 🔍 Scanning for opportunities...
2026-04-08 06:15:15.967 | INFO     | __main__:scan_all_opportunities:97 - 🔍 Scanning for opportunities...
2026-04-08 06:15:15.968 | INFO     | __main__:scan_all_opportunities:111 - 📊 Test opportunity: 0.52%
2026-04-08 06:15:15.970 | SUCCESS  | __main__:run:181 - 🎯 Found 1 opportunities!
2026-04-08 06:15:15.970 | WARNING  | __main__:safety_check:119 - 🔒 TEST MODE ENABLED - No real trades will execute
2026-04-08 06:15:25.984 | INFO     | __main__:scan_all_opportunities:97 - 🔍 Scanning for opportunities...
2026-04-08 06:15:25.986 | INFO     | __main__:scan_all_opportunities:111 - 📊 Test opportunity: 1.43%
2026-04-08 06:15:25.986 | SUCCESS  | __main__:run:181 - 🎯 Found 1 opportunities!
2026-04-08 06:15:25.987 | WARNING  | __main__:safety_check:119 - 🔒 TEST MODE ENABLED - No real trades will execute
2026-04-08 06:15:36.002 | INFO     | __main__:scan_all_opportunities:97 - 🔍 Scanning for opportunities...
2026-04-08 06:15:36.004 | INFO     | __main__:scan_all_opportunities:111 - 📊 Test opportunity: 1.39%
2026-04-08 06:15:36.004 | SUCCESS  | __main__:run:181 - 🎯 Found 1 opportunities!
2026-04-08 06:15:36.005 | WARNING  | __main__:safety_check:119 - 🔒 TEST MODE ENABLED - No real trades will execute
2026-04-08 06:15:46.014 | INFO     | __main__:scan_all_opportunities:97 - 🔍 Scanning for opportunities...
2026-04-08 06:15:46.015 | INFO     | __main__:scan_all_opportunities:111 - 📊 Test opportunity: 0.92%
2026-04-08 06:15:46.016 | SUCCESS  | __main__:run:181 - 🎯 Found 1 opportunities!
2026-04-08 06:15:46.017 | WARNING  | __main__:safety_check:119 - 🔒 TEST MODE ENABLED - No real trades will execute
2026-04-08 06:15:56.020 | INFO     | __main__:scan_all_opportunities:97 - 🔍 Scanning for opportunities...
2026-04-08 06:16:06.023 | INFO     | __main__:scan_all_opportunities:97 - 🔍 Scanning for opportunities...
2026-04-08 06:16:06.024 | INFO     | __main__:scan_all_opportunities:111 - 📊 Test opportunity: 1.36%
2026-04-08 06:16:06.026 | SUCCESS  | __main__:run:181 - 🎯 Found 1 opportunities!
2026-04-08 06:16:06.027 | WARNING  | __main__:safety_check:119 - 🔒 TEST MODE ENABLED - No real trades will execute
2026-04-08 06:16:16.031 | INFO     | __main__:scan_all_opportunities:97 - 🔍 Scanning for opportunities...
2026-04-08 06:16:16.033 | INFO     | __main__:scan_all_opportunities:111 - 📊 Test opportunity: 0.84%
2026-04-08 06:16:16.034 | SUCCESS  | __main__:run:181 - 🎯 Found 1 opportunities!
2026-04-08 06:16:16.035 | WARNING  | __main__:safety_check:119 - 🔒 TEST MODE ENABLED - No real trades will execute
2026-04-08 06:16:26.041 | INFO     | __main__:scan_all_opportunities:97 - 🔍 Scanning for opportunities...
2026-04-08 06:16:26.042 | INFO     | __main__:scan_all_opportunities:111 - 📊 Test opportunity: 1.23%
2026-04-08 06:16:26.043 | SUCCESS  | __main__:run:181 - 🎯 Found 1 opportunities!
2026-04-08 06:16:26.043 | WARNING  | __main__:safety_check:119 - 🔒 TEST MODE ENABLED - No real trades will execute
2026-04-08 06:16:36.048 | INFO     | __main__:scan_all_opportunities:97 - 🔍 Scanning for opportunities...
2026-04-08 06:16:36.049 | INFO     | __main__:scan_all_opportunities:111 - 📊 Test opportunity: 1.21%
2026-04-08 06:16:36.050 | SUCCESS  | __main__:run:181 - 🎯 Found 1 opportunities!
2026-04-08 06:16:36.051 | WARNING  | __main__:safety_check:119 - 🔒 TEST MODE ENABLED - No real trades will execute
2026-04-08 06:16:46.055 | INFO     | __main__:scan_all_opportunities:97 - 🔍 Scanning for opportunities...
2026-04-08 06:16:46.056 | INFO     | __main__:scan_all_opportunities:111 - 📊 Test opportunity: 1.06%
2026-04-08 06:16:46.058 | SUCCESS  | __main__:run:181 - 🎯 Found 1 opportunities!
2026-04-08 06:16:46.059 | WARNING  | __main__:safety_check:119 - 🔒 TEST MODE ENABLED - No real trades will execute
2026-04-08 06:16:56.072 | INFO     | __main__:scan_all_opportunities:97 - 🔍 Scanning for opportunities...
2026-04-08 06:16:56.073 | INFO     | __main__:scan_all_opportunities:111 - 📊 Test opportunity: 0.77%
2026-04-08 06:16:56.074 | SUCCESS  | __main__:run:181 - 🎯 Found 1 opportunities!
2026-04-08 06:16:56.076 | WARNING  | __main__:safety_check:119 - 🔒 TEST MODE ENABLED - No real trades will execute
2026-04-08 06:17:06.081 | INFO     | __main__:scan_all_opportunities:97 - 🔍 Scanning for opportunities...
2026-04-08 06:17:06.082 | INFO     | __main__:scan_all_opportunities:111 - 📊 Test opportunity: 1.31%
2026-04-08 06:17:06.083 | SUCCESS  | __main__:run:181 - 🎯 Found 1 opportunities!
2026-04-08 06:17:06.085 | WARNING  | __main__:safety_check:119 - 🔒 TEST MODE ENABLED - No real trades will execute
2026-04-08 06:17:16.091 | INFO     | __main__:scan_all_opportunities:97 - 🔍 Scanning for opportunities...
2026-04-08 06:17:16.092 | INFO     | __main__:scan_all_opportunities:111 - 📊 Test opportunity: 0.57%
2026-04-08 06:17:16.093 | SUCCESS  | __main__:run:181 - 🎯 Found 1 opportunities!
2026-04-08 06:17:16.094 | WARNING  | __main__:safety_check:119 - 🔒 TEST MODE ENABLED - No real trades will execute
2026-04-08 06:17:26.100 | INFO     | __main__:scan_all_opportunities:97 - 🔍 Scanning for opportunities...
2026-04-08 06:17:26.102 | INFO     | __main__:scan_all_opportunities:111 - 📊 Test opportunity: 1.00%
2026-04-08 06:17:26.103 | SUCCESS  | __main__:run:181 - 🎯 Found 1 opportunities!
2026-04-08 06:17:26.104 | WARNING  | __main__:safety_check:119 - 🔒 TEST MODE ENABLED - No real trades will execute
2026-04-08 06:17:36.114 | INFO     | __main__:scan_all_opportunities:97 - 🔍 Scanning for opportunities...
2026-04-08 06:17:36.115 | INFO     | __main__:scan_all_opportunities:111 - 📊 Test opportunity: 0.63%
2026-04-08 06:17:36.116 | SUCCESS  | __main__:run:181 - 🎯 Found 1 opportunities!
2026-04-08 06:17:36.117 | WARNING  | __main__:safety_check:119 - 🔒 TEST MODE ENABLED - No real trades will execute
2026-04-08 06:17:46.127 | INFO     | __main__:scan_all_opportunities:97 - 🔍 Scanning for opportunities...
2026-04-08 06:17:46.143 | INFO     | __main__:scan_all_opportunities:111 - 📊 Test opportunity: 1.24%
2026-04-08 06:17:46.146 | SUCCESS  | __main__:run:181 - 🎯 Found 1 opportunities!
2026-04-08 06:17:46.148 | WARNING  | __main__:safety_check:119 - 🔒 TEST MODE ENABLED - No real trades will execute
2026-04-08 06:17:56.153 | INFO     | __main__:scan_all_opportunities:97 - 🔍 Scanning for opportunities...
2026-04-08 06:17:56.155 | INFO     | __main__:scan_all_opportunities:111 - 📊 Test opportunity: 0.99%
2026-04-08 06:17:56.156 | SUCCESS  | __main__:run:181 - 🎯 Found 1 opportunities!
2026-04-08 06:17:56.157 | WARNING  | __main__:safety_check:119 - 🔒 TEST MODE ENABLED - No real trades will execute
2026-04-08 06:18:06.170 | INFO     | __main__:scan_all_opportunities:97 - 🔍 Scanning for opportunities...
2026-04-08 06:18:06.171 | INFO     | __main__:scan_all_opportunities:111 - 📊 Test opportunity: 1.44%
2026-04-08 06:18:06.172 | SUCCESS  | __main__:run:181 - 🎯 Found 1 opportunities!
2026-04-08 06:18:06.173 | WARNING  | __main__:safety_check:119 - 🔒 TEST MODE ENABLED - No real trades will execute
2026-04-08 06:18:16.176 | INFO     | __main__:scan_all_opportunities:97 - 🔍 Scanning for opportunities...
2026-04-08 06:18:16.177 | INFO     | __main__:scan_all_opportunities:111 - 📊 Test opportunity: 1.12%
2026-04-08 06:18:16.178 | SUCCESS  | __main__:run:181 - 🎯 Found 1 opportunities!
2026-04-08 06:18:16.179 | WARNING  | __main__:safety_check:119 - 🔒 TEST MODE ENABLED - No real trades will execute
2026-04-08 06:18:26.188 | INFO     | __main__:scan_all_opportunities:97 - 🔍 Scanning for opportunities...
2026-04-08 06:18:26.190 | INFO     | __main__:scan_all_opportunities:111 - 📊 Test opportunity: 1.33%
2026-04-08 06:18:26.191 | SUCCESS  | __main__:run:181 - 🎯 Found 1 opportunities!
2026-04-08 06:18:26.192 | WARNING  | __main__:safety_check:119 - 🔒 TEST MODE ENABLED - No real trades will execute
2026-04-08 06:18:36.198 | INFO     | __main__:scan_all_opportunities:97 - 🔍 Scanning for opportunities...
2026-04-08 06:18:36.199 | INFO     | __main__:scan_all_opportunities:111 - 📊 Test opportunity: 1.27%
2026-04-08 06:18:36.200 | SUCCESS  | __main__:run:181 - 🎯 Found 1 opportunities!
2026-04-08 06:18:36.201 | WARNING  | __main__:safety_check:119 - 🔒 TEST MODE ENABLED - No real trades will execute
2026-04-08 06:18:46.208 | INFO     | __main__:scan_all_opportunities:97 - 🔍 Scanning for opportunities...
2026-04-08 06:18:46.209 | INFO     | __main__:scan_all_opportunities:111 - 📊 Test opportunity: 1.02%
2026-04-08 06:18:46.211 | SUCCESS  | __main__:run:181 - 🎯 Found 1 opportunities!
2026-04-08 06:18:46.212 | WARNING  | __main__:safety_check:119 - 🔒 TEST MODE ENABLED - No real trades will execute
2026-04-08 06:18:56.227 | INFO     | __main__:scan_all_opportunities:97 - 🔍 Scanning for opportunities...
2026-04-08 06:18:56.229 | INFO     | __main__:scan_all_opportunities:111 - 📊 Test opportunity: 1.38%
2026-04-08 06:18:56.230 | SUCCESS  | __main__:run:181 - 🎯 Found 1 opportunities!
2026-04-08 06:18:56.231 | WARNING  | __main__:safety_check:119 - 🔒 TEST MODE ENABLED - No real trades will execute
2026-04-08 06:19:06.245 | INFO     | __main__:scan_all_opportunities:97 - 🔍 Scanning for opportunities...
2026-04-08 06:19:06.246 | INFO     | __main__:scan_all_opportunities:111 - 📊 Test opportunity: 0.52%
2026-04-08 06:19:06.251 | SUCCESS  | __main__:run:181 - 🎯 Found 1 opportunities!
2026-04-08 06:19:06.253 | WARNING  | __main__:safety_check:119 - 🔒 TEST MODE ENABLED - No real trades will execute
2026-04-08 06:19:16.268 | INFO     | __main__:scan_all_opportunities:97 - 🔍 Scanning for opportunities...
2026-04-08 06:19:16.270 | INFO     | __main__:scan_all_opportunities:111 - 📊 Test opportunity: 1.07%
2026-04-08 06:19:16.271 | SUCCESS  | __main__:run:181 - 🎯 Found 1 opportunities!
2026-04-08 06:19:16.272 | WARNING  | __main__:safety_check:119 - 🔒 TEST MODE ENABLED - No real trades will execute
2026-04-08 06:19:26.285 | INFO     | __main__:scan_all_opportunities:97 - 🔍 Scanning for opportunities...
2026-04-08 06:19:26.286 | INFO     | __main__:scan_all_opportunities:111 - 📊 Test opportunity: 0.77%
2026-04-08 06:19:26.286 | SUCCESS  | __main__:run:181 - 🎯 Found 1 opportunities!
2026-04-08 06:19:26.287 | WARNING  | __main__:safety_check:119 - 🔒 TEST MODE ENABLED - No real trades will execute
2026-04-08 06:19:36.301 | INFO     | __main__:scan_all_opportunities:97 - 🔍 Scanning for opportunities...
2026-04-08 06:19:36.306 | INFO     | __main__:scan_all_opportunities:111 - 📊 Test opportunity: 1.13%
2026-04-08 06:19:36.307 | SUCCESS  | __main__:run:181 - 🎯 Found 1 opportunities!
2026-04-08 06:19:36.308 | WARNING  | __main__:safety_check:119 - 🔒 TEST MODE ENABLED - No real trades will execute
2026-04-08 06:19:46.324 | INFO     | __main__:scan_all_opportunities:97 - 🔍 Scanning for opportunities...
2026-04-08 06:19:46.326 | INFO     | __main__:scan_all_opportunities:111 - 📊 Test opportunity: 0.56%
2026-04-08 06:19:46.327 | SUCCESS  | __main__:run:181 - 🎯 Found 1 opportunities!
2026-04-08 06:19:46.328 | WARNING  | __main__:safety_check:119 - 🔒 TEST MODE ENABLED - No real trades will execute
2026-04-08 06:19:56.331 | INFO     | __main__:scan_all_opportunities:97 - 🔍 Scanning for opportunities...
2026-04-08 06:19:56.333 | INFO     | __main__:scan_all_opportunities:111 - 📊 Test opportunity: 0.60%
2026-04-08 06:19:56.334 | SUCCESS  | __main__:run:181 - 🎯 Found 1 opportunities!
2026-04-08 06:19:56.335 | WARNING  | __main__:safety_check:119 - 🔒 TEST MODE ENABLED - No real trades will execute
2026-04-08 06:20:06.354 | INFO     | __main__:scan_all_opportunities:97 - 🔍 Scanning for opportunities...
2026-04-08 06:20:06.356 | INFO     | __main__:scan_all_opportunities:111 - 📊 Test opportunity: 0.70%
2026-04-08 06:20:06.357 | SUCCESS  | __main__:run:181 - 🎯 Found 1 opportunities!
2026-04-08 06:20:06.358 | WARNING  | __main__:safety_check:119 - 🔒 TEST MODE ENABLED - No real trades will execute
2026-04-08 06:20:16.363 | INFO     | __main__:scan_all_opportunities:97 - 🔍 Scanning for opportunities...
2026-04-08 06:20:26.371 | INFO     | __main__:scan_all_opportunities:97 - 🔍 Scanning for opportunities...
2026-04-08 06:20:26.374 | INFO     | __main__:scan_all_opportunities:111 - 📊 Test opportunity: 0.68%
2026-04-08 06:20:26.375 | SUCCESS  | __main__:run:181 - 🎯 Found 1 opportunities!
2026-04-08 06:20:26.376 | WARNING  | __main__:safety_check:119 - 🔒 TEST MODE ENABLED - No real trades will execute
2026-04-08 06:20:36.391 | INFO     | __main__:scan_all_opportunities:97 - 🔍 Scanning for opportunities...
2026-04-08 06:20:36.392 | INFO     | __main__:scan_all_opportunities:111 - 📊 Test opportunity: 0.97%
2026-04-08 06:20:36.394 | SUCCESS  | __main__:run:181 - 🎯 Found 1 opportunities!
2026-04-08 06:20:36.395 | WARNING  | __main__:safety_check:119 - 🔒 TEST MODE ENABLED - No real trades will execute
2026-04-08 06:20:46.405 | INFO     | __main__:scan_all_opportunities:97 - 🔍 Scanning for opportunities...
2026-04-08 06:20:46.407 | INFO     | __main__:scan_all_opportunities:111 - 📊 Test opportunity: 0.71%
2026-04-08 06:20:46.408 | SUCCESS  | __main__:run:181 - 🎯 Found 1 opportunities!
2026-04-08 06:20:46.409 | WARNING  | __main__:safety_check:119 - 🔒 TEST MODE ENABLED - No real trades will execute
2026-04-08 06:20:56.477 | INFO     | __main__:scan_all_opportunities:97 - 🔍 Scanning for opportunities...
2026-04-08 06:20:56.587 | INFO     | __main__:scan_all_opportunities:111 - 📊 Test opportunity: 0.61%
2026-04-08 06:20:56.648 | SUCCESS  | __main__:run:181 - 🎯 Found 1 opportunities!
2026-04-08 06:20:56.649 | WARNING  | __main__:safety_check:119 - 🔒 TEST MODE ENABLED - No real trades will execute
2026-04-08 06:21:06.660 | INFO     | __main__:scan_all_opportunities:97 - 🔍 Scanning for opportunities...
2026-04-08 06:21:16.675 | INFO     | __main__:scan_all_opportunities:97 - 🔍 Scanning for opportunities...
2026-04-08 06:21:16.676 | INFO     | __main__:scan_all_opportunities:111 - 📊 Test opportunity: 0.62%
2026-04-08 06:21:16.677 | SUCCESS  | __main__:run:181 - 🎯 Found 1 opportunities!
2026-04-08 06:21:16.678 | WARNING  | __main__:safety_check:119 - 🔒 TEST MODE ENABLED - No real trades will execute
2026-04-08 06:21:26.691 | INFO     | __main__:scan_all_opportunities:97 - 🔍 Scanning for opportunities...
2026-04-08 06:21:26.693 | INFO     | __main__:scan_all_opportunities:111 - 📊 Test opportunity: 0.50%
2026-04-08 06:21:26.695 | SUCCESS  | __main__:run:181 - 🎯 Found 1 opportunities!
2026-04-08 06:21:26.697 | WARNING  | __main__:safety_check:119 - 🔒 TEST MODE ENABLED - No real trades will execute
2026-04-08 06:21:36.705 | INFO     | __main__:scan_all_opportunities:97 - 🔍 Scanning for opportunities...
2026-04-08 06:21:46.709 | INFO     | __main__:scan_all_opportunities:97 - 🔍 Scanning for opportunities...
2026-04-08 06:21:56.723 | INFO     | __main__:scan_all_opportunities:97 - 🔍 Scanning for opportunities...
2026-04-08 06:22:06.730 | INFO     | __main__:scan_all_opportunities:97 - 🔍 Scanning for opportunities...
2026-04-08 06:22:06.731 | INFO     | __main__:scan_all_opportunities:111 - 📊 Test opportunity: 1.38%
2026-04-08 06:22:06.732 | SUCCESS  | __main__:run:181 - 🎯 Found 1 opportunities!
2026-04-08 06:22:06.734 | WARNING  | __main__:safety_check:119 - 🔒 TEST MODE ENABLED - No real trades will execute
2026-04-08 06:22:16.742 | INFO     | __main__:scan_all_opportunities:97 - 🔍 Scanning for opportunities...
2026-04-08 06:22:16.744 | INFO     | __main__:scan_all_opportunities:111 - 📊 Test opportunity: 0.57%
2026-04-08 06:22:16.745 | SUCCESS  | __main__:run:181 - 🎯 Found 1 opportunities!
2026-04-08 06:22:16.746 | WARNING  | __main__:safety_check:119 - 🔒 TEST MODE ENABLED - No real trades will execute
2026-04-08 06:22:26.748 | INFO     | __main__:scan_all_opportunities:97 - 🔍 Scanning for opportunities...
2026-04-08 06:22:36.755 | INFO     | __main__:scan_all_opportunities:97 - 🔍 Scanning for opportunities...
2026-04-08 06:22:36.756 | INFO     | __main__:scan_all_opportunities:111 - 📊 Test opportunity: 0.86%
2026-04-08 06:22:36.758 | SUCCESS  | __main__:run:181 - 🎯 Found 1 opportunities!
2026-04-08 06:22:36.759 | WARNING  | __main__:safety_check:119 - 🔒 TEST MODE ENABLED - No real trades will execute
2026-04-08 06:22:46.773 | INFO     | __main__:scan_all_opportunities:97 - 🔍 Scanning for opportunities...
2026-04-08 06:22:46.776 | INFO     | __main__:scan_all_opportunities:111 - 📊 Test opportunity: 1.26%
2026-04-08 06:22:46.781 | SUCCESS  | __main__:run:181 - 🎯 Found 1 opportunities!
2026-04-08 06:22:46.782 | WARNING  | __main__:safety_check:119 - 🔒 TEST MODE ENABLED - No real trades will execute
2026-04-08 06:22:56.785 | INFO     | __main__:scan_all_opportunities:97 - 🔍 Scanning for opportunities...
2026-04-08 06:22:56.787 | INFO     | __main__:scan_all_opportunities:111 - 📊 Test opportunity: 1.13%
2026-04-08 06:22:56.788 | SUCCESS  | __main__:run:181 - 🎯 Found 1 opportunities!
2026-04-08 06:22:56.789 | WARNING  | __main__:safety_check:119 - 🔒 TEST MODE ENABLED - No real trades will execute
2026-04-08 06:23:06.806 | INFO     | __main__:scan_all_opportunities:97 - 🔍 Scanning for opportunities...
2026-04-08 06:23:06.808 | INFO     | __main__:scan_all_opportunities:111 - 📊 Test opportunity: 1.41%
2026-04-08 06:23:06.809 | SUCCESS  | __main__:run:181 - 🎯 Found 1 opportunities!
2026-04-08 06:23:06.810 | WARNING  | __main__:safety_check:119 - 🔒 TEST MODE ENABLED - No real trades will execute
2026-04-08 06:23:16.816 | INFO     | __main__:scan_all_opportunities:97 - 🔍 Scanning for opportunities...
2026-04-08 06:23:16.818 | INFO     | __main__:scan_all_opportunities:111 - 📊 Test opportunity: 1.36%
2026-04-08 06:23:16.819 | SUCCESS  | __main__:run:181 - 🎯 Found 1 opportunities!
2026-04-08 06:23:16.821 | WARNING  | __main__:safety_check:119 - 🔒 TEST MODE ENABLED - No real trades will execute
2026-04-08 06:23:26.836 | INFO     | __main__:scan_all_opportunities:97 - 🔍 Scanning for opportunities...
2026-04-08 06:23:26.843 | INFO     | __main__:scan_all_opportunities:111 - 📊 Test opportunity: 1.11%
2026-04-08 06:23:26.845 | SUCCESS  | __main__:run:181 - 🎯 Found 1 opportunities!
2026-04-08 06:23:26.846 | WARNING  | __main__:safety_check:119 - 🔒 TEST MODE ENABLED - No real trades will execute
2026-04-08 06:23:36.854 | INFO     | __main__:scan_all_opportunities:97 - 🔍 Scanning for opportunities...
2026-04-08 06:23:36.855 | INFO     | __main__:scan_all_opportunities:111 - 📊 Test opportunity: 0.97%
2026-04-08 06:23:36.856 | SUCCESS  | __main__:run:181 - 🎯 Found 1 opportunities!
2026-04-08 06:23:36.857 | WARNING  | __main__:safety_check:119 - 🔒 TEST MODE ENABLED - No real trades will execute
2026-04-08 06:23:46.860 | INFO     | __main__:scan_all_opportunities:97 - 🔍 Scanning for opportunities...
2026-04-08 06:23:46.861 | INFO     | __main__:scan_all_opportunities:111 - 📊 Test opportunity: 0.87%
2026-04-08 06:23:46.862 | SUCCESS  | __main__:run:181 - 🎯 Found 1 opportunities!
2026-04-08 06:23:46.863 | WARNING  | __main__:safety_check:119 - 🔒 TEST MODE ENABLED - No real trades will execute
2026-04-08 06:23:56.877 | INFO     | __main__:scan_all_opportunities:97 - 🔍 Scanning for opportunities...
2026-04-08 06:23:56.878 | INFO     | __main__:scan_all_opportunities:111 - 📊 Test opportunity: 0.84%
2026-04-08 06:23:56.879 | SUCCESS  | __main__:run:181 - 🎯 Found 1 opportunities!
2026-04-08 06:23:56.880 | WARNING  | __main__:safety_check:119 - 🔒 TEST MODE ENABLED - No real trades will execute
2026-04-08 06:24:06.885 | INFO     | __main__:scan_all_opportunities:97 - 🔍 Scanning for opportunities...
2026-04-08 06:24:06.887 | INFO     | __main__:scan_all_opportunities:111 - 📊 Test opportunity: 0.77%
2026-04-08 06:24:06.888 | SUCCESS  | __main__:run:181 - 🎯 Found 1 opportunities!
2026-04-08 06:24:06.889 | WARNING  | __main__:safety_check:119 - 🔒 TEST MODE ENABLED - No real trades will execute
2026-04-08 06:24:16.899 | INFO     | __main__:scan_all_opportunities:97 - 🔍 Scanning for opportunities...
2026-04-08 06:24:16.948 | INFO     | __main__:scan_all_opportunities:111 - 📊 Test opportunity: 1.33%
2026-04-08 06:24:16.962 | SUCCESS  | __main__:run:181 - 🎯 Found 1 opportunities!
2026-04-08 06:24:16.969 | WARNING  | __main__:safety_check:119 - 🔒 TEST MODE ENABLED - No real trades will execute
2026-04-08 06:24:26.979 | INFO     | __main__:scan_all_opportunities:97 - 🔍 Scanning for opportunities...
2026-04-08 06:24:36.983 | INFO     | __main__:scan_all_opportunities:97 - 🔍 Scanning for opportunities...
2026-04-08 06:24:36.996 | INFO     | __main__:scan_all_opportunities:111 - 📊 Test opportunity: 1.00%
2026-04-08 06:24:36.998 | SUCCESS  | __main__:run:181 - 🎯 Found 1 opportunities!
2026-04-08 06:24:37.000 | WARNING  | __main__:safety_check:119 - 🔒 TEST MODE ENABLED - No real trades will execute
2026-04-08 06:24:47.056 | INFO     | __main__:scan_all_opportunities:97 - 🔍 Scanning for opportunities...
2026-04-08 06:24:57.065 | INFO     | __main__:scan_all_opportunities:97 - 🔍 Scanning for opportunities...
2026-04-08 06:24:57.066 | INFO     | __main__:scan_all_opportunities:111 - 📊 Test opportunity: 0.91%
2026-04-08 06:24:57.067 | SUCCESS  | __main__:run:181 - 🎯 Found 1 opportunities!
2026-04-08 06:24:57.068 | WARNING  | __main__:safety_check:119 - 🔒 TEST MODE ENABLED - No real trades will execute
2026-04-08 06:25:07.076 | INFO     | __main__:scan_all_opportunities:97 - 🔍 Scanning for opportunities...
2026-04-08 06:25:07.078 | INFO     | __main__:scan_all_opportunities:111 - 📊 Test opportunity: 0.96%
2026-04-08 06:25:07.079 | SUCCESS  | __main__:run:181 - 🎯 Found 1 opportunities!
2026-04-08 06:25:07.081 | WARNING  | __main__:safety_check:119 - 🔒 TEST MODE ENABLED - No real trades will execute
2026-04-08 06:25:17.085 | INFO     | __main__:scan_all_opportunities:97 - 🔍 Scanning for opportunities...
2026-04-08 06:25:17.088 | INFO     | __main__:scan_all_opportunities:111 - 📊 Test opportunity: 0.54%
2026-04-08 06:25:17.089 | SUCCESS  | __main__:run:181 - 🎯 Found 1 opportunities!
2026-04-08 06:25:17.090 | WARNING  | __main__:safety_check:119 - 🔒 TEST MODE ENABLED - No real trades will execute
2026-04-08 06:25:27.101 | INFO     | __main__:scan_all_opportunities:97 - 🔍 Scanning for opportunities...
2026-04-08 06:25:27.102 | INFO     | __main__:scan_all_opportunities:111 - 📊 Test opportunity: 0.60%
2026-04-08 06:25:27.103 | SUCCESS  | __main__:run:181 - 🎯 Found 1 opportunities!
2026-04-08 06:25:27.104 | WARNING  | __main__:safety_check:119 - 🔒 TEST MODE ENABLED - No real trades will execute
2026-04-08 06:25:37.107 | INFO     | __main__:scan_all_opportunities:97 - 🔍 Scanning for opportunities...
2026-04-08 06:25:37.110 | INFO     | __main__:scan_all_opportunities:111 - 📊 Test opportunity: 1.14%
2026-04-08 06:25:37.111 | SUCCESS  | __main__:run:181 - 🎯 Found 1 opportunities!
2026-04-08 06:25:37.112 | WARNING  | __main__:safety_check:119 - 🔒 TEST MODE ENABLED - No real trades will execute
2026-04-08 06:25:47.190 | INFO     | __main__:scan_all_opportunities:97 - 🔍 Scanning for opportunities...
2026-04-08 06:25:47.294 | INFO     | __main__:scan_all_opportunities:111 - 📊 Test opportunity: 1.30%
2026-04-08 06:25:47.315 | SUCCESS  | __main__:run:181 - 🎯 Found 1 opportunities!
2026-04-08 06:25:47.318 | WARNING  | __main__:safety_check:119 - 🔒 TEST MODE ENABLED - No real trades will execute
2026-04-08 06:25:57.334 | INFO     | __main__:scan_all_opportunities:97 - 🔍 Scanning for opportunities...
2026-04-08 06:25:57.336 | INFO     | __main__:scan_all_opportunities:111 - 📊 Test opportunity: 1.00%
2026-04-08 06:25:57.338 | SUCCESS  | __main__:run:181 - 🎯 Found 1 opportunities!
2026-04-08 06:25:57.341 | WARNING  | __main__:safety_check:119 - 🔒 TEST MODE ENABLED - No real trades will execute
2026-04-08 06:26:07.360 | INFO     | __main__:scan_all_opportunities:97 - 🔍 Scanning for opportunities...
2026-04-08 06:26:07.370 | INFO     | __main__:scan_all_opportunities:111 - 📊 Test opportunity: 1.28%
2026-04-08 06:26:07.371 | SUCCESS  | __main__:run:181 - 🎯 Found 1 opportunities!
2026-04-08 06:26:07.372 | WARNING  | __main__:safety_check:119 - 🔒 TEST MODE ENABLED - No real trades will execute
2026-04-08 06:26:17.381 | INFO     | __main__:scan_all_opportunities:97 - 🔍 Scanning for opportunities...
2026-04-08 06:26:17.383 | INFO     | __main__:scan_all_opportunities:111 - 📊 Test opportunity: 1.49%
2026-04-08 06:26:17.384 | SUCCESS  | __main__:run:181 - 🎯 Found 1 opportunities!
2026-04-08 06:26:17.385 | WARNING  | __main__:safety_check:119 - 🔒 TEST MODE ENABLED - No real trades will execute
2026-04-08 06:26:27.392 | INFO     | __main__:scan_all_opportunities:97 - 🔍 Scanning for opportunities...
2026-04-08 06:26:37.398 | INFO     | __main__:scan_all_opportunities:97 - 🔍 Scanning for opportunities...
2026-04-08 06:26:37.400 | INFO     | __main__:scan_all_opportunities:111 - 📊 Test opportunity: 0.62%
2026-04-08 06:26:37.401 | SUCCESS  | __main__:run:181 - 🎯 Found 1 opportunities!
2026-04-08 06:26:37.402 | WARNING  | __main__:safety_check:119 - 🔒 TEST MODE ENABLED - No real trades will execute
2026-04-08 06:26:47.405 | INFO     | __main__:scan_all_opportunities:97 - 🔍 Scanning for opportunities...
2026-04-08 06:26:47.407 | INFO     | __main__:scan_all_opportunities:111 - 📊 Test opportunity: 0.64%
2026-04-08 06:26:47.408 | SUCCESS  | __main__:run:181 - 🎯 Found 1 opportunities!
2026-04-08 06:26:47.409 | WARNING  | __main__:safety_check:119 - 🔒 TEST MODE ENABLED - No real trades will execute
2026-04-08 06:26:57.411 | INFO     | __main__:scan_all_opportunities:97 - 🔍 Scanning for opportunities...
2026-04-08 06:26:57.412 | INFO     | __main__:scan_all_opportunities:111 - 📊 Test opportunity: 0.70%
2026-04-08 06:26:57.413 | SUCCESS  | __main__:run:181 - 🎯 Found 1 opportunities!
2026-04-08 06:26:57.415 | WARNING  | __main__:safety_check:119 - 🔒 TEST MODE ENABLED - No real trades will execute
2026-04-08 06:27:07.417 | INFO     | __main__:scan_all_opportunities:97 - 🔍 Scanning for opportunities...
2026-04-08 06:27:07.418 | INFO     | __main__:scan_all_opportunities:111 - 📊 Test opportunity: 1.49%
2026-04-08 06:27:07.419 | SUCCESS  | __main__:run:181 - 🎯 Found 1 opportunities!
2026-04-08 06:27:07.420 | WARNING  | __main__:safety_check:119 - 🔒 TEST MODE ENABLED - No real trades will execute
2026-04-08 06:27:17.425 | INFO     | __main__:scan_all_opportunities:97 - 🔍 Scanning for opportunities...
2026-04-08 06:27:17.428 | INFO     | __main__:scan_all_opportunities:111 - 📊 Test opportunity: 0.94%
2026-04-08 06:27:17.429 | SUCCESS  | __main__:run:181 - 🎯 Found 1 opportunities!
2026-04-08 06:27:17.430 | WARNING  | __main__:safety_check:119 - 🔒 TEST MODE ENABLED - No real trades will execute
2026-04-08 06:27:27.432 | INFO     | __main__:scan_all_opportunities:97 - 🔍 Scanning for opportunities...
2026-04-08 06:27:27.433 | INFO     | __main__:scan_all_opportunities:111 - 📊 Test opportunity: 0.79%
2026-04-08 06:27:27.434 | SUCCESS  | __main__:run:181 - 🎯 Found 1 opportunities!
2026-04-08 06:27:27.435 | WARNING  | __main__:safety_check:119 - 🔒 TEST MODE ENABLED - No real trades will execute
2026-04-08 06:27:37.447 | INFO     | __main__:scan_all_opportunities:97 - 🔍 Scanning for opportunities...
2026-04-08 06:27:37.448 | INFO     | __main__:scan_all_opportunities:111 - 📊 Test opportunity: 1.49%
2026-04-08 06:27:37.449 | SUCCESS  | __main__:run:181 - 🎯 Found 1 opportunities!
2026-04-08 06:27:37.450 | WARNING  | __main__:safety_check:119 - 🔒 TEST MODE ENABLED - No real trades will execute
2026-04-08 06:27:47.461 | INFO     | __main__:scan_all_opportunities:97 - 🔍 Scanning for opportunities...
2026-04-08 06:27:47.462 | INFO     | __main__:scan_all_opportunities:111 - 📊 Test opportunity: 1.37%
2026-04-08 06:27:47.463 | SUCCESS  | __main__:run:181 - 🎯 Found 1 opportunities!
2026-04-08 06:27:47.465 | WARNING  | __main__:safety_check:119 - 🔒 TEST MODE ENABLED - No real trades will execute
2026-04-08 06:27:57.480 | INFO     | __main__:scan_all_opportunities:97 - 🔍 Scanning for opportunities...
2026-04-08 06:27:57.482 | INFO     | __main__:scan_all_opportunities:111 - 📊 Test opportunity: 1.05%
2026-04-08 06:27:57.483 | SUCCESS  | __main__:run:181 - 🎯 Found 1 opportunities!
2026-04-08 06:27:57.484 | WARNING  | __main__:safety_check:119 - 🔒 TEST MODE ENABLED - No real trades will execute
2026-04-08 06:28:07.505 | INFO     | __main__:scan_all_opportunities:97 - 🔍 Scanning for opportunities...
2026-04-08 06:28:07.506 | INFO     | __main__:scan_all_opportunities:111 - 📊 Test opportunity: 0.69%
2026-04-08 06:28:07.507 | SUCCESS  | __main__:run:181 - 🎯 Found 1 opportunities!
2026-04-08 06:28:07.508 | WARNING  | __main__:safety_check:119 - 🔒 TEST MODE ENABLED - No real trades will execute
2026-04-08 06:28:17.511 | INFO     | __main__:scan_all_opportunities:97 - 🔍 Scanning for opportunities...
2026-04-08 06:28:17.512 | INFO     | __main__:scan_all_opportunities:111 - 📊 Test opportunity: 0.82%
2026-04-08 06:28:17.513 | SUCCESS  | __main__:run:181 - 🎯 Found 1 opportunities!
2026-04-08 06:28:17.514 | WARNING  | __main__:safety_check:119 - 🔒 TEST MODE ENABLED - No real trades will execute
2026-04-08 06:28:27.519 | INFO     | __main__:scan_all_opportunities:97 - 🔍 Scanning for opportunities...
2026-04-08 06:28:27.520 | INFO     | __main__:scan_all_opportunities:111 - 📊 Test opportunity: 0.59%
2026-04-08 06:28:27.521 | SUCCESS  | __main__:run:181 - 🎯 Found 1 opportunities!
2026-04-08 06:28:27.522 | WARNING  | __main__:safety_check:119 - 🔒 TEST MODE ENABLED - No real trades will execute
2026-04-08 06:28:37.529 | INFO     | __main__:scan_all_opportunities:97 - 🔍 Scanning for opportunities...
2026-04-08 06:28:47.535 | INFO     | __main__:scan_all_opportunities:97 - 🔍 Scanning for opportunities...
2026-04-08 06:28:47.537 | INFO     | __main__:scan_all_opportunities:111 - 📊 Test opportunity: 0.82%
2026-04-08 06:28:47.538 | SUCCESS  | __main__:run:181 - 🎯 Found 1 opportunities!
2026-04-08 06:28:47.539 | WARNING  | __main__:safety_check:119 - 🔒 TEST MODE ENABLED - No real trades will execute
2026-04-08 06:28:57.545 | INFO     | __main__:scan_all_opportunities:97 - 🔍 Scanning for opportunities...
2026-04-08 06:28:57.546 | INFO     | __main__:scan_all_opportunities:111 - 📊 Test opportunity: 0.96%
2026-04-08 06:28:57.546 | SUCCESS  | __main__:run:181 - 🎯 Found 1 opportunities!
2026-04-08 06:28:57.547 | WARNING  | __main__:safety_check:119 - 🔒 TEST MODE ENABLED - No real trades will execute
2026-04-08 06:29:07.562 | INFO     | __main__:scan_all_opportunities:97 - 🔍 Scanning for opportunities...
2026-04-08 06:29:07.564 | INFO     | __main__:scan_all_opportunities:111 - 📊 Test opportunity: 0.73%
2026-04-08 06:29:07.564 | SUCCESS  | __main__:run:181 - 🎯 Found 1 opportunities!
2026-04-08 06:29:07.565 | WARNING  | __main__:safety_check:119 - 🔒 TEST MODE ENABLED - No real trades will execute
2026-04-08 06:29:17.571 | INFO     | __main__:scan_all_opportunities:97 - 🔍 Scanning for opportunities...
2026-04-08 06:29:27.579 | INFO     | __main__:scan_all_opportunities:97 - 🔍 Scanning for opportunities...
2026-04-08 06:29:37.586 | INFO     | __main__:scan_all_opportunities:97 - 🔍 Scanning for opportunities...
2026-04-08 06:29:37.588 | INFO     | __main__:scan_all_opportunities:111 - 📊 Test opportunity: 1.29%
2026-04-08 06:29:37.589 | SUCCESS  | __main__:run:181 - 🎯 Found 1 opportunities!
2026-04-08 06:29:37.590 | WARNING  | __main__:safety_check:119 - 🔒 TEST MODE ENABLED - No real trades will execute
2026-04-08 06:29:47.599 | INFO     | __main__:scan_all_opportunities:97 - 🔍 Scanning for opportunities...
2026-04-08 06:29:57.601 | INFO     | __main__:scan_all_opportunities:97 - 🔍 Scanning for opportunities...
2026-04-08 06:29:57.602 | INFO     | __main__:scan_all_opportunities:111 - 📊 Test opportunity: 1.40%
2026-04-08 06:29:57.604 | SUCCESS  | __main__:run:181 - 🎯 Found 1 opportunities!
2026-04-08 06:29:57.605 | WARNING  | __main__:safety_check:119 - 🔒 TEST MODE ENABLED - No real trades will execute
2026-04-08 06:30:07.622 | INFO     | __main__:scan_all_opportunities:97 - 🔍 Scanning for opportunities...
2026-04-08 06:30:07.623 | INFO     | __main__:scan_all_opportunities:111 - 📊 Test opportunity: 1.42%
2026-04-08 06:30:07.624 | SUCCESS  | __main__:run:181 - 🎯 Found 1 opportunities!
2026-04-08 06:30:07.625 | WARNING  | __main__:safety_check:119 - 🔒 TEST MODE ENABLED - No real trades will execute
2026-04-08 06:30:17.629 | INFO     | __main__:scan_all_opportunities:97 - 🔍 Scanning for opportunities...
2026-04-08 06:30:17.630 | INFO     | __main__:scan_all_opportunities:111 - 📊 Test opportunity: 0.95%
2026-04-08 06:30:17.631 | SUCCESS  | __main__:run:181 - 🎯 Found 1 opportunities!
2026-04-08 06:30:17.631 | WARNING  | __main__:safety_check:119 - 🔒 TEST MODE ENABLED - No real trades will execute
2026-04-08 06:30:27.643 | INFO     | __main__:scan_all_opportunities:97 - 🔍 Scanning for opportunities...
2026-04-08 06:30:27.645 | INFO     | __main__:scan_all_opportunities:111 - 📊 Test opportunity: 0.56%
2026-04-08 06:30:27.646 | SUCCESS  | __main__:run:181 - 🎯 Found 1 opportunities!
2026-04-08 06:30:27.647 | WARNING  | __main__:safety_check:119 - 🔒 TEST MODE ENABLED - No real trades will execute
2026-04-08 06:30:37.650 | INFO     | __main__:scan_all_opportunities:97 - 🔍 Scanning for opportunities...
2026-04-08 06:30:37.651 | INFO     | __main__:scan_all_opportunities:111 - 📊 Test opportunity: 0.59%
2026-04-08 06:30:37.652 | SUCCESS  | __main__:run:181 - 🎯 Found 1 opportunities!
2026-04-08 06:30:37.653 | WARNING  | __main__:safety_check:119 - 🔒 TEST MODE ENABLED - No real trades will execute
2026-04-08 06:30:47.664 | INFO     | __main__:scan_all_opportunities:97 - 🔍 Scanning for opportunities...
2026-04-08 06:30:57.976 | INFO     | __main__:scan_all_opportunities:97 - 🔍 Scanning for opportunities...
2026-04-08 06:30:58.324 | INFO     | __main__:scan_all_opportunities:111 - 📊 Test opportunity: 0.98%
2026-04-08 06:30:58.568 | SUCCESS  | __main__:run:181 - 🎯 Found 1 opportunities!
2026-04-08 06:30:58.852 | WARNING  | __main__:safety_check:119 - 🔒 TEST MODE ENABLED - No real trades will execute
2026-04-08 06:31:09.345 | INFO     | __main__:scan_all_opportunities:97 - 🔍 Scanning for opportunities...
2026-04-08 06:31:09.351 | INFO     | __main__:scan_all_opportunities:111 - 📊 Test opportunity: 1.25%
2026-04-08 06:31:09.354 | SUCCESS  | __main__:run:181 - 🎯 Found 1 opportunities!
2026-04-08 06:31:09.357 | WARNING  | __main__:safety_check:119 - 🔒 TEST MODE ENABLED - No real trades will execute
2026-04-08 06:31:19.379 | INFO     | __main__:scan_all_opportunities:97 - 🔍 Scanning for opportunities...
2026-04-08 06:31:19.383 | INFO     | __main__:scan_all_opportunities:111 - 📊 Test opportunity: 1.10%
2026-04-08 06:31:19.386 | SUCCESS  | __main__:run:181 - 🎯 Found 1 opportunities!
2026-04-08 06:31:19.389 | WARNING  | __main__:safety_check:119 - 🔒 TEST MODE ENABLED - No real trades will execute
2026-04-08 06:31:29.418 | INFO     | __main__:scan_all_opportunities:97 - 🔍 Scanning for opportunities...
2026-04-08 06:31:39.424 | INFO     | __main__:scan_all_opportunities:97 - 🔍 Scanning for opportunities...
2026-04-08 06:31:39.427 | INFO     | __main__:scan_all_opportunities:111 - 📊 Test opportunity: 0.58%
2026-04-08 06:31:39.430 | SUCCESS  | __main__:run:181 - 🎯 Found 1 opportunities!
2026-04-08 06:31:39.433 | WARNING  | __main__:safety_check:119 - 🔒 TEST MODE ENABLED - No real trades will execute
2026-04-08 06:31:49.448 | INFO     | __main__:scan_all_opportunities:97 - 🔍 Scanning for opportunities...
2026-04-08 06:31:49.451 | INFO     | __main__:scan_all_opportunities:111 - 📊 Test opportunity: 1.02%
2026-04-08 06:31:49.454 | SUCCESS  | __main__:run:181 - 🎯 Found 1 opportunities!
2026-04-08 06:31:49.456 | WARNING  | __main__:safety_check:119 - 🔒 TEST MODE ENABLED - No real trades will execute
2026-04-08 06:31:59.461 | INFO     | __main__:scan_all_opportunities:97 - 🔍 Scanning for opportunities...
2026-04-08 06:31:59.464 | INFO     | __main__:scan_all_opportunities:111 - 📊 Test opportunity: 1.46%
2026-04-08 06:31:59.466 | SUCCESS  | __main__:run:181 - 🎯 Found 1 opportunities!
2026-04-08 06:31:59.469 | WARNING  | __main__:safety_check:119 - 🔒 TEST MODE ENABLED - No real trades will execute
2026-04-08 06:32:09.480 | INFO     | __main__:scan_all_opportunities:97 - 🔍 Scanning for opportunities...
2026-04-08 06:32:09.483 | INFO     | __main__:scan_all_opportunities:111 - 📊 Test opportunity: 0.55%
2026-04-08 06:32:09.486 | SUCCESS  | __main__:run:181 - 🎯 Found 1 opportunities!
2026-04-08 06:32:09.488 | WARNING  | __main__:safety_check:119 - 🔒 TEST MODE ENABLED - No real trades will execute
2026-04-08 06:32:19.507 | INFO     | __main__:scan_all_opportunities:97 - 🔍 Scanning for opportunities...
2026-04-08 06:32:19.510 | INFO     | __main__:scan_all_opportunities:111 - 📊 Test opportunity: 0.78%
2026-04-08 06:32:19.512 | SUCCESS  | __main__:run:181 - 🎯 Found 1 opportunities!
2026-04-08 06:32:19.514 | WARNING  | __main__:safety_check:119 - 🔒 TEST MODE ENABLED - No real trades will execute
2026-04-08 06:32:29.525 | INFO     | __main__:scan_all_opportunities:97 - 🔍 Scanning for opportunities...
2026-04-08 06:32:29.528 | INFO     | __main__:scan_all_opportunities:111 - 📊 Test opportunity: 1.41%
2026-04-08 06:32:29.531 | SUCCESS  | __main__:run:181 - 🎯 Found 1 opportunities!
2026-04-08 06:32:29.533 | WARNING  | __main__:safety_check:119 - 🔒 TEST MODE ENABLED - No real trades will execute
2026-04-08 06:32:39.546 | INFO     | __main__:scan_all_opportunities:97 - 🔍 Scanning for opportunities...
2026-04-08 06:32:39.549 | INFO     | __main__:scan_all_opportunities:111 - 📊 Test opportunity: 0.64%
2026-04-08 06:32:39.552 | SUCCESS  | __main__:run:181 - 🎯 Found 1 opportunities!
2026-04-08 06:32:39.555 | WARNING  | __main__:safety_check:119 - 🔒 TEST MODE ENABLED - No real trades will execute
2026-04-08 06:32:49.574 | INFO     | __main__:scan_all_opportunities:97 - 🔍 Scanning for opportunities...
2026-04-08 06:32:49.577 | INFO     | __main__:scan_all_opportunities:111 - 📊 Test opportunity: 1.42%
2026-04-08 06:32:49.579 | SUCCESS  | __main__:run:181 - 🎯 Found 1 opportunities!
2026-04-08 06:32:49.581 | WARNING  | __main__:safety_check:119 - 🔒 TEST MODE ENABLED - No real trades will execute
2026-04-08 06:32:59.587 | INFO     | __main__:scan_all_opportunities:97 - 🔍 Scanning for opportunities...
2026-04-08 06:33:09.606 | INFO     | __main__:scan_all_opportunities:97 - 🔍 Scanning for opportunities...
2026-04-08 06:33:09.609 | INFO     | __main__:scan_all_opportunities:111 - 📊 Test opportunity: 0.75%
2026-04-08 06:33:09.611 | SUCCESS  | __main__:run:181 - 🎯 Found 1 opportunities!
2026-04-08 06:33:09.613 | WARNING  | __main__:safety_check:119 - 🔒 TEST MODE ENABLED - No real trades will execute
2026-04-08 06:33:19.619 | INFO     | __main__:scan_all_opportunities:97 - 🔍 Scanning for opportunities...
2026-04-08 06:33:19.622 | INFO     | __main__:scan_all_opportunities:111 - 📊 Test opportunity: 1.32%
2026-04-08 06:33:19.625 | SUCCESS  | __main__:run:181 - 🎯 Found 1 opportunities!
2026-04-08 06:33:19.628 | WARNING  | __main__:safety_check:119 - 🔒 TEST MODE ENABLED - No real trades will execute
2026-04-08 06:33:29.641 | INFO     | __main__:scan_all_opportunities:97 - 🔍 Scanning for opportunities...
2026-04-08 06:33:29.644 | INFO     | __main__:scan_all_opportunities:111 - 📊 Test opportunity: 0.88%
2026-04-08 06:33:29.646 | SUCCESS  | __main__:run:181 - 🎯 Found 1 opportunities!
2026-04-08 06:33:29.648 | WARNING  | __main__:safety_check:119 - 🔒 TEST MODE ENABLED - No real trades will execute
2026-04-08 06:33:39.661 | INFO     | __main__:scan_all_opportunities:97 - 🔍 Scanning for opportunities...
2026-04-08 06:33:49.672 | INFO     | __main__:scan_all_opportunities:97 - 🔍 Scanning for opportunities...
2026-04-08 06:33:49.675 | INFO     | __main__:scan_all_opportunities:111 - 📊 Test opportunity: 1.34%
2026-04-08 06:33:49.678 | SUCCESS  | __main__:run:181 - 🎯 Found 1 opportunities!
2026-04-08 06:33:49.681 | WARNING  | __main__:safety_check:119 - 🔒 TEST MODE ENABLED - No real trades will execute
2026-04-08 06:33:59.686 | INFO     | __main__:scan_all_opportunities:97 - 🔍 Scanning for opportunities...
2026-04-08 06:33:59.690 | INFO     | __main__:scan_all_opportunities:111 - 📊 Test opportunity: 1.09%
2026-04-08 06:33:59.692 | SUCCESS  | __main__:run:181 - 🎯 Found 1 opportunities!
2026-04-08 06:33:59.695 | WARNING  | __main__:safety_check:119 - 🔒 TEST MODE ENABLED - No real trades will execute
2026-04-08 06:34:09.709 | INFO     | __main__:scan_all_opportunities:97 - 🔍 Scanning for opportunities...
2026-04-08 06:34:09.712 | INFO     | __main__:scan_all_opportunities:111 - 📊 Test opportunity: 0.71%
2026-04-08 06:34:09.715 | SUCCESS  | __main__:run:181 - 🎯 Found 1 opportunities!
2026-04-08 06:34:09.718 | WARNING  | __main__:safety_check:119 - 🔒 TEST MODE ENABLED - No real trades will execute
2026-04-08 06:34:19.737 | INFO     | __main__:scan_all_opportunities:97 - 🔍 Scanning for opportunities...
2026-04-08 06:34:19.742 | INFO     | __main__:scan_all_opportunities:111 - 📊 Test opportunity: 1.12%
2026-04-08 06:34:19.747 | SUCCESS  | __main__:run:181 - 🎯 Found 1 opportunities!
2026-04-08 06:34:19.750 | WARNING  | __main__:safety_check:119 - 🔒 TEST MODE ENABLED - No real trades will execute
2026-04-08 06:34:29.767 | INFO     | __main__:scan_all_opportunities:97 - 🔍 Scanning for opportunities...
2026-04-08 06:34:29.770 | INFO     | __main__:scan_all_opportunities:111 - 📊 Test opportunity: 1.31%
2026-04-08 06:34:29.773 | SUCCESS  | __main__:run:181 - 🎯 Found 1 opportunities!
2026-04-08 06:34:29.775 | WARNING  | __main__:safety_check:119 - 🔒 TEST MODE ENABLED - No real trades will execute
2026-04-08 06:34:39.784 | INFO     | __main__:scan_all_opportunities:97 - 🔍 Scanning for opportunities...
2026-04-08 06:34:39.787 | INFO     | __main__:scan_all_opportunities:111 - 📊 Test opportunity: 0.62%
2026-04-08 06:34:39.790 | SUCCESS  | __main__:run:181 - 🎯 Found 1 opportunities!
2026-04-08 06:34:39.793 | WARNING  | __main__:safety_check:119 - 🔒 TEST MODE ENABLED - No real trades will execute
2026-04-08 06:34:49.824 | INFO     | __main__:scan_all_opportunities:97 - 🔍 Scanning for opportunities...
2026-04-08 06:34:49.828 | INFO     | __main__:scan_all_opportunities:111 - 📊 Test opportunity: 0.75%
2026-04-08 06:34:49.833 | SUCCESS  | __main__:run:181 - 🎯 Found 1 opportunities!
2026-04-08 06:34:49.835 | WARNING  | __main__:safety_check:119 - 🔒 TEST MODE ENABLED - No real trades will execute
2026-04-08 06:34:59.850 | INFO     | __main__:scan_all_opportunities:97 - 🔍 Scanning for opportunities...
2026-04-08 06:34:59.853 | INFO     | __main__:scan_all_opportunities:111 - 📊 Test opportunity: 0.75%
2026-04-08 06:34:59.856 | SUCCESS  | __main__:run:181 - 🎯 Found 1 opportunities!
2026-04-08 06:34:59.858 | WARNING  | __main__:safety_check:119 - 🔒 TEST MODE ENABLED - No real trades will execute
2026-04-08 06:35:09.864 | INFO     | __main__:scan_all_opportunities:97 - 🔍 Scanning for opportunities...
2026-04-08 06:35:09.875 | INFO     | __main__:scan_all_opportunities:111 - 📊 Test opportunity: 1.10%
2026-04-08 06:35:09.881 | SUCCESS  | __main__:run:181 - 🎯 Found 1 opportunities!
2026-04-08 06:35:09.895 | WARNING  | __main__:safety_check:119 - 🔒 TEST MODE ENABLED - No real trades will execute
2026-04-08 06:35:19.910 | INFO     | __main__:scan_all_opportunities:97 - 🔍 Scanning for opportunities...
2026-04-08 06:35:19.914 | INFO     | __main__:scan_all_opportunities:111 - 📊 Test opportunity: 1.12%
2026-04-08 06:35:19.917 | SUCCESS  | __main__:run:181 - 🎯 Found 1 opportunities!
2026-04-08 06:35:19.920 | WARNING  | __main__:safety_check:119 - 🔒 TEST MODE ENABLED - No real trades will execute
2026-04-08 06:35:29.926 | INFO     | __main__:scan_all_opportunities:97 - 🔍 Scanning for opportunities...
2026-04-08 06:35:29.929 | INFO     | __main__:scan_all_opportunities:111 - 📊 Test opportunity: 0.87%
2026-04-08 06:35:29.932 | SUCCESS  | __main__:run:181 - 🎯 Found 1 opportunities!
2026-04-08 06:35:29.934 | WARNING  | __main__:safety_check:119 - 🔒 TEST MODE ENABLED - No real trades will execute
2026-04-08 06:35:39.948 | INFO     | __main__:scan_all_opportunities:97 - 🔍 Scanning for opportunities...
2026-04-08 06:35:39.951 | INFO     | __main__:scan_all_opportunities:111 - 📊 Test opportunity: 1.18%
2026-04-08 06:35:39.954 | SUCCESS  | __main__:run:181 - 🎯 Found 1 opportunities!
2026-04-08 06:35:39.956 | WARNING  | __main__:safety_check:119 - 🔒 TEST MODE ENABLED - No real trades will execute
2026-04-08 06:35:49.961 | INFO     | __main__:scan_all_opportunities:97 - 🔍 Scanning for opportunities...
2026-04-08 06:35:49.964 | INFO     | __main__:scan_all_opportunities:111 - 📊 Test opportunity: 0.51%
2026-04-08 06:35:49.967 | SUCCESS  | __main__:run:181 - 🎯 Found 1 opportunities!
2026-04-08 06:35:49.970 | WARNING  | __main__:safety_check:119 - 🔒 TEST MODE ENABLED - No real trades will execute
2026-04-08 06:35:59.987 | INFO     | __main__:scan_all_opportunities:97 - 🔍 Scanning for opportunities...
2026-04-08 06:35:59.990 | INFO     | __main__:scan_all_opportunities:111 - 📊 Test opportunity: 1.10%
2026-04-08 06:35:59.993 | SUCCESS  | __main__:run:181 - 🎯 Found 1 opportunities!
2026-04-08 06:35:59.995 | WARNING  | __main__:safety_check:119 - 🔒 TEST MODE ENABLED - No real trades will execute
2026-04-08 06:36:10.011 | INFO     | __main__:scan_all_opportunities:97 - 🔍 Scanning for opportunities...
2026-04-08 06:36:10.015 | INFO     | __main__:scan_all_opportunities:111 - 📊 Test opportunity: 0.82%
2026-04-08 06:36:10.017 | SUCCESS  | __main__:run:181 - 🎯 Found 1 opportunities!
2026-04-08 06:36:10.020 | WARNING  | __main__:safety_check:119 - 🔒 TEST MODE ENABLED - No real trades will execute
2026-04-08 06:36:20.029 | INFO     | __main__:scan_all_opportunities:97 - 🔍 Scanning for opportunities...
2026-04-08 06:36:20.042 | INFO     | __main__:scan_all_opportunities:111 - 📊 Test opportunity: 1.14%
2026-04-08 06:36:20.053 | SUCCESS  | __main__:run:181 - 🎯 Found 1 opportunities!
2026-04-08 06:36:20.060 | WARNING  | __main__:safety_check:119 - 🔒 TEST MODE ENABLED - No real trades will execute
2026-04-08 06:36:30.098 | INFO     | __main__:scan_all_opportunities:97 - 🔍 Scanning for opportunities...
2026-04-08 06:36:30.101 | INFO     | __main__:scan_all_opportunities:111 - 📊 Test opportunity: 0.87%
2026-04-08 06:36:30.106 | SUCCESS  | __main__:run:181 - 🎯 Found 1 opportunities!
2026-04-08 06:36:30.110 | WARNING  | __main__:safety_check:119 - 🔒 TEST MODE ENABLED - No real trades will execute
2026-04-08 06:36:40.116 | INFO     | __main__:scan_all_opportunities:97 - 🔍 Scanning for opportunities...
2026-04-08 06:36:40.120 | INFO     | __main__:scan_all_opportunities:111 - 📊 Test opportunity: 1.28%
2026-04-08 06:36:40.123 | SUCCESS  | __main__:run:181 - 🎯 Found 1 opportunities!
2026-04-08 06:36:40.125 | WARNING  | __main__:safety_check:119 - 🔒 TEST MODE ENABLED - No real trades will execute
2026-04-08 06:36:50.142 | INFO     | __main__:scan_all_opportunities:97 - 🔍 Scanning for opportunities...
2026-04-08 06:36:50.146 | INFO     | __main__:scan_all_opportunities:111 - 📊 Test opportunity: 0.69%
2026-04-08 06:36:50.149 | SUCCESS  | __main__:run:181 - 🎯 Found 1 opportunities!
2026-04-08 06:36:50.152 | WARNING  | __main__:safety_check:119 - 🔒 TEST MODE ENABLED - No real trades will execute
2026-04-08 06:37:00.167 | INFO     | __main__:scan_all_opportunities:97 - 🔍 Scanning for opportunities...
2026-04-08 06:37:00.178 | INFO     | __main__:scan_all_opportunities:111 - 📊 Test opportunity: 1.00%
2026-04-08 06:37:00.187 | SUCCESS  | __main__:run:181 - 🎯 Found 1 opportunities!
2026-04-08 06:37:00.194 | WARNING  | __main__:safety_check:119 - 🔒 TEST MODE ENABLED - No real trades will execute
2026-04-08 06:37:10.215 | INFO     | __main__:scan_all_opportunities:97 - 🔍 Scanning for opportunities...
2026-04-08 06:37:10.218 | INFO     | __main__:scan_all_opportunities:111 - 📊 Test opportunity: 1.13%
2026-04-08 06:37:10.221 | SUCCESS  | __main__:run:181 - 🎯 Found 1 opportunities!
2026-04-08 06:37:10.224 | WARNING  | __main__:safety_check:119 - 🔒 TEST MODE ENABLED - No real trades will execute
2026-04-08 06:37:20.231 | INFO     | __main__:scan_all_opportunities:97 - 🔍 Scanning for opportunities...
2026-04-08 06:37:30.240 | INFO     | __main__:scan_all_opportunities:97 - 🔍 Scanning for opportunities...
2026-04-08 06:37:30.244 | INFO     | __main__:scan_all_opportunities:111 - 📊 Test opportunity: 0.58%
2026-04-08 06:37:30.247 | SUCCESS  | __main__:run:181 - 🎯 Found 1 opportunities!
2026-04-08 06:37:30.250 | WARNING  | __main__:safety_check:119 - 🔒 TEST MODE ENABLED - No real trades will execute
2026-04-08 06:37:40.267 | INFO     | __main__:scan_all_opportunities:97 - 🔍 Scanning for opportunities...
2026-04-08 06:37:40.275 | INFO     | __main__:scan_all_opportunities:111 - 📊 Test opportunity: 1.01%
2026-04-08 06:37:40.282 | SUCCESS  | __main__:run:181 - 🎯 Found 1 opportunities!
2026-04-08 06:37:40.308 | WARNING  | __main__:safety_check:119 - 🔒 TEST MODE ENABLED - No real trades will execute
2026-04-08 06:37:50.330 | INFO     | __main__:scan_all_opportunities:97 - 🔍 Scanning for opportunities...
2026-04-08 06:37:50.335 | INFO     | __main__:scan_all_opportunities:111 - 📊 Test opportunity: 1.10%
2026-04-08 06:37:50.337 | SUCCESS  | __main__:run:181 - 🎯 Found 1 opportunities!
2026-04-08 06:37:50.340 | WARNING  | __main__:safety_check:119 - 🔒 TEST MODE ENABLED - No real trades will execute
2026-04-08 06:38:00.345 | INFO     | __main__:scan_all_opportunities:97 - 🔍 Scanning for opportunities...
2026-04-08 06:38:00.348 | INFO     | __main__:scan_all_opportunities:111 - 📊 Test opportunity: 1.31%
2026-04-08 06:38:00.350 | SUCCESS  | __main__:run:181 - 🎯 Found 1 opportunities!
2026-04-08 06:38:00.353 | WARNING  | __main__:safety_check:119 - 🔒 TEST MODE ENABLED - No real trades will execute
2026-04-08 06:38:10.379 | INFO     | __main__:scan_all_opportunities:97 - 🔍 Scanning for opportunities...
2026-04-08 06:38:10.382 | INFO     | __main__:scan_all_opportunities:111 - 📊 Test opportunity: 1.48%
2026-04-08 06:38:10.384 | SUCCESS  | __main__:run:181 - 🎯 Found 1 opportunities!
2026-04-08 06:38:10.386 | WARNING  | __main__:safety_check:119 - 🔒 TEST MODE ENABLED - No real trades will execute
2026-04-08 06:38:20.401 | INFO     | __main__:scan_all_opportunities:97 - 🔍 Scanning for opportunities...
2026-04-08 06:38:20.404 | INFO     | __main__:scan_all_opportunities:111 - 📊 Test opportunity: 1.45%
2026-04-08 06:38:20.406 | SUCCESS  | __main__:run:181 - 🎯 Found 1 opportunities!
2026-04-08 06:38:20.408 | WARNING  | __main__:safety_check:119 - 🔒 TEST MODE ENABLED - No real trades will execute
2026-04-08 06:38:30.414 | INFO     | __main__:scan_all_opportunities:97 - 🔍 Scanning for opportunities...
2026-04-08 06:38:30.418 | INFO     | __main__:scan_all_opportunities:111 - 📊 Test opportunity: 1.02%
2026-04-08 06:38:30.421 | SUCCESS  | __main__:run:181 - 🎯 Found 1 opportunities!
2026-04-08 06:38:30.423 | WARNING  | __main__:safety_check:119 - 🔒 TEST MODE ENABLED - No real trades will execute
2026-04-08 06:38:40.428 | INFO     | __main__:scan_all_opportunities:97 - 🔍 Scanning for opportunities...
2026-04-08 06:38:40.431 | INFO     | __main__:scan_all_opportunities:111 - 📊 Test opportunity: 0.59%
2026-04-08 06:38:40.434 | SUCCESS  | __main__:run:181 - 🎯 Found 1 opportunities!
2026-04-08 06:38:40.437 | WARNING  | __main__:safety_check:119 - 🔒 TEST MODE ENABLED - No real trades will execute
2026-04-08 06:38:50.453 | INFO     | __main__:scan_all_opportunities:97 - 🔍 Scanning for opportunities...
2026-04-08 06:38:50.457 | INFO     | __main__:scan_all_opportunities:111 - 📊 Test opportunity: 0.72%
2026-04-08 06:38:50.459 | SUCCESS  | __main__:run:181 - 🎯 Found 1 opportunities!
2026-04-08 06:38:50.462 | WARNING  | __main__:safety_check:119 - 🔒 TEST MODE ENABLED - No real trades will execute
2026-04-08 06:39:00.473 | INFO     | __main__:scan_all_opportunities:97 - 🔍 Scanning for opportunities...
2026-04-08 06:39:00.477 | INFO     | __main__:scan_all_opportunities:111 - 📊 Test opportunity: 0.93%
2026-04-08 06:39:00.480 | SUCCESS  | __main__:run:181 - 🎯 Found 1 opportunities!
2026-04-08 06:39:00.483 | WARNING  | __main__:safety_check:119 - 🔒 TEST MODE ENABLED - No real trades will execute
2026-04-08 06:39:10.492 | INFO     | __main__:scan_all_opportunities:97 - 🔍 Scanning for opportunities...
2026-04-08 06:39:10.496 | INFO     | __main__:scan_all_opportunities:111 - 📊 Test opportunity: 1.21%
2026-04-08 06:39:10.499 | SUCCESS  | __main__:run:181 - 🎯 Found 1 opportunities!
2026-04-08 06:39:10.502 | WARNING  | __main__:safety_check:119 - 🔒 TEST MODE ENABLED - No real trades will execute
2026-04-08 06:39:20.518 | INFO     | __main__:scan_all_opportunities:97 - 🔍 Scanning for opportunities...
2026-04-08 06:39:20.522 | INFO     | __main__:scan_all_opportunities:111 - 📊 Test opportunity: 1.33%
2026-04-08 06:39:20.525 | SUCCESS  | __main__:run:181 - 🎯 Found 1 opportunities!
2026-04-08 06:39:20.528 | WARNING  | __main__:safety_check:119 - 🔒 TEST MODE ENABLED - No real trades will execute
2026-04-08 06:39:30.537 | INFO     | __main__:scan_all_opportunities:97 - 🔍 Scanning for opportunities...
2026-04-08 06:39:30.541 | INFO     | __main__:scan_all_opportunities:111 - 📊 Test opportunity: 1.17%
2026-04-08 06:39:30.544 | SUCCESS  | __main__:run:181 - 🎯 Found 1 opportunities!
2026-04-08 06:39:30.547 | WARNING  | __main__:safety_check:119 - 🔒 TEST MODE ENABLED - No real trades will execute
2026-04-08 06:39:40.564 | INFO     | __main__:scan_all_opportunities:97 - 🔍 Scanning for opportunities...
2026-04-08 06:39:40.567 | INFO     | __main__:scan_all_opportunities:111 - 📊 Test opportunity: 1.37%
2026-04-08 06:39:40.570 | SUCCESS  | __main__:run:181 - 🎯 Found 1 opportunities!
2026-04-08 06:39:40.573 | WARNING  | __main__:safety_check:119 - 🔒 TEST MODE ENABLED - No real trades will execute
2026-04-08 06:39:50.599 | INFO     | __main__:scan_all_opportunities:97 - 🔍 Scanning for opportunities...
2026-04-08 06:40:00.613 | INFO     | __main__:scan_all_opportunities:97 - 🔍 Scanning for opportunities...
2026-04-08 06:40:00.617 | INFO     | __main__:scan_all_opportunities:111 - 📊 Test opportunity: 0.90%
2026-04-08 06:40:00.620 | SUCCESS  | __main__:run:181 - 🎯 Found 1 opportunities!
2026-04-08 06:40:00.623 | WARNING  | __main__:safety_check:119 - 🔒 TEST MODE ENABLED - No real trades will execute
2026-04-08 06:40:10.632 | INFO     | __main__:scan_all_opportunities:97 - 🔍 Scanning for opportunities...
2026-04-08 06:40:20.648 | INFO     | __main__:scan_all_opportunities:97 - 🔍 Scanning for opportunities...
2026-04-08 06:40:20.652 | INFO     | __main__:scan_all_opportunities:111 - 📊 Test opportunity: 1.03%
2026-04-08 06:40:20.655 | SUCCESS  | __main__:run:181 - 🎯 Found 1 opportunities!
2026-04-08 06:40:20.658 | WARNING  | __main__:safety_check:119 - 🔒 TEST MODE ENABLED - No real trades will execute
2026-04-08 06:40:30.663 | INFO     | __main__:scan_all_opportunities:97 - 🔍 Scanning for opportunities...
2026-04-08 06:40:30.666 | INFO     | __main__:scan_all_opportunities:111 - 📊 Test opportunity: 1.04%
2026-04-08 06:40:30.669 | SUCCESS  | __main__:run:181 - 🎯 Found 1 opportunities!
2026-04-08 06:40:30.672 | WARNING  | __main__:safety_check:119 - 🔒 TEST MODE ENABLED - No real trades will execute
2026-04-08 06:40:40.679 | INFO     | __main__:scan_all_opportunities:97 - 🔍 Scanning for opportunities...
2026-04-08 06:40:40.682 | INFO     | __main__:scan_all_opportunities:111 - 📊 Test opportunity: 1.43%
2026-04-08 06:40:40.685 | SUCCESS  | __main__:run:181 - 🎯 Found 1 opportunities!
2026-04-08 06:40:40.687 | WARNING  | __main__:safety_check:119 - 🔒 TEST MODE ENABLED - No real trades will execute
2026-04-08 06:40:50.706 | INFO     | __main__:scan_all_opportunities:97 - 🔍 Scanning for opportunities...
2026-04-08 06:40:50.709 | INFO     | __main__:scan_all_opportunities:111 - 📊 Test opportunity: 0.71%
2026-04-08 06:40:50.712 | SUCCESS  | __main__:run:181 - 🎯 Found 1 opportunities!
2026-04-08 06:40:50.715 | WARNING  | __main__:safety_check:119 - 🔒 TEST MODE ENABLED - No real trades will execute
2026-04-08 06:41:00.733 | INFO     | __main__:scan_all_opportunities:97 - 🔍 Scanning for opportunities...
2026-04-08 06:41:10.754 | INFO     | __main__:scan_all_opportunities:97 - 🔍 Scanning for opportunities...
2026-04-08 06:41:10.757 | INFO     | __main__:scan_all_opportunities:111 - 📊 Test opportunity: 0.80%
2026-04-08 06:41:10.760 | SUCCESS  | __main__:run:181 - 🎯 Found 1 opportunities!
2026-04-08 06:41:10.763 | WARNING  | __main__:safety_check:119 - 🔒 TEST MODE ENABLED - No real trades will execute
2026-04-08 06:41:20.780 | INFO     | __main__:scan_all_opportunities:97 - 🔍 Scanning for opportunities...
2026-04-08 06:41:20.785 | INFO     | __main__:scan_all_opportunities:111 - 📊 Test opportunity: 0.60%
2026-04-08 06:41:20.787 | SUCCESS  | __main__:run:181 - 🎯 Found 1 opportunities!
2026-04-08 06:41:20.789 | WARNING  | __main__:safety_check:119 - 🔒 TEST MODE ENABLED - No real trades will execute
2026-04-08 09:32:42.023 | INFO     | __main__:scan_all_opportunities:97 - 🔍 Scanning for opportunities...
2026-04-08 09:32:42.024 | INFO     | __main__:scan_all_opportunities:111 - 📊 Test opportunity: 0.93%
2026-04-08 09:32:42.024 | SUCCESS  | __main__:run:181 - 🎯 Found 1 opportunities!
2026-04-08 09:32:42.024 | WARNING  | __main__:safety_check:119 - 🔒 TEST MODE ENABLED - No real trades will execute
2026-04-08 09:32:52.069 | INFO     | __main__:scan_all_opportunities:97 - 🔍 Scanning for opportunities...
2026-04-08 09:32:52.082 | INFO     | __main__:scan_all_opportunities:111 - 📊 Test opportunity: 0.67%
2026-04-08 09:32:52.097 | SUCCESS  | __main__:run:181 - 🎯 Found 1 opportunities!
2026-04-08 09:32:52.101 | WARNING  | __main__:safety_check:119 - 🔒 TEST MODE ENABLED - No real trades will execute
2026-04-08 09:33:02.146 | INFO     | __main__:scan_all_opportunities:97 - 🔍 Scanning for opportunities...
2026-04-08 09:33:02.266 | INFO     | __main__:scan_all_opportunities:111 - 📊 Test opportunity: 1.19%
2026-04-08 09:33:02.338 | SUCCESS  | __main__:run:181 - 🎯 Found 1 opportunities!
2026-04-08 09:33:02.431 | WARNING  | __main__:safety_check:119 - 🔒 TEST MODE ENABLED - No real trades will execute
2026-04-08 09:33:12.653 | INFO     | __main__:scan_all_opportunities:97 - 🔍 Scanning for opportunities...
2026-04-08 09:33:12.805 | INFO     | __main__:scan_all_opportunities:111 - 📊 Test opportunity: 1.01%
2026-04-08 09:33:12.859 | SUCCESS  | __main__:run:181 - 🎯 Found 1 opportunities!
2026-04-08 09:33:12.923 | WARNING  | __main__:safety_check:119 - 🔒 TEST MODE ENABLED - No real trades will execute
2026-04-08 09:33:23.028 | INFO     | __main__:scan_all_opportunities:97 - 🔍 Scanning for opportunities...
2026-04-08 09:33:33.043 | INFO     | __main__:scan_all_opportunities:97 - 🔍 Scanning for opportunities...
2026-04-08 09:33:43.056 | INFO     | __main__:scan_all_opportunities:97 - 🔍 Scanning for opportunities...
2026-04-08 09:33:43.058 | INFO     | __main__:scan_all_opportunities:111 - 📊 Test opportunity: 0.83%
2026-04-08 09:33:43.059 | SUCCESS  | __main__:run:181 - 🎯 Found 1 opportunities!
2026-04-08 09:33:43.060 | WARNING  | __main__:safety_check:119 - 🔒 TEST MODE ENABLED - No real trades will execute
2026-04-08 09:33:53.074 | INFO     | __main__:scan_all_opportunities:97 - 🔍 Scanning for opportunities...
2026-04-08 09:34:03.080 | INFO     | __main__:scan_all_opportunities:97 - 🔍 Scanning for opportunities...
2026-04-08 09:34:03.081 | INFO     | __main__:scan_all_opportunities:111 - 📊 Test opportunity: 1.03%
2026-04-08 09:34:03.082 | SUCCESS  | __main__:run:181 - 🎯 Found 1 opportunities!
2026-04-08 09:34:03.083 | WARNING  | __main__:safety_check:119 - 🔒 TEST MODE ENABLED - No real trades will execute
2026-04-08 09:34:13.087 | INFO     | __main__:scan_all_opportunities:97 - 🔍 Scanning for opportunities...
2026-04-08 09:34:13.089 | INFO     | __main__:scan_all_opportunities:111 - 📊 Test opportunity: 0.89%
2026-04-08 09:34:13.089 | SUCCESS  | __main__:run:181 - 🎯 Found 1 opportunities!
2026-04-08 09:34:13.091 | WARNING  | __main__:safety_check:119 - 🔒 TEST MODE ENABLED - No real trades will execute
2026-04-08 09:34:23.110 | INFO     | __main__:scan_all_opportunities:97 - 🔍 Scanning for opportunities...
2026-04-08 09:34:23.111 | INFO     | __main__:scan_all_opportunities:111 - 📊 Test opportunity: 1.11%
2026-04-08 09:34:23.112 | SUCCESS  | __main__:run:181 - 🎯 Found 1 opportunities!
2026-04-08 09:34:23.113 | WARNING  | __main__:safety_check:119 - 🔒 TEST MODE ENABLED - No real trades will execute
2026-04-08 09:34:33.118 | INFO     | __main__:scan_all_opportunities:97 - 🔍 Scanning for opportunities...
2026-04-08 09:34:33.119 | INFO     | __main__:scan_all_opportunities:111 - 📊 Test opportunity: 0.74%
2026-04-08 09:34:33.121 | SUCCESS  | __main__:run:181 - 🎯 Found 1 opportunities!
2026-04-08 09:34:33.122 | WARNING  | __main__:safety_check:119 - 🔒 TEST MODE ENABLED - No real trades will execute
2026-04-08 09:34:43.124 | INFO     | __main__:scan_all_opportunities:97 - 🔍 Scanning for opportunities...
2026-04-08 09:34:43.126 | INFO     | __main__:scan_all_opportunities:111 - 📊 Test opportunity: 1.24%
2026-04-08 09:34:43.126 | SUCCESS  | __main__:run:181 - 🎯 Found 1 opportunities!
2026-04-08 09:34:43.127 | WARNING  | __main__:safety_check:119 - 🔒 TEST MODE ENABLED - No real trades will execute
2026-04-08 09:34:53.130 | INFO     | __main__:scan_all_opportunities:97 - 🔍 Scanning for opportunities...
2026-04-08 09:34:53.131 | INFO     | __main__:scan_all_opportunities:111 - 📊 Test opportunity: 1.02%
2026-04-08 09:34:53.132 | SUCCESS  | __main__:run:181 - 🎯 Found 1 opportunities!
2026-04-08 09:34:53.133 | WARNING  | __main__:safety_check:119 - 🔒 TEST MODE ENABLED - No real trades will execute
2026-04-08 09:35:03.138 | INFO     | __main__:scan_all_opportunities:97 - 🔍 Scanning for opportunities...
2026-04-08 09:35:03.139 | INFO     | __main__:scan_all_opportunities:111 - 📊 Test opportunity: 0.59%
2026-04-08 09:35:03.140 | SUCCESS  | __main__:run:181 - 🎯 Found 1 opportunities!
2026-04-08 09:35:03.141 | WARNING  | __main__:safety_check:119 - 🔒 TEST MODE ENABLED - No real trades will execute
2026-04-08 09:35:13.145 | INFO     | __main__:scan_all_opportunities:97 - 🔍 Scanning for opportunities...
2026-04-08 09:35:13.146 | INFO     | __main__:scan_all_opportunities:111 - 📊 Test opportunity: 1.34%
2026-04-08 09:35:13.147 | SUCCESS  | __main__:run:181 - 🎯 Found 1 opportunities!
2026-04-08 09:35:13.148 | WARNING  | __main__:safety_check:119 - 🔒 TEST MODE ENABLED - No real trades will execute
2026-04-08 09:35:23.152 | INFO     | __main__:scan_all_opportunities:97 - 🔍 Scanning for opportunities...
2026-04-08 09:35:23.153 | INFO     | __main__:scan_all_opportunities:111 - 📊 Test opportunity: 1.21%
2026-04-08 09:35:23.154 | SUCCESS  | __main__:run:181 - 🎯 Found 1 opportunities!
2026-04-08 09:35:23.155 | WARNING  | __main__:safety_check:119 - 🔒 TEST MODE ENABLED - No real trades will execute
2026-04-08 09:35:33.158 | INFO     | __main__:scan_all_opportunities:97 - 🔍 Scanning for opportunities...
2026-04-08 09:35:33.159 | INFO     | __main__:scan_all_opportunities:111 - 📊 Test opportunity: 1.07%
2026-04-08 09:35:33.160 | SUCCESS  | __main__:run:181 - 🎯 Found 1 opportunities!
2026-04-08 09:35:33.161 | WARNING  | __main__:safety_check:119 - 🔒 TEST MODE ENABLED - No real trades will execute
2026-04-08 09:35:43.164 | INFO     | __main__:scan_all_opportunities:97 - 🔍 Scanning for opportunities...
2026-04-08 09:35:53.171 | INFO     | __main__:scan_all_opportunities:97 - 🔍 Scanning for opportunities...
2026-04-08 09:35:53.172 | INFO     | __main__:scan_all_opportunities:111 - 📊 Test opportunity: 1.46%
2026-04-08 09:35:53.173 | SUCCESS  | __main__:run:181 - 🎯 Found 1 opportunities!
2026-04-08 09:35:53.174 | WARNING  | __main__:safety_check:119 - 🔒 TEST MODE ENABLED - No real trades will execute
2026-04-08 09:36:03.195 | INFO     | __main__:scan_all_opportunities:97 - 🔍 Scanning for opportunities...
2026-04-08 09:36:03.196 | INFO     | __main__:scan_all_opportunities:111 - 📊 Test opportunity: 0.67%
2026-04-08 09:36:03.197 | SUCCESS  | __main__:run:181 - 🎯 Found 1 opportunities!
2026-04-08 09:36:03.198 | WARNING  | __main__:safety_check:119 - 🔒 TEST MODE ENABLED - No real trades will execute
2026-04-08 09:36:13.200 | INFO     | __main__:scan_all_opportunities:97 - 🔍 Scanning for opportunities...
2026-04-08 09:36:13.201 | INFO     | __main__:scan_all_opportunities:111 - 📊 Test opportunity: 0.53%
2026-04-08 09:36:13.202 | SUCCESS  | __main__:run:181 - 🎯 Found 1 opportunities!
2026-04-08 09:36:13.203 | WARNING  | __main__:safety_check:119 - 🔒 TEST MODE ENABLED - No real trades will execute
2026-04-08 09:36:23.207 | INFO     | __main__:scan_all_opportunities:97 - 🔍 Scanning for opportunities...
2026-04-08 09:36:23.208 | INFO     | __main__:scan_all_opportunities:111 - 📊 Test opportunity: 0.55%
2026-04-08 09:36:23.209 | SUCCESS  | __main__:run:181 - 🎯 Found 1 opportunities!
2026-04-08 09:36:23.210 | WARNING  | __main__:safety_check:119 - 🔒 TEST MODE ENABLED - No real trades will execute
2026-04-08 09:36:33.215 | INFO     | __main__:scan_all_opportunities:97 - 🔍 Scanning for opportunities...
2026-04-08 09:36:33.216 | INFO     | __main__:scan_all_opportunities:111 - 📊 Test opportunity: 1.06%
2026-04-08 09:36:33.217 | SUCCESS  | __main__:run:181 - 🎯 Found 1 opportunities!
2026-04-08 09:36:33.218 | WARNING  | __main__:safety_check:119 - 🔒 TEST MODE ENABLED - No real trades will execute
2026-04-08 09:36:43.221 | INFO     | __main__:scan_all_opportunities:97 - 🔍 Scanning for opportunities...
2026-04-08 09:36:43.223 | INFO     | __main__:scan_all_opportunities:111 - 📊 Test opportunity: 0.65%
2026-04-08 09:36:43.224 | SUCCESS  | __main__:run:181 - 🎯 Found 1 opportunities!
2026-04-08 09:36:43.225 | WARNING  | __main__:safety_check:119 - 🔒 TEST MODE ENABLED - No real trades will execute
2026-04-08 09:36:53.228 | INFO     | __main__:scan_all_opportunities:97 - 🔍 Scanning for opportunities...
2026-04-08 09:36:53.229 | INFO     | __main__:scan_all_opportunities:111 - 📊 Test opportunity: 1.12%
2026-04-08 09:36:53.230 | SUCCESS  | __main__:run:181 - 🎯 Found 1 opportunities!
2026-04-08 09:36:53.231 | WARNING  | __main__:safety_check:119 - 🔒 TEST MODE ENABLED - No real trades will execute
2026-04-08 09:37:03.235 | INFO     | __main__:scan_all_opportunities:97 - 🔍 Scanning for opportunities...
2026-04-08 09:37:03.236 | INFO     | __main__:scan_all_opportunities:111 - 📊 Test opportunity: 0.51%
2026-04-08 09:37:03.237 | SUCCESS  | __main__:run:181 - 🎯 Found 1 opportunities!
2026-04-08 09:37:03.238 | WARNING  | __main__:safety_check:119 - 🔒 TEST MODE ENABLED - No real trades will execute
2026-04-08 09:37:13.241 | INFO     | __main__:scan_all_opportunities:97 - 🔍 Scanning for opportunities...
2026-04-08 09:37:13.242 | INFO     | __main__:scan_all_opportunities:111 - 📊 Test opportunity: 0.74%
2026-04-08 09:37:13.243 | SUCCESS  | __main__:run:181 - 🎯 Found 1 opportunities!
2026-04-08 09:37:13.244 | WARNING  | __main__:safety_check:119 - 🔒 TEST MODE ENABLED - No real trades will execute
2026-04-08 09:37:23.248 | INFO     | __main__:scan_all_opportunities:97 - 🔍 Scanning for opportunities...
2026-04-08 09:37:23.249 | INFO     | __main__:scan_all_opportunities:111 - 📊 Test opportunity: 0.82%
2026-04-08 09:37:23.250 | SUCCESS  | __main__:run:181 - 🎯 Found 1 opportunities!
2026-04-08 09:37:23.252 | WARNING  | __main__:safety_check:119 - 🔒 TEST MODE ENABLED - No real trades will execute
2026-04-08 09:37:33.255 | INFO     | __main__:scan_all_opportunities:97 - 🔍 Scanning for opportunities...
2026-04-08 09:37:33.256 | INFO     | __main__:scan_all_opportunities:111 - 📊 Test opportunity: 0.52%
2026-04-08 09:37:33.257 | SUCCESS  | __main__:run:181 - 🎯 Found 1 opportunities!
2026-04-08 09:37:33.258 | WARNING  | __main__:safety_check:119 - 🔒 TEST MODE ENABLED - No real trades will execute
2026-04-08 09:37:43.277 | INFO     | __main__:scan_all_opportunities:97 - 🔍 Scanning for opportunities...
2026-04-08 09:37:43.279 | INFO     | __main__:scan_all_opportunities:111 - 📊 Test opportunity: 1.39%
2026-04-08 09:37:43.280 | SUCCESS  | __main__:run:181 - 🎯 Found 1 opportunities!
2026-04-08 09:37:43.281 | WARNING  | __main__:safety_check:119 - 🔒 TEST MODE ENABLED - No real trades will execute
2026-04-08 09:37:53.290 | INFO     | __main__:scan_all_opportunities:97 - 🔍 Scanning for opportunities...
2026-04-08 09:37:53.291 | INFO     | __main__:scan_all_opportunities:111 - 📊 Test opportunity: 1.22%
2026-04-08 09:37:53.292 | SUCCESS  | __main__:run:181 - 🎯 Found 1 opportunities!
2026-04-08 09:37:53.293 | WARNING  | __main__:safety_check:119 - 🔒 TEST MODE ENABLED - No real trades will execute
2026-04-08 09:38:03.301 | INFO     | __main__:scan_all_opportunities:97 - 🔍 Scanning for opportunities...
2026-04-08 09:38:03.303 | INFO     | __main__:scan_all_opportunities:111 - 📊 Test opportunity: 0.85%
2026-04-08 09:38:03.304 | SUCCESS  | __main__:run:181 - 🎯 Found 1 opportunities!
2026-04-08 09:38:03.305 | WARNING  | __main__:safety_check:119 - 🔒 TEST MODE ENABLED - No real trades will execute
2026-04-08 09:38:13.308 | INFO     | __main__:scan_all_opportunities:97 - 🔍 Scanning for opportunities...
2026-04-08 09:38:13.309 | INFO     | __main__:scan_all_opportunities:111 - 📊 Test opportunity: 1.30%
2026-04-08 09:38:13.310 | SUCCESS  | __main__:run:181 - 🎯 Found 1 opportunities!
2026-04-08 09:38:13.311 | WARNING  | __main__:safety_check:119 - 🔒 TEST MODE ENABLED - No real trades will execute
2026-04-08 09:38:23.314 | INFO     | __main__:scan_all_opportunities:97 - 🔍 Scanning for opportunities...
2026-04-08 09:38:23.316 | INFO     | __main__:scan_all_opportunities:111 - 📊 Test opportunity: 1.37%
2026-04-08 09:38:23.317 | SUCCESS  | __main__:run:181 - 🎯 Found 1 opportunities!
2026-04-08 09:38:23.318 | WARNING  | __main__:safety_check:119 - 🔒 TEST MODE ENABLED - No real trades will execute
2026-04-08 09:38:33.321 | INFO     | __main__:scan_all_opportunities:97 - 🔍 Scanning for opportunities...
2026-04-08 09:38:33.322 | INFO     | __main__:scan_all_opportunities:111 - 📊 Test opportunity: 1.01%
2026-04-08 09:38:33.323 | SUCCESS  | __main__:run:181 - 🎯 Found 1 opportunities!
2026-04-08 09:38:33.324 | WARNING  | __main__:safety_check:119 - 🔒 TEST MODE ENABLED - No real trades will execute
2026-04-08 09:38:43.327 | INFO     | __main__:scan_all_opportunities:97 - 🔍 Scanning for opportunities...
2026-04-08 09:38:43.331 | INFO     | __main__:scan_all_opportunities:111 - 📊 Test opportunity: 1.40%
2026-04-08 09:38:43.332 | SUCCESS  | __main__:run:181 - 🎯 Found 1 opportunities!
2026-04-08 09:38:43.333 | WARNING  | __main__:safety_check:119 - 🔒 TEST MODE ENABLED - No real trades will execute
2026-04-08 09:38:53.335 | INFO     | __main__:scan_all_opportunities:97 - 🔍 Scanning for opportunities...
2026-04-08 09:38:53.337 | INFO     | __main__:scan_all_opportunities:111 - 📊 Test opportunity: 0.85%
2026-04-08 09:38:53.338 | SUCCESS  | __main__:run:181 - 🎯 Found 1 opportunities!
2026-04-08 09:38:53.339 | WARNING  | __main__:safety_check:119 - 🔒 TEST MODE ENABLED - No real trades will execute
2026-04-08 09:39:03.344 | INFO     | __main__:scan_all_opportunities:97 - 🔍 Scanning for opportunities...
2026-04-08 09:39:03.345 | INFO     | __main__:scan_all_opportunities:111 - 📊 Test opportunity: 0.71%
2026-04-08 09:39:03.346 | SUCCESS  | __main__:run:181 - 🎯 Found 1 opportunities!
2026-04-08 09:39:03.347 | WARNING  | __main__:safety_check:119 - 🔒 TEST MODE ENABLED - No real trades will execute
2026-04-08 09:39:13.349 | INFO     | __main__:scan_all_opportunities:97 - 🔍 Scanning for opportunities...
2026-04-08 09:39:13.350 | INFO     | __main__:scan_all_opportunities:111 - 📊 Test opportunity: 0.69%
2026-04-08 09:39:13.351 | SUCCESS  | __main__:run:181 - 🎯 Found 1 opportunities!
2026-04-08 09:39:13.352 | WARNING  | __main__:safety_check:119 - 🔒 TEST MODE ENABLED - No real trades will execute
2026-04-08 09:39:23.372 | INFO     | __main__:scan_all_opportunities:97 - 🔍 Scanning for opportunities...
2026-04-08 09:39:23.373 | INFO     | __main__:scan_all_opportunities:111 - 📊 Test opportunity: 1.19%
2026-04-08 09:39:23.374 | SUCCESS  | __main__:run:181 - 🎯 Found 1 opportunities!
2026-04-08 09:39:23.375 | WARNING  | __main__:safety_check:119 - 🔒 TEST MODE ENABLED - No real trades will execute
2026-04-08 09:39:33.378 | INFO     | __main__:scan_all_opportunities:97 - 🔍 Scanning for opportunities...
2026-04-08 09:39:33.379 | INFO     | __main__:scan_all_opportunities:111 - 📊 Test opportunity: 0.96%
2026-04-08 09:39:33.381 | SUCCESS  | __main__:run:181 - 🎯 Found 1 opportunities!
2026-04-08 09:39:33.381 | WARNING  | __main__:safety_check:119 - 🔒 TEST MODE ENABLED - No real trades will execute
2026-04-08 09:39:43.385 | INFO     | __main__:scan_all_opportunities:97 - 🔍 Scanning for opportunities...
2026-04-08 09:39:43.386 | INFO     | __main__:scan_all_opportunities:111 - 📊 Test opportunity: 0.55%
2026-04-08 09:39:43.387 | SUCCESS  | __main__:run:181 - 🎯 Found 1 opportunities!
2026-04-08 09:39:43.388 | WARNING  | __main__:safety_check:119 - 🔒 TEST MODE ENABLED - No real trades will execute
2026-04-08 09:39:53.392 | INFO     | __main__:scan_all_opportunities:97 - 🔍 Scanning for opportunities...
2026-04-08 09:39:53.393 | INFO     | __main__:scan_all_opportunities:111 - 📊 Test opportunity: 0.73%
2026-04-08 09:39:53.394 | SUCCESS  | __main__:run:181 - 🎯 Found 1 opportunities!
2026-04-08 09:39:53.395 | WARNING  | __main__:safety_check:119 - 🔒 TEST MODE ENABLED - No real trades will execute
2026-04-08 09:40:03.397 | INFO     | __main__:scan_all_opportunities:97 - 🔍 Scanning for opportunities...
2026-04-08 09:40:03.398 | INFO     | __main__:scan_all_opportunities:111 - 📊 Test opportunity: 1.05%
2026-04-08 09:40:03.400 | SUCCESS  | __main__:run:181 - 🎯 Found 1 opportunities!
2026-04-08 09:40:03.401 | WARNING  | __main__:safety_check:119 - 🔒 TEST MODE ENABLED - No real trades will execute
2026-04-08 09:40:13.405 | INFO     | __main__:scan_all_opportunities:97 - 🔍 Scanning for opportunities...
2026-04-08 09:40:13.406 | INFO     | __main__:scan_all_opportunities:111 - 📊 Test opportunity: 0.73%
2026-04-08 09:40:13.407 | SUCCESS  | __main__:run:181 - 🎯 Found 1 opportunities!
2026-04-08 09:40:13.409 | WARNING  | __main__:safety_check:119 - 🔒 TEST MODE ENABLED - No real trades will execute
2026-04-08 09:40:23.411 | INFO     | __main__:scan_all_opportunities:97 - 🔍 Scanning for opportunities...
2026-04-08 09:40:23.412 | INFO     | __main__:scan_all_opportunities:111 - 📊 Test opportunity: 1.42%
2026-04-08 09:40:23.413 | SUCCESS  | __main__:run:181 - 🎯 Found 1 opportunities!
2026-04-08 09:40:23.414 | WARNING  | __main__:safety_check:119 - 🔒 TEST MODE ENABLED - No real trades will execute
2026-04-08 09:40:33.418 | INFO     | __main__:scan_all_opportunities:97 - 🔍 Scanning for opportunities...
2026-04-08 09:40:33.420 | INFO     | __main__:scan_all_opportunities:111 - 📊 Test opportunity: 0.56%
2026-04-08 09:40:33.420 | SUCCESS  | __main__:run:181 - 🎯 Found 1 opportunities!
2026-04-08 09:40:33.421 | WARNING  | __main__:safety_check:119 - 🔒 TEST MODE ENABLED - No real trades will execute
2026-04-08 09:40:43.425 | INFO     | __main__:scan_all_opportunities:97 - 🔍 Scanning for opportunities...
2026-04-08 09:40:43.427 | INFO     | __main__:scan_all_opportunities:111 - 📊 Test opportunity: 1.25%
2026-04-08 09:40:43.428 | SUCCESS  | __main__:run:181 - 🎯 Found 1 opportunities!
2026-04-08 09:40:43.429 | WARNING  | __main__:safety_check:119 - 🔒 TEST MODE ENABLED - No real trades will execute
2026-04-08 09:40:53.430 | INFO     | __main__:scan_all_opportunities:97 - 🔍 Scanning for opportunities...
2026-04-08 09:40:53.431 | INFO     | __main__:scan_all_opportunities:111 - 📊 Test opportunity: 0.62%
2026-04-08 09:40:53.432 | SUCCESS  | __main__:run:181 - 🎯 Found 1 opportunities!
2026-04-08 09:40:53.433 | WARNING  | __main__:safety_check:119 - 🔒 TEST MODE ENABLED - No real trades will execute
2026-04-08 09:41:03.444 | INFO     | __main__:scan_all_opportunities:97 - 🔍 Scanning for opportunities...
2026-04-08 09:41:03.445 | INFO     | __main__:scan_all_opportunities:111 - 📊 Test opportunity: 0.85%
2026-04-08 09:41:03.446 | SUCCESS  | __main__:run:181 - 🎯 Found 1 opportunities!
2026-04-08 09:41:03.447 | WARNING  | __main__:safety_check:119 - 🔒 TEST MODE ENABLED - No real trades will execute
2026-04-08 09:41:13.456 | INFO     | __main__:scan_all_opportunities:97 - 🔍 Scanning for opportunities...
2026-04-08 09:41:13.457 | INFO     | __main__:scan_all_opportunities:111 - 📊 Test opportunity: 1.36%
2026-04-08 09:41:13.458 | SUCCESS  | __main__:run:181 - 🎯 Found 1 opportunities!
2026-04-08 09:41:13.459 | WARNING  | __main__:safety_check:119 - 🔒 TEST MODE ENABLED - No real trades will execute
2026-04-08 09:41:23.461 | INFO     | __main__:scan_all_opportunities:97 - 🔍 Scanning for opportunities...
2026-04-08 09:41:23.462 | INFO     | __main__:scan_all_opportunities:111 - 📊 Test opportunity: 0.98%
2026-04-08 09:41:23.463 | SUCCESS  | __main__:run:181 - 🎯 Found 1 opportunities!
2026-04-08 09:41:23.464 | WARNING  | __main__:safety_check:119 - 🔒 TEST MODE ENABLED - No real trades will execute
2026-04-08 09:41:33.477 | INFO     | __main__:scan_all_opportunities:97 - 🔍 Scanning for opportunities...
2026-04-08 09:41:33.478 | INFO     | __main__:scan_all_opportunities:111 - 📊 Test opportunity: 1.04%
2026-04-08 09:41:33.479 | SUCCESS  | __main__:run:181 - 🎯 Found 1 opportunities!
2026-04-08 09:41:33.479 | WARNING  | __main__:safety_check:119 - 🔒 TEST MODE ENABLED - No real trades will execute
2026-04-08 09:41:43.492 | INFO     | __main__:scan_all_opportunities:97 - 🔍 Scanning for opportunities...
2026-04-08 09:41:43.493 | INFO     | __main__:scan_all_opportunities:111 - 📊 Test opportunity: 1.47%
2026-04-08 09:41:43.494 | SUCCESS  | __main__:run:181 - 🎯 Found 1 opportunities!
2026-04-08 09:41:43.495 | WARNING  | __main__:safety_check:119 - 🔒 TEST MODE ENABLED - No real trades will execute
2026-04-08 09:41:53.508 | INFO     | __main__:scan_all_opportunities:97 - 🔍 Scanning for opportunities...
2026-04-08 09:41:53.509 | INFO     | __main__:scan_all_opportunities:111 - 📊 Test opportunity: 1.32%
2026-04-08 09:41:53.510 | SUCCESS  | __main__:run:181 - 🎯 Found 1 opportunities!
2026-04-08 09:41:53.511 | WARNING  | __main__:safety_check:119 - 🔒 TEST MODE ENABLED - No real trades will execute
2026-04-08 09:42:03.523 | INFO     | __main__:scan_all_opportunities:97 - 🔍 Scanning for opportunities...
2026-04-08 09:42:03.524 | INFO     | __main__:scan_all_opportunities:111 - 📊 Test opportunity: 1.36%
2026-04-08 09:42:03.525 | SUCCESS  | __main__:run:181 - 🎯 Found 1 opportunities!
2026-04-08 09:42:03.526 | WARNING  | __main__:safety_check:119 - 🔒 TEST MODE ENABLED - No real trades will execute
2026-04-08 09:42:13.536 | INFO     | __main__:scan_all_opportunities:97 - 🔍 Scanning for opportunities...
2026-04-08 09:42:13.537 | INFO     | __main__:scan_all_opportunities:111 - 📊 Test opportunity: 1.25%
2026-04-08 09:42:13.538 | SUCCESS  | __main__:run:181 - 🎯 Found 1 opportunities!
2026-04-08 09:42:13.539 | WARNING  | __main__:safety_check:119 - 🔒 TEST MODE ENABLED - No real trades will execute
2026-04-08 09:42:23.541 | INFO     | __main__:scan_all_opportunities:97 - 🔍 Scanning for opportunities...
2026-04-08 09:42:23.542 | INFO     | __main__:scan_all_opportunities:111 - 📊 Test opportunity: 0.98%
2026-04-08 09:42:23.543 | SUCCESS  | __main__:run:181 - 🎯 Found 1 opportunities!
2026-04-08 09:42:23.544 | WARNING  | __main__:safety_check:119 - 🔒 TEST MODE ENABLED - No real trades will execute
2026-04-08 09:42:33.556 | INFO     | __main__:scan_all_opportunities:97 - 🔍 Scanning for opportunities...
2026-04-08 09:42:43.568 | INFO     | __main__:scan_all_opportunities:97 - 🔍 Scanning for opportunities...
2026-04-08 09:42:43.569 | INFO     | __main__:scan_all_opportunities:111 - 📊 Test opportunity: 0.58%
2026-04-08 09:42:43.570 | SUCCESS  | __main__:run:181 - 🎯 Found 1 opportunities!
2026-04-08 09:42:43.571 | WARNING  | __main__:safety_check:119 - 🔒 TEST MODE ENABLED - No real trades will execute
2026-04-08 09:42:53.581 | INFO     | __main__:scan_all_opportunities:97 - 🔍 Scanning for opportunities...
2026-04-08 09:42:53.583 | INFO     | __main__:scan_all_opportunities:111 - 📊 Test opportunity: 1.24%
2026-04-08 09:42:53.584 | SUCCESS  | __main__:run:181 - 🎯 Found 1 opportunities!
2026-04-08 09:42:53.585 | WARNING  | __main__:safety_check:119 - 🔒 TEST MODE ENABLED - No real trades will execute
2026-04-08 09:43:03.587 | INFO     | __main__:scan_all_opportunities:97 - 🔍 Scanning for opportunities...
2026-04-08 09:43:03.589 | INFO     | __main__:scan_all_opportunities:111 - 📊 Test opportunity: 0.60%
2026-04-08 09:43:03.590 | SUCCESS  | __main__:run:181 - 🎯 Found 1 opportunities!
2026-04-08 09:43:03.591 | WARNING  | __main__:safety_check:119 - 🔒 TEST MODE ENABLED - No real trades will execute
2026-04-08 09:43:13.595 | INFO     | __main__:scan_all_opportunities:97 - 🔍 Scanning for opportunities...
2026-04-08 09:43:13.596 | INFO     | __main__:scan_all_opportunities:111 - 📊 Test opportunity: 1.08%
2026-04-08 09:43:13.597 | SUCCESS  | __main__:run:181 - 🎯 Found 1 opportunities!
2026-04-08 09:43:13.598 | WARNING  | __main__:safety_check:119 - 🔒 TEST MODE ENABLED - No real trades will execute
2026-04-08 09:43:23.601 | INFO     | __main__:scan_all_opportunities:97 - 🔍 Scanning for opportunities...
2026-04-08 09:43:23.602 | INFO     | __main__:scan_all_opportunities:111 - 📊 Test opportunity: 0.57%
2026-04-08 09:43:23.603 | SUCCESS  | __main__:run:181 - 🎯 Found 1 opportunities!
2026-04-08 09:43:23.604 | WARNING  | __main__:safety_check:119 - 🔒 TEST MODE ENABLED - No real trades will execute
2026-04-08 09:43:33.609 | INFO     | __main__:scan_all_opportunities:97 - 🔍 Scanning for opportunities...
2026-04-08 09:43:33.610 | INFO     | __main__:scan_all_opportunities:111 - 📊 Test opportunity: 1.49%
2026-04-08 09:43:33.611 | SUCCESS  | __main__:run:181 - 🎯 Found 1 opportunities!
2026-04-08 09:43:33.612 | WARNING  | __main__:safety_check:119 - 🔒 TEST MODE ENABLED - No real trades will execute
2026-04-08 09:43:43.615 | INFO     | __main__:scan_all_opportunities:97 - 🔍 Scanning for opportunities...
2026-04-08 09:43:43.616 | INFO     | __main__:scan_all_opportunities:111 - 📊 Test opportunity: 0.61%
2026-04-08 09:43:43.617 | SUCCESS  | __main__:run:181 - 🎯 Found 1 opportunities!
2026-04-08 09:43:43.618 | WARNING  | __main__:safety_check:119 - 🔒 TEST MODE ENABLED - No real trades will execute
2026-04-08 09:43:53.622 | INFO     | __main__:scan_all_opportunities:97 - 🔍 Scanning for opportunities...
2026-04-08 09:43:53.623 | INFO     | __main__:scan_all_opportunities:111 - 📊 Test opportunity: 1.50%
2026-04-08 09:43:53.624 | SUCCESS  | __main__:run:181 - 🎯 Found 1 opportunities!
2026-04-08 09:43:53.625 | WARNING  | __main__:safety_check:119 - 🔒 TEST MODE ENABLED - No real trades will execute
2026-04-08 09:44:03.628 | INFO     | __main__:scan_all_opportunities:97 - 🔍 Scanning for opportunities...
2026-04-08 09:44:03.630 | INFO     | __main__:scan_all_opportunities:111 - 📊 Test opportunity: 1.11%
2026-04-08 09:44:03.631 | SUCCESS  | __main__:run:181 - 🎯 Found 1 opportunities!
2026-04-08 09:44:03.632 | WARNING  | __main__:safety_check:119 - 🔒 TEST MODE ENABLED - No real trades will execute
2026-04-08 09:44:13.635 | INFO     | __main__:scan_all_opportunities:97 - 🔍 Scanning for opportunities...
2026-04-08 09:44:13.637 | INFO     | __main__:scan_all_opportunities:111 - 📊 Test opportunity: 0.96%
2026-04-08 09:44:13.638 | SUCCESS  | __main__:run:181 - 🎯 Found 1 opportunities!
2026-04-08 09:44:13.638 | WARNING  | __main__:safety_check:119 - 🔒 TEST MODE ENABLED - No real trades will execute
2026-04-08 09:44:23.658 | INFO     | __main__:scan_all_opportunities:97 - 🔍 Scanning for opportunities...
2026-04-08 09:44:23.660 | INFO     | __main__:scan_all_opportunities:111 - 📊 Test opportunity: 0.86%
2026-04-08 09:44:23.661 | SUCCESS  | __main__:run:181 - 🎯 Found 1 opportunities!
2026-04-08 09:44:23.662 | WARNING  | __main__:safety_check:119 - 🔒 TEST MODE ENABLED - No real trades will execute
2026-04-08 09:44:33.664 | INFO     | __main__:scan_all_opportunities:97 - 🔍 Scanning for opportunities...
2026-04-08 09:44:33.665 | INFO     | __main__:scan_all_opportunities:111 - 📊 Test opportunity: 0.88%
2026-04-08 09:44:33.666 | SUCCESS  | __main__:run:181 - 🎯 Found 1 opportunities!
2026-04-08 09:44:33.666 | WARNING  | __main__:safety_check:119 - 🔒 TEST MODE ENABLED - No real trades will execute
2026-04-08 09:44:43.672 | INFO     | __main__:scan_all_opportunities:97 - 🔍 Scanning for opportunities...
2026-04-08 09:44:43.673 | INFO     | __main__:scan_all_opportunities:111 - 📊 Test opportunity: 1.01%
2026-04-08 09:44:43.674 | SUCCESS  | __main__:run:181 - 🎯 Found 1 opportunities!
2026-04-08 09:44:43.675 | WARNING  | __main__:safety_check:119 - 🔒 TEST MODE ENABLED - No real trades will execute
2026-04-08 09:44:53.678 | INFO     | __main__:scan_all_opportunities:97 - 🔍 Scanning for opportunities...
2026-04-08 09:44:53.679 | INFO     | __main__:scan_all_opportunities:111 - 📊 Test opportunity: 0.84%
2026-04-08 09:44:53.680 | SUCCESS  | __main__:run:181 - 🎯 Found 1 opportunities!
2026-04-08 09:44:53.682 | WARNING  | __main__:safety_check:119 - 🔒 TEST MODE ENABLED - No real trades will execute
2026-04-08 09:45:03.686 | INFO     | __main__:scan_all_opportunities:97 - 🔍 Scanning for opportunities...
2026-04-08 09:45:03.687 | INFO     | __main__:scan_all_opportunities:111 - 📊 Test opportunity: 1.12%
2026-04-08 09:45:03.688 | SUCCESS  | __main__:run:181 - 🎯 Found 1 opportunities!
2026-04-08 09:45:03.689 | WARNING  | __main__:safety_check:119 - 🔒 TEST MODE ENABLED - No real trades will execute
2026-04-08 09:45:13.692 | INFO     | __main__:scan_all_opportunities:97 - 🔍 Scanning for opportunities...
2026-04-08 09:45:13.693 | INFO     | __main__:scan_all_opportunities:111 - 📊 Test opportunity: 1.16%
2026-04-08 09:45:13.694 | SUCCESS  | __main__:run:181 - 🎯 Found 1 opportunities!
2026-04-08 09:45:13.695 | WARNING  | __main__:safety_check:119 - 🔒 TEST MODE ENABLED - No real trades will execute
2026-04-08 09:45:23.699 | INFO     | __main__:scan_all_opportunities:97 - 🔍 Scanning for opportunities...
2026-04-08 09:45:33.705 | INFO     | __main__:scan_all_opportunities:97 - 🔍 Scanning for opportunities...
2026-04-08 09:45:33.706 | INFO     | __main__:scan_all_opportunities:111 - 📊 Test opportunity: 0.51%
2026-04-08 09:45:33.707 | SUCCESS  | __main__:run:181 - 🎯 Found 1 opportunities!
2026-04-08 09:45:33.708 | WARNING  | __main__:safety_check:119 - 🔒 TEST MODE ENABLED - No real trades will execute
2026-04-08 09:45:43.711 | INFO     | __main__:scan_all_opportunities:97 - 🔍 Scanning for opportunities...
2026-04-08 09:45:43.712 | INFO     | __main__:scan_all_opportunities:111 - 📊 Test opportunity: 0.62%
2026-04-08 09:45:43.714 | SUCCESS  | __main__:run:181 - 🎯 Found 1 opportunities!
2026-04-08 09:45:43.715 | WARNING  | __main__:safety_check:119 - 🔒 TEST MODE ENABLED - No real trades will execute
2026-04-08 09:45:53.731 | INFO     | __main__:scan_all_opportunities:97 - 🔍 Scanning for opportunities...
2026-04-08 09:45:53.732 | INFO     | __main__:scan_all_opportunities:111 - 📊 Test opportunity: 0.70%
2026-04-08 09:45:53.733 | SUCCESS  | __main__:run:181 - 🎯 Found 1 opportunities!
2026-04-08 09:45:53.734 | WARNING  | __main__:safety_check:119 - 🔒 TEST MODE ENABLED - No real trades will execute
2026-04-08 09:46:03.749 | INFO     | __main__:scan_all_opportunities:97 - 🔍 Scanning for opportunities...
2026-04-08 09:46:03.750 | INFO     | __main__:scan_all_opportunities:111 - 📊 Test opportunity: 1.45%
2026-04-08 09:46:03.751 | SUCCESS  | __main__:run:181 - 🎯 Found 1 opportunities!
2026-04-08 09:46:03.752 | WARNING  | __main__:safety_check:119 - 🔒 TEST MODE ENABLED - No real trades will execute
2026-04-08 09:46:13.759 | INFO     | __main__:scan_all_opportunities:97 - 🔍 Scanning for opportunities...
2026-04-08 09:46:13.761 | INFO     | __main__:scan_all_opportunities:111 - 📊 Test opportunity: 0.77%
2026-04-08 09:46:13.761 | SUCCESS  | __main__:run:181 - 🎯 Found 1 opportunities!
2026-04-08 09:46:13.762 | WARNING  | __main__:safety_check:119 - 🔒 TEST MODE ENABLED - No real trades will execute
2026-04-08 09:46:23.774 | INFO     | __main__:scan_all_opportunities:97 - 🔍 Scanning for opportunities...
2026-04-08 09:46:33.776 | INFO     | __main__:scan_all_opportunities:97 - 🔍 Scanning for opportunities...
2026-04-08 09:46:33.777 | INFO     | __main__:scan_all_opportunities:111 - 📊 Test opportunity: 0.64%
2026-04-08 09:46:33.778 | SUCCESS  | __main__:run:181 - 🎯 Found 1 opportunities!
2026-04-08 09:46:33.779 | WARNING  | __main__:safety_check:119 - 🔒 TEST MODE ENABLED - No real trades will execute
2026-04-08 09:46:43.789 | INFO     | __main__:scan_all_opportunities:97 - 🔍 Scanning for opportunities...
2026-04-08 09:46:43.791 | INFO     | __main__:scan_all_opportunities:111 - 📊 Test opportunity: 0.86%
2026-04-08 09:46:43.792 | SUCCESS  | __main__:run:181 - 🎯 Found 1 opportunities!
2026-04-08 09:46:43.792 | WARNING  | __main__:safety_check:119 - 🔒 TEST MODE ENABLED - No real trades will execute
2026-04-08 09:46:53.795 | INFO     | __main__:scan_all_opportunities:97 - 🔍 Scanning for opportunities...
2026-04-08 09:46:53.796 | INFO     | __main__:scan_all_opportunities:111 - 📊 Test opportunity: 0.96%
2026-04-08 09:46:53.798 | SUCCESS  | __main__:run:181 - 🎯 Found 1 opportunities!
2026-04-08 09:46:53.798 | WARNING  | __main__:safety_check:119 - 🔒 TEST MODE ENABLED - No real trades will execute
2026-04-08 09:47:03.801 | INFO     | __main__:scan_all_opportunities:97 - 🔍 Scanning for opportunities...
2026-04-08 09:47:03.802 | INFO     | __main__:scan_all_opportunities:111 - 📊 Test opportunity: 1.37%
2026-04-08 09:47:03.803 | SUCCESS  | __main__:run:181 - 🎯 Found 1 opportunities!
2026-04-08 09:47:03.804 | WARNING  | __main__:safety_check:119 - 🔒 TEST MODE ENABLED - No real trades will execute
2026-04-08 09:47:13.815 | INFO     | __main__:scan_all_opportunities:97 - 🔍 Scanning for opportunities...
2026-04-08 09:47:13.816 | INFO     | __main__:scan_all_opportunities:111 - 📊 Test opportunity: 0.61%
2026-04-08 09:47:13.817 | SUCCESS  | __main__:run:181 - 🎯 Found 1 opportunities!
2026-04-08 09:47:13.818 | WARNING  | __main__:safety_check:119 - 🔒 TEST MODE ENABLED - No real trades will execute
2026-04-08 09:47:23.821 | INFO     | __main__:scan_all_opportunities:97 - 🔍 Scanning for opportunities...
2026-04-08 09:47:33.838 | INFO     | __main__:scan_all_opportunities:97 - 🔍 Scanning for opportunities...
2026-04-08 09:47:33.839 | INFO     | __main__:scan_all_opportunities:111 - 📊 Test opportunity: 0.93%
2026-04-08 09:47:33.840 | SUCCESS  | __main__:run:181 - 🎯 Found 1 opportunities!
2026-04-08 09:47:33.841 | WARNING  | __main__:safety_check:119 - 🔒 TEST MODE ENABLED - No real trades will execute
2026-04-08 09:47:43.857 | INFO     | __main__:scan_all_opportunities:97 - 🔍 Scanning for opportunities...
2026-04-08 09:47:43.858 | INFO     | __main__:scan_all_opportunities:111 - 📊 Test opportunity: 0.82%
2026-04-08 09:47:43.859 | SUCCESS  | __main__:run:181 - 🎯 Found 1 opportunities!
2026-04-08 09:47:43.860 | WARNING  | __main__:safety_check:119 - 🔒 TEST MODE ENABLED - No real trades will execute
2026-04-08 09:47:53.876 | INFO     | __main__:scan_all_opportunities:97 - 🔍 Scanning for opportunities...
2026-04-08 09:47:53.878 | INFO     | __main__:scan_all_opportunities:111 - 📊 Test opportunity: 0.77%
2026-04-08 09:47:53.879 | SUCCESS  | __main__:run:181 - 🎯 Found 1 opportunities!
2026-04-08 09:47:53.880 | WARNING  | __main__:safety_check:119 - 🔒 TEST MODE ENABLED - No real trades will execute
2026-04-08 09:48:03.895 | INFO     | __main__:scan_all_opportunities:97 - 🔍 Scanning for opportunities...
2026-04-08 09:48:03.897 | INFO     | __main__:scan_all_opportunities:111 - 📊 Test opportunity: 1.40%
2026-04-08 09:48:03.898 | SUCCESS  | __main__:run:181 - 🎯 Found 1 opportunities!
2026-04-08 09:48:03.899 | WARNING  | __main__:safety_check:119 - 🔒 TEST MODE ENABLED - No real trades will execute
2026-04-08 09:48:13.914 | INFO     | __main__:scan_all_opportunities:97 - 🔍 Scanning for opportunities...
2026-04-08 09:48:13.915 | INFO     | __main__:scan_all_opportunities:111 - 📊 Test opportunity: 0.77%
2026-04-08 09:48:13.916 | SUCCESS  | __main__:run:181 - 🎯 Found 1 opportunities!
2026-04-08 09:48:13.917 | WARNING  | __main__:safety_check:119 - 🔒 TEST MODE ENABLED - No real trades will execute
2026-04-08 09:48:23.923 | INFO     | __main__:scan_all_opportunities:97 - 🔍 Scanning for opportunities...
2026-04-08 09:48:23.924 | INFO     | __main__:scan_all_opportunities:111 - 📊 Test opportunity: 1.33%
2026-04-08 09:48:23.925 | SUCCESS  | __main__:run:181 - 🎯 Found 1 opportunities!
2026-04-08 09:48:23.926 | WARNING  | __main__:safety_check:119 - 🔒 TEST MODE ENABLED - No real trades will execute
2026-04-08 09:48:33.940 | INFO     | __main__:scan_all_opportunities:97 - 🔍 Scanning for opportunities...
2026-04-08 09:48:33.941 | INFO     | __main__:scan_all_opportunities:111 - 📊 Test opportunity: 1.07%
2026-04-08 09:48:33.942 | SUCCESS  | __main__:run:181 - 🎯 Found 1 opportunities!
2026-04-08 09:48:33.943 | WARNING  | __main__:safety_check:119 - 🔒 TEST MODE ENABLED - No real trades will execute
2026-04-08 09:48:43.948 | INFO     | __main__:scan_all_opportunities:97 - 🔍 Scanning for opportunities...
2026-04-08 09:48:43.949 | INFO     | __main__:scan_all_opportunities:111 - 📊 Test opportunity: 0.62%
2026-04-08 09:48:43.951 | SUCCESS  | __main__:run:181 - 🎯 Found 1 opportunities!
2026-04-08 09:48:43.951 | WARNING  | __main__:safety_check:119 - 🔒 TEST MODE ENABLED - No real trades will execute
2026-04-08 09:48:53.962 | INFO     | __main__:scan_all_opportunities:97 - 🔍 Scanning for opportunities...
2026-04-08 09:48:53.963 | INFO     | __main__:scan_all_opportunities:111 - 📊 Test opportunity: 0.64%
2026-04-08 09:48:53.965 | SUCCESS  | __main__:run:181 - 🎯 Found 1 opportunities!
2026-04-08 09:48:53.965 | WARNING  | __main__:safety_check:119 - 🔒 TEST MODE ENABLED - No real trades will execute
2026-04-08 09:49:03.967 | INFO     | __main__:scan_all_opportunities:97 - 🔍 Scanning for opportunities...
2026-04-08 09:49:03.968 | INFO     | __main__:scan_all_opportunities:111 - 📊 Test opportunity: 1.46%
2026-04-08 09:49:03.969 | SUCCESS  | __main__:run:181 - 🎯 Found 1 opportunities!
2026-04-08 09:49:03.970 | WARNING  | __main__:safety_check:119 - 🔒 TEST MODE ENABLED - No real trades will execute
2026-04-08 09:49:13.984 | INFO     | __main__:scan_all_opportunities:97 - 🔍 Scanning for opportunities...
2026-04-08 09:49:13.985 | INFO     | __main__:scan_all_opportunities:111 - 📊 Test opportunity: 1.43%
2026-04-08 09:49:13.986 | SUCCESS  | __main__:run:181 - 🎯 Found 1 opportunities!
2026-04-08 09:49:13.987 | WARNING  | __main__:safety_check:119 - 🔒 TEST MODE ENABLED - No real trades will execute
2026-04-08 09:49:23.992 | INFO     | __main__:scan_all_opportunities:97 - 🔍 Scanning for opportunities...
2026-04-08 09:49:23.993 | INFO     | __main__:scan_all_opportunities:111 - 📊 Test opportunity: 1.33%
2026-04-08 09:49:23.994 | SUCCESS  | __main__:run:181 - 🎯 Found 1 opportunities!
2026-04-08 09:49:23.995 | WARNING  | __main__:safety_check:119 - 🔒 TEST MODE ENABLED - No real trades will execute
2026-04-08 09:49:34.009 | INFO     | __main__:scan_all_opportunities:97 - 🔍 Scanning for opportunities...
2026-04-08 09:49:34.010 | INFO     | __main__:scan_all_opportunities:111 - 📊 Test opportunity: 1.28%
2026-04-08 09:49:34.011 | SUCCESS  | __main__:run:181 - 🎯 Found 1 opportunities!
2026-04-08 09:49:34.012 | WARNING  | __main__:safety_check:119 - 🔒 TEST MODE ENABLED - No real trades will execute
2026-04-08 09:49:44.026 | INFO     | __main__:scan_all_opportunities:97 - 🔍 Scanning for opportunities...
2026-04-08 09:49:44.027 | INFO     | __main__:scan_all_opportunities:111 - 📊 Test opportunity: 0.93%
2026-04-08 09:49:44.028 | SUCCESS  | __main__:run:181 - 🎯 Found 1 opportunities!
2026-04-08 09:49:44.029 | WARNING  | __main__:safety_check:119 - 🔒 TEST MODE ENABLED - No real trades will execute
2026-04-08 09:49:54.044 | INFO     | __main__:scan_all_opportunities:97 - 🔍 Scanning for opportunities...
2026-04-08 09:49:54.045 | INFO     | __main__:scan_all_opportunities:111 - 📊 Test opportunity: 0.92%
2026-04-08 09:49:54.046 | SUCCESS  | __main__:run:181 - 🎯 Found 1 opportunities!
2026-04-08 09:49:54.047 | WARNING  | __main__:safety_check:119 - 🔒 TEST MODE ENABLED - No real trades will execute
2026-04-08 09:50:04.064 | INFO     | __main__:scan_all_opportunities:97 - 🔍 Scanning for opportunities...
2026-04-08 09:50:04.066 | INFO     | __main__:scan_all_opportunities:111 - 📊 Test opportunity: 1.34%
2026-04-08 09:50:04.067 | SUCCESS  | __main__:run:181 - 🎯 Found 1 opportunities!
2026-04-08 09:50:04.068 | WARNING  | __main__:safety_check:119 - 🔒 TEST MODE ENABLED - No real trades will execute
2026-04-08 09:50:14.083 | INFO     | __main__:scan_all_opportunities:97 - 🔍 Scanning for opportunities...
2026-04-08 09:50:14.084 | INFO     | __main__:scan_all_opportunities:111 - 📊 Test opportunity: 1.04%
2026-04-08 09:50:14.085 | SUCCESS  | __main__:run:181 - 🎯 Found 1 opportunities!
2026-04-08 09:50:14.086 | WARNING  | __main__:safety_check:119 - 🔒 TEST MODE ENABLED - No real trades will execute
2026-04-08 09:50:24.094 | INFO     | __main__:scan_all_opportunities:97 - 🔍 Scanning for opportunities...
2026-04-08 09:50:34.097 | INFO     | __main__:scan_all_opportunities:97 - 🔍 Scanning for opportunities...
2026-04-08 09:50:34.098 | INFO     | __main__:scan_all_opportunities:111 - 📊 Test opportunity: 1.18%
2026-04-08 09:50:34.099 | SUCCESS  | __main__:run:181 - 🎯 Found 1 opportunities!
2026-04-08 09:50:34.100 | WARNING  | __main__:safety_check:119 - 🔒 TEST MODE ENABLED - No real trades will execute
2026-04-08 09:50:44.108 | INFO     | __main__:scan_all_opportunities:97 - 🔍 Scanning for opportunities...
2026-04-08 09:50:44.109 | INFO     | __main__:scan_all_opportunities:111 - 📊 Test opportunity: 1.47%
2026-04-08 09:50:44.110 | SUCCESS  | __main__:run:181 - 🎯 Found 1 opportunities!
2026-04-08 09:50:44.111 | WARNING  | __main__:safety_check:119 - 🔒 TEST MODE ENABLED - No real trades will execute
2026-04-08 09:50:54.118 | INFO     | __main__:scan_all_opportunities:97 - 🔍 Scanning for opportunities...
2026-04-08 09:50:54.120 | INFO     | __main__:scan_all_opportunities:111 - 📊 Test opportunity: 0.96%
2026-04-08 09:50:54.121 | SUCCESS  | __main__:run:181 - 🎯 Found 1 opportunities!
2026-04-08 09:50:54.122 | WARNING  | __main__:safety_check:119 - 🔒 TEST MODE ENABLED - No real trades will execute
2026-04-08 09:51:04.136 | INFO     | __main__:scan_all_opportunities:97 - 🔍 Scanning for opportunities...
2026-04-08 09:51:04.137 | INFO     | __main__:scan_all_opportunities:111 - 📊 Test opportunity: 1.31%
2026-04-08 09:51:04.138 | SUCCESS  | __main__:run:181 - 🎯 Found 1 opportunities!
2026-04-08 09:51:04.139 | WARNING  | __main__:safety_check:119 - 🔒 TEST MODE ENABLED - No real trades will execute
2026-04-08 09:51:14.154 | INFO     | __main__:scan_all_opportunities:97 - 🔍 Scanning for opportunities...
2026-04-08 09:51:14.155 | INFO     | __main__:scan_all_opportunities:111 - 📊 Test opportunity: 1.07%
2026-04-08 09:51:14.156 | SUCCESS  | __main__:run:181 - 🎯 Found 1 opportunities!
2026-04-08 09:51:14.158 | WARNING  | __main__:safety_check:119 - 🔒 TEST MODE ENABLED - No real trades will execute
2026-04-08 09:51:24.168 | INFO     | __main__:scan_all_opportunities:97 - 🔍 Scanning for opportunities...
2026-04-08 09:51:24.170 | INFO     | __main__:scan_all_opportunities:111 - 📊 Test opportunity: 0.93%
2026-04-08 09:51:24.170 | SUCCESS  | __main__:run:181 - 🎯 Found 1 opportunities!
2026-04-08 09:51:24.171 | WARNING  | __main__:safety_check:119 - 🔒 TEST MODE ENABLED - No real trades will execute
2026-04-08 09:51:34.186 | INFO     | __main__:scan_all_opportunities:97 - 🔍 Scanning for opportunities...
2026-04-08 09:51:34.187 | INFO     | __main__:scan_all_opportunities:111 - 📊 Test opportunity: 1.27%
2026-04-08 09:51:34.188 | SUCCESS  | __main__:run:181 - 🎯 Found 1 opportunities!
2026-04-08 09:51:34.189 | WARNING  | __main__:safety_check:119 - 🔒 TEST MODE ENABLED - No real trades will execute
2026-04-08 09:51:44.204 | INFO     | __main__:scan_all_opportunities:97 - 🔍 Scanning for opportunities...
2026-04-08 09:51:54.206 | INFO     | __main__:scan_all_opportunities:97 - 🔍 Scanning for opportunities...
2026-04-08 09:51:54.207 | INFO     | __main__:scan_all_opportunities:111 - 📊 Test opportunity: 0.73%
2026-04-08 09:51:54.207 | SUCCESS  | __main__:run:181 - 🎯 Found 1 opportunities!
2026-04-08 09:51:54.208 | WARNING  | __main__:safety_check:119 - 🔒 TEST MODE ENABLED - No real trades will execute
2026-04-08 09:52:04.223 | INFO     | __main__:scan_all_opportunities:97 - 🔍 Scanning for opportunities...
2026-04-08 09:52:04.225 | INFO     | __main__:scan_all_opportunities:111 - 📊 Test opportunity: 1.07%
2026-04-08 09:52:04.226 | SUCCESS  | __main__:run:181 - 🎯 Found 1 opportunities!
2026-04-08 09:52:04.227 | WARNING  | __main__:safety_check:119 - 🔒 TEST MODE ENABLED - No real trades will execute
2026-04-08 09:52:14.234 | INFO     | __main__:scan_all_opportunities:97 - 🔍 Scanning for opportunities...
2026-04-08 09:52:14.236 | INFO     | __main__:scan_all_opportunities:111 - 📊 Test opportunity: 0.91%
2026-04-08 09:52:14.237 | SUCCESS  | __main__:run:181 - 🎯 Found 1 opportunities!
2026-04-08 09:52:14.238 | WARNING  | __main__:safety_check:119 - 🔒 TEST MODE ENABLED - No real trades will execute
2026-04-08 09:52:24.250 | INFO     | __main__:scan_all_opportunities:97 - 🔍 Scanning for opportunities...
2026-04-08 09:52:24.251 | INFO     | __main__:scan_all_opportunities:111 - 📊 Test opportunity: 0.88%
2026-04-08 09:52:24.252 | SUCCESS  | __main__:run:181 - 🎯 Found 1 opportunities!
2026-04-08 09:52:24.254 | WARNING  | __main__:safety_check:119 - 🔒 TEST MODE ENABLED - No real trades will execute
2026-04-08 09:52:34.266 | INFO     | __main__:scan_all_opportunities:97 - 🔍 Scanning for opportunities...
2026-04-08 09:52:34.267 | INFO     | __main__:scan_all_opportunities:111 - 📊 Test opportunity: 1.20%
2026-04-08 09:52:34.268 | SUCCESS  | __main__:run:181 - 🎯 Found 1 opportunities!
2026-04-08 09:52:34.269 | WARNING  | __main__:safety_check:119 - 🔒 TEST MODE ENABLED - No real trades will execute
2026-04-08 09:52:44.279 | INFO     | __main__:scan_all_opportunities:97 - 🔍 Scanning for opportunities...
2026-04-08 09:52:44.280 | INFO     | __main__:scan_all_opportunities:111 - 📊 Test opportunity: 0.78%
2026-04-08 09:52:44.282 | SUCCESS  | __main__:run:181 - 🎯 Found 1 opportunities!
2026-04-08 09:52:44.283 | WARNING  | __main__:safety_check:119 - 🔒 TEST MODE ENABLED - No real trades will execute
2026-04-08 09:52:54.294 | INFO     | __main__:scan_all_opportunities:97 - 🔍 Scanning for opportunities...
2026-04-08 09:53:04.309 | INFO     | __main__:scan_all_opportunities:97 - 🔍 Scanning for opportunities...
2026-04-08 09:53:04.310 | INFO     | __main__:scan_all_opportunities:111 - 📊 Test opportunity: 0.74%
2026-04-08 09:53:04.311 | SUCCESS  | __main__:run:181 - 🎯 Found 1 opportunities!
2026-04-08 09:53:04.312 | WARNING  | __main__:safety_check:119 - 🔒 TEST MODE ENABLED - No real trades will execute
2026-04-08 10:01:42.136 | INFO     | __main__:scan_all_opportunities:97 - 🔍 Scanning for opportunities...
2026-04-08 10:01:42.153 | INFO     | __main__:scan_all_opportunities:111 - 📊 Test opportunity: 1.08%
2026-04-08 10:01:42.192 | SUCCESS  | __main__:run:181 - 🎯 Found 1 opportunities!
2026-04-08 10:01:42.240 | WARNING  | __main__:safety_check:119 - 🔒 TEST MODE ENABLED - No real trades will execute
2026-04-08 10:01:52.335 | INFO     | __main__:scan_all_opportunities:97 - 🔍 Scanning for opportunities...
2026-04-08 10:01:52.349 | INFO     | __main__:scan_all_opportunities:111 - 📊 Test opportunity: 0.87%
2026-04-08 10:01:52.367 | SUCCESS  | __main__:run:181 - 🎯 Found 1 opportunities!
2026-04-08 10:01:52.376 | WARNING  | __main__:safety_check:119 - 🔒 TEST MODE ENABLED - No real trades will execute
2026-04-08 10:02:02.396 | INFO     | __main__:scan_all_opportunities:97 - 🔍 Scanning for opportunities...
2026-04-08 10:02:02.397 | INFO     | __main__:scan_all_opportunities:111 - 📊 Test opportunity: 0.91%
2026-04-08 10:02:02.398 | SUCCESS  | __main__:run:181 - 🎯 Found 1 opportunities!
2026-04-08 10:02:02.399 | WARNING  | __main__:safety_check:119 - 🔒 TEST MODE ENABLED - No real trades will execute
2026-04-08 10:02:12.404 | INFO     | __main__:scan_all_opportunities:97 - 🔍 Scanning for opportunities...
2026-04-08 10:02:12.405 | INFO     | __main__:scan_all_opportunities:111 - 📊 Test opportunity: 1.14%
2026-04-08 10:02:12.406 | SUCCESS  | __main__:run:181 - 🎯 Found 1 opportunities!
2026-04-08 10:02:12.407 | WARNING  | __main__:safety_check:119 - 🔒 TEST MODE ENABLED - No real trades will execute
2026-04-08 10:02:22.409 | INFO     | __main__:scan_all_opportunities:97 - 🔍 Scanning for opportunities...
2026-04-08 10:02:22.411 | INFO     | __main__:scan_all_opportunities:111 - 📊 Test opportunity: 0.74%
2026-04-08 10:02:22.412 | SUCCESS  | __main__:run:181 - 🎯 Found 1 opportunities!
2026-04-08 10:02:22.413 | WARNING  | __main__:safety_check:119 - 🔒 TEST MODE ENABLED - No real trades will execute
2026-04-08 10:02:32.417 | INFO     | __main__:scan_all_opportunities:97 - 🔍 Scanning for opportunities...
2026-04-08 10:02:32.418 | INFO     | __main__:scan_all_opportunities:111 - 📊 Test opportunity: 1.40%
2026-04-08 10:02:32.419 | SUCCESS  | __main__:run:181 - 🎯 Found 1 opportunities!
2026-04-08 10:02:32.420 | WARNING  | __main__:safety_check:119 - 🔒 TEST MODE ENABLED - No real trades will execute
2026-04-08 10:02:42.423 | INFO     | __main__:scan_all_opportunities:97 - 🔍 Scanning for opportunities...
2026-04-08 10:02:42.425 | INFO     | __main__:scan_all_opportunities:111 - 📊 Test opportunity: 1.09%
2026-04-08 10:02:42.426 | SUCCESS  | __main__:run:181 - 🎯 Found 1 opportunities!
2026-04-08 10:02:42.427 | WARNING  | __main__:safety_check:119 - 🔒 TEST MODE ENABLED - No real trades will execute
2026-04-08 10:02:52.447 | INFO     | __main__:scan_all_opportunities:97 - 🔍 Scanning for opportunities...
2026-04-08 10:02:52.448 | INFO     | __main__:scan_all_opportunities:111 - 📊 Test opportunity: 0.95%
2026-04-08 10:02:52.449 | SUCCESS  | __main__:run:181 - 🎯 Found 1 opportunities!
2026-04-08 10:02:52.450 | WARNING  | __main__:safety_check:119 - 🔒 TEST MODE ENABLED - No real trades will execute
2026-04-08 10:03:02.454 | INFO     | __main__:scan_all_opportunities:97 - 🔍 Scanning for opportunities...
2026-04-08 10:03:02.455 | INFO     | __main__:scan_all_opportunities:111 - 📊 Test opportunity: 0.93%
2026-04-08 10:03:02.456 | SUCCESS  | __main__:run:181 - 🎯 Found 1 opportunities!
2026-04-08 10:03:02.457 | WARNING  | __main__:safety_check:119 - 🔒 TEST MODE ENABLED - No real trades will execute
2026-04-08 10:03:12.459 | INFO     | __main__:scan_all_opportunities:97 - 🔍 Scanning for opportunities...
2026-04-08 10:03:12.461 | INFO     | __main__:scan_all_opportunities:111 - 📊 Test opportunity: 0.76%
2026-04-08 10:03:12.462 | SUCCESS  | __main__:run:181 - 🎯 Found 1 opportunities!
2026-04-08 10:03:12.463 | WARNING  | __main__:safety_check:119 - 🔒 TEST MODE ENABLED - No real trades will execute
2026-04-08 10:03:22.465 | INFO     | __main__:scan_all_opportunities:97 - 🔍 Scanning for opportunities...
2026-04-08 10:03:32.474 | INFO     | __main__:scan_all_opportunities:97 - 🔍 Scanning for opportunities...
2026-04-08 10:03:32.475 | INFO     | __main__:scan_all_opportunities:111 - 📊 Test opportunity: 0.62%
2026-04-08 10:03:32.476 | SUCCESS  | __main__:run:181 - 🎯 Found 1 opportunities!
2026-04-08 10:03:32.477 | WARNING  | __main__:safety_check:119 - 🔒 TEST MODE ENABLED - No real trades will execute
2026-04-08 10:03:42.479 | INFO     | __main__:scan_all_opportunities:97 - 🔍 Scanning for opportunities...
2026-04-08 10:03:42.480 | INFO     | __main__:scan_all_opportunities:111 - 📊 Test opportunity: 0.72%
2026-04-08 10:03:42.482 | SUCCESS  | __main__:run:181 - 🎯 Found 1 opportunities!
2026-04-08 10:03:42.483 | WARNING  | __main__:safety_check:119 - 🔒 TEST MODE ENABLED - No real trades will execute
2026-04-08 10:03:52.487 | INFO     | __main__:scan_all_opportunities:97 - 🔍 Scanning for opportunities...
2026-04-08 10:03:52.488 | INFO     | __main__:scan_all_opportunities:111 - 📊 Test opportunity: 1.30%
2026-04-08 10:03:52.489 | SUCCESS  | __main__:run:181 - 🎯 Found 1 opportunities!
2026-04-08 10:03:52.490 | WARNING  | __main__:safety_check:119 - 🔒 TEST MODE ENABLED - No real trades will execute
2026-04-08 10:04:02.494 | INFO     | __main__:scan_all_opportunities:97 - 🔍 Scanning for opportunities...
2026-04-08 10:04:02.495 | INFO     | __main__:scan_all_opportunities:111 - 📊 Test opportunity: 0.69%
2026-04-08 10:04:02.496 | SUCCESS  | __main__:run:181 - 🎯 Found 1 opportunities!
2026-04-08 10:04:02.497 | WARNING  | __main__:safety_check:119 - 🔒 TEST MODE ENABLED - No real trades will execute
2026-04-08 10:04:12.499 | INFO     | __main__:scan_all_opportunities:97 - 🔍 Scanning for opportunities...
2026-04-08 10:04:12.500 | INFO     | __main__:scan_all_opportunities:111 - 📊 Test opportunity: 0.56%
2026-04-08 10:04:12.501 | SUCCESS  | __main__:run:181 - 🎯 Found 1 opportunities!
2026-04-08 10:04:12.502 | WARNING  | __main__:safety_check:119 - 🔒 TEST MODE ENABLED - No real trades will execute
2026-04-08 10:04:22.507 | INFO     | __main__:scan_all_opportunities:97 - 🔍 Scanning for opportunities...
2026-04-08 10:04:32.514 | INFO     | __main__:scan_all_opportunities:97 - 🔍 Scanning for opportunities...
2026-04-08 10:04:32.515 | INFO     | __main__:scan_all_opportunities:111 - 📊 Test opportunity: 0.74%
2026-04-08 10:04:32.517 | SUCCESS  | __main__:run:181 - 🎯 Found 1 opportunities!
2026-04-08 10:04:32.517 | WARNING  | __main__:safety_check:119 - 🔒 TEST MODE ENABLED - No real trades will execute
2026-04-08 10:04:42.520 | INFO     | __main__:scan_all_opportunities:97 - 🔍 Scanning for opportunities...
2026-04-08 10:04:42.522 | INFO     | __main__:scan_all_opportunities:111 - 📊 Test opportunity: 0.94%
2026-04-08 10:04:42.523 | SUCCESS  | __main__:run:181 - 🎯 Found 1 opportunities!
2026-04-08 10:04:42.523 | WARNING  | __main__:safety_check:119 - 🔒 TEST MODE ENABLED - No real trades will execute
2026-04-08 10:04:52.528 | INFO     | __main__:scan_all_opportunities:97 - 🔍 Scanning for opportunities...
2026-04-08 10:04:52.530 | INFO     | __main__:scan_all_opportunities:111 - 📊 Test opportunity: 0.83%
2026-04-08 10:04:52.531 | SUCCESS  | __main__:run:181 - 🎯 Found 1 opportunities!
2026-04-08 10:04:52.532 | WARNING  | __main__:safety_check:119 - 🔒 TEST MODE ENABLED - No real trades will execute
2026-04-08 10:05:02.537 | INFO     | __main__:scan_all_opportunities:97 - 🔍 Scanning for opportunities...
2026-04-08 10:05:02.539 | INFO     | __main__:scan_all_opportunities:111 - 📊 Test opportunity: 0.62%
2026-04-08 10:05:02.539 | SUCCESS  | __main__:run:181 - 🎯 Found 1 opportunities!
2026-04-08 10:05:02.540 | WARNING  | __main__:safety_check:119 - 🔒 TEST MODE ENABLED - No real trades will execute
2026-04-08 10:05:12.549 | INFO     | __main__:scan_all_opportunities:97 - 🔍 Scanning for opportunities...
2026-04-08 10:05:12.550 | INFO     | __main__:scan_all_opportunities:111 - 📊 Test opportunity: 1.27%
2026-04-08 10:05:12.551 | SUCCESS  | __main__:run:181 - 🎯 Found 1 opportunities!
2026-04-08 10:05:12.551 | WARNING  | __main__:safety_check:119 - 🔒 TEST MODE ENABLED - No real trades will execute
2026-04-08 10:05:22.564 | INFO     | __main__:scan_all_opportunities:97 - 🔍 Scanning for opportunities...
2026-04-08 10:05:32.569 | INFO     | __main__:scan_all_opportunities:97 - 🔍 Scanning for opportunities...
2026-04-08 10:05:42.576 | INFO     | __main__:scan_all_opportunities:97 - 🔍 Scanning for opportunities...
2026-04-08 10:05:42.577 | INFO     | __main__:scan_all_opportunities:111 - 📊 Test opportunity: 1.28%
2026-04-08 10:05:42.578 | SUCCESS  | __main__:run:181 - 🎯 Found 1 opportunities!
2026-04-08 10:05:42.579 | WARNING  | __main__:safety_check:119 - 🔒 TEST MODE ENABLED - No real trades will execute
2026-04-08 10:05:52.580 | INFO     | __main__:scan_all_opportunities:97 - 🔍 Scanning for opportunities...
2026-04-08 10:05:52.581 | INFO     | __main__:scan_all_opportunities:111 - 📊 Test opportunity: 1.36%
2026-04-08 10:05:52.582 | SUCCESS  | __main__:run:181 - 🎯 Found 1 opportunities!
2026-04-08 10:05:52.583 | WARNING  | __main__:safety_check:119 - 🔒 TEST MODE ENABLED - No real trades will execute
2026-04-08 10:06:02.589 | INFO     | __main__:scan_all_opportunities:97 - 🔍 Scanning for opportunities...
2026-04-08 10:06:02.590 | INFO     | __main__:scan_all_opportunities:111 - 📊 Test opportunity: 1.33%
2026-04-08 10:06:02.591 | SUCCESS  | __main__:run:181 - 🎯 Found 1 opportunities!
2026-04-08 10:06:02.592 | WARNING  | __main__:safety_check:119 - 🔒 TEST MODE ENABLED - No real trades will execute
2026-04-08 10:06:12.599 | INFO     | __main__:scan_all_opportunities:97 - 🔍 Scanning for opportunities...
2026-04-08 10:06:12.600 | INFO     | __main__:scan_all_opportunities:111 - 📊 Test opportunity: 0.60%
2026-04-08 10:06:12.601 | SUCCESS  | __main__:run:181 - 🎯 Found 1 opportunities!
2026-04-08 10:06:12.602 | WARNING  | __main__:safety_check:119 - 🔒 TEST MODE ENABLED - No real trades will execute
2026-04-08 10:06:22.617 | INFO     | __main__:scan_all_opportunities:97 - 🔍 Scanning for opportunities...
2026-04-08 10:06:22.618 | INFO     | __main__:scan_all_opportunities:111 - 📊 Test opportunity: 0.77%
2026-04-08 10:06:22.619 | SUCCESS  | __main__:run:181 - 🎯 Found 1 opportunities!
2026-04-08 10:06:22.619 | WARNING  | __main__:safety_check:119 - 🔒 TEST MODE ENABLED - No real trades will execute
2026-04-08 10:06:32.621 | INFO     | __main__:scan_all_opportunities:97 - 🔍 Scanning for opportunities...
2026-04-08 10:06:42.631 | INFO     | __main__:scan_all_opportunities:97 - 🔍 Scanning for opportunities...
2026-04-08 10:06:42.631 | INFO     | __main__:scan_all_opportunities:111 - 📊 Test opportunity: 1.40%
2026-04-08 10:06:42.632 | SUCCESS  | __main__:run:181 - 🎯 Found 1 opportunities!
2026-04-08 10:06:42.633 | WARNING  | __main__:safety_check:119 - 🔒 TEST MODE ENABLED - No real trades will execute
2026-04-08 10:06:52.635 | INFO     | __main__:scan_all_opportunities:97 - 🔍 Scanning for opportunities...
2026-04-08 10:06:52.636 | INFO     | __main__:scan_all_opportunities:111 - 📊 Test opportunity: 1.08%
2026-04-08 10:06:52.637 | SUCCESS  | __main__:run:181 - 🎯 Found 1 opportunities!
2026-04-08 10:06:52.638 | WARNING  | __main__:safety_check:119 - 🔒 TEST MODE ENABLED - No real trades will execute
2026-04-08 10:07:02.642 | INFO     | __main__:scan_all_opportunities:97 - 🔍 Scanning for opportunities...
2026-04-08 10:07:02.643 | INFO     | __main__:scan_all_opportunities:111 - 📊 Test opportunity: 1.44%
2026-04-08 10:07:02.644 | SUCCESS  | __main__:run:181 - 🎯 Found 1 opportunities!
2026-04-08 10:07:02.645 | WARNING  | __main__:safety_check:119 - 🔒 TEST MODE ENABLED - No real trades will execute
2026-04-08 10:07:12.653 | INFO     | __main__:scan_all_opportunities:97 - 🔍 Scanning for opportunities...
2026-04-08 10:07:12.654 | INFO     | __main__:scan_all_opportunities:111 - 📊 Test opportunity: 0.91%
2026-04-08 10:07:12.655 | SUCCESS  | __main__:run:181 - 🎯 Found 1 opportunities!
2026-04-08 10:07:12.656 | WARNING  | __main__:safety_check:119 - 🔒 TEST MODE ENABLED - No real trades will execute
2026-04-08 10:07:22.659 | INFO     | __main__:scan_all_opportunities:97 - 🔍 Scanning for opportunities...
2026-04-08 10:07:22.661 | INFO     | __main__:scan_all_opportunities:111 - 📊 Test opportunity: 0.94%
2026-04-08 10:07:22.661 | SUCCESS  | __main__:run:181 - 🎯 Found 1 opportunities!
2026-04-08 10:07:22.662 | WARNING  | __main__:safety_check:119 - 🔒 TEST MODE ENABLED - No real trades will execute
2026-04-08 10:07:32.665 | INFO     | __main__:scan_all_opportunities:97 - 🔍 Scanning for opportunities...
2026-04-08 10:07:32.666 | INFO     | __main__:scan_all_opportunities:111 - 📊 Test opportunity: 0.95%
2026-04-08 10:07:32.668 | SUCCESS  | __main__:run:181 - 🎯 Found 1 opportunities!
2026-04-08 10:07:32.669 | WARNING  | __main__:safety_check:119 - 🔒 TEST MODE ENABLED - No real trades will execute
2026-04-08 10:07:42.676 | INFO     | __main__:scan_all_opportunities:97 - 🔍 Scanning for opportunities...
2026-04-08 10:07:42.678 | INFO     | __main__:scan_all_opportunities:111 - 📊 Test opportunity: 0.86%
2026-04-08 10:07:42.679 | SUCCESS  | __main__:run:181 - 🎯 Found 1 opportunities!
2026-04-08 10:07:42.680 | WARNING  | __main__:safety_check:119 - 🔒 TEST MODE ENABLED - No real trades will execute
2026-04-08 10:07:52.694 | INFO     | __main__:scan_all_opportunities:97 - 🔍 Scanning for opportunities...
2026-04-08 10:07:52.695 | INFO     | __main__:scan_all_opportunities:111 - 📊 Test opportunity: 0.90%
2026-04-08 10:07:52.696 | SUCCESS  | __main__:run:181 - 🎯 Found 1 opportunities!
2026-04-08 10:07:52.698 | WARNING  | __main__:safety_check:119 - 🔒 TEST MODE ENABLED - No real trades will execute
2026-04-08 10:08:02.714 | INFO     | __main__:scan_all_opportunities:97 - 🔍 Scanning for opportunities...
2026-04-08 10:08:02.715 | INFO     | __main__:scan_all_opportunities:111 - 📊 Test opportunity: 0.53%
2026-04-08 10:08:02.716 | SUCCESS  | __main__:run:181 - 🎯 Found 1 opportunities!
2026-04-08 10:08:02.717 | WARNING  | __main__:safety_check:119 - 🔒 TEST MODE ENABLED - No real trades will execute
2026-04-08 10:08:12.724 | INFO     | __main__:scan_all_opportunities:97 - 🔍 Scanning for opportunities...
2026-04-08 10:08:12.725 | INFO     | __main__:scan_all_opportunities:111 - 📊 Test opportunity: 0.51%
2026-04-08 10:08:12.726 | SUCCESS  | __main__:run:181 - 🎯 Found 1 opportunities!
2026-04-08 10:08:12.727 | WARNING  | __main__:safety_check:119 - 🔒 TEST MODE ENABLED - No real trades will execute
2026-04-08 10:08:22.740 | INFO     | __main__:scan_all_opportunities:97 - 🔍 Scanning for opportunities...
2026-04-08 10:08:22.741 | INFO     | __main__:scan_all_opportunities:111 - 📊 Test opportunity: 0.56%
2026-04-08 10:08:22.742 | SUCCESS  | __main__:run:181 - 🎯 Found 1 opportunities!
2026-04-08 10:08:22.743 | WARNING  | __main__:safety_check:119 - 🔒 TEST MODE ENABLED - No real trades will execute
2026-04-08 10:08:32.746 | INFO     | __main__:scan_all_opportunities:97 - 🔍 Scanning for opportunities...
2026-04-08 10:08:32.747 | INFO     | __main__:scan_all_opportunities:111 - 📊 Test opportunity: 0.98%
2026-04-08 10:08:32.748 | SUCCESS  | __main__:run:181 - 🎯 Found 1 opportunities!
2026-04-08 10:08:32.749 | WARNING  | __main__:safety_check:119 - 🔒 TEST MODE ENABLED - No real trades will execute
2026-04-08 10:08:42.752 | INFO     | __main__:scan_all_opportunities:97 - 🔍 Scanning for opportunities...
2026-04-08 10:08:42.753 | INFO     | __main__:scan_all_opportunities:111 - 📊 Test opportunity: 1.12%
2026-04-08 10:08:42.754 | SUCCESS  | __main__:run:181 - 🎯 Found 1 opportunities!
2026-04-08 10:08:42.755 | WARNING  | __main__:safety_check:119 - 🔒 TEST MODE ENABLED - No real trades will execute
2026-04-08 10:08:52.761 | INFO     | __main__:scan_all_opportunities:97 - 🔍 Scanning for opportunities...
2026-04-08 10:08:52.762 | INFO     | __main__:scan_all_opportunities:111 - 📊 Test opportunity: 0.93%
2026-04-08 10:08:52.763 | SUCCESS  | __main__:run:181 - 🎯 Found 1 opportunities!
2026-04-08 10:08:52.764 | WARNING  | __main__:safety_check:119 - 🔒 TEST MODE ENABLED - No real trades will execute
2026-04-08 10:09:02.775 | INFO     | __main__:scan_all_opportunities:97 - 🔍 Scanning for opportunities...
2026-04-08 10:09:02.776 | INFO     | __main__:scan_all_opportunities:111 - 📊 Test opportunity: 0.56%
2026-04-08 10:09:02.777 | SUCCESS  | __main__:run:181 - 🎯 Found 1 opportunities!
2026-04-08 10:09:02.778 | WARNING  | __main__:safety_check:119 - 🔒 TEST MODE ENABLED - No real trades will execute
2026-04-08 10:09:12.786 | INFO     | __main__:scan_all_opportunities:97 - 🔍 Scanning for opportunities...
2026-04-08 10:09:12.787 | INFO     | __main__:scan_all_opportunities:111 - 📊 Test opportunity: 0.68%
2026-04-08 10:09:12.788 | SUCCESS  | __main__:run:181 - 🎯 Found 1 opportunities!
2026-04-08 10:09:12.789 | WARNING  | __main__:safety_check:119 - 🔒 TEST MODE ENABLED - No real trades will execute
2026-04-08 10:09:22.803 | INFO     | __main__:scan_all_opportunities:97 - 🔍 Scanning for opportunities...
2026-04-08 10:09:32.824 | INFO     | __main__:scan_all_opportunities:97 - 🔍 Scanning for opportunities...
2026-04-08 10:09:32.825 | INFO     | __main__:scan_all_opportunities:111 - 📊 Test opportunity: 1.33%
2026-04-08 10:09:32.826 | SUCCESS  | __main__:run:181 - 🎯 Found 1 opportunities!
2026-04-08 10:09:32.827 | WARNING  | __main__:safety_check:119 - 🔒 TEST MODE ENABLED - No real trades will execute
2026-04-08 10:09:42.836 | INFO     | __main__:scan_all_opportunities:97 - 🔍 Scanning for opportunities...
2026-04-08 10:09:42.837 | INFO     | __main__:scan_all_opportunities:111 - 📊 Test opportunity: 0.65%
2026-04-08 10:09:42.838 | SUCCESS  | __main__:run:181 - 🎯 Found 1 opportunities!
2026-04-08 10:09:42.839 | WARNING  | __main__:safety_check:119 - 🔒 TEST MODE ENABLED - No real trades will execute
2026-04-08 10:09:52.851 | INFO     | __main__:scan_all_opportunities:97 - 🔍 Scanning for opportunities...
2026-04-08 10:09:52.853 | INFO     | __main__:scan_all_opportunities:111 - 📊 Test opportunity: 0.83%
2026-04-08 10:09:52.854 | SUCCESS  | __main__:run:181 - 🎯 Found 1 opportunities!
2026-04-08 10:09:52.854 | WARNING  | __main__:safety_check:119 - 🔒 TEST MODE ENABLED - No real trades will execute
2026-04-08 10:10:02.857 | INFO     | __main__:scan_all_opportunities:97 - 🔍 Scanning for opportunities...
2026-04-08 10:10:02.858 | INFO     | __main__:scan_all_opportunities:111 - 📊 Test opportunity: 0.81%
2026-04-08 10:10:02.859 | SUCCESS  | __main__:run:181 - 🎯 Found 1 opportunities!
2026-04-08 10:10:02.860 | WARNING  | __main__:safety_check:119 - 🔒 TEST MODE ENABLED - No real trades will execute
2026-04-08 10:10:12.873 | INFO     | __main__:scan_all_opportunities:97 - 🔍 Scanning for opportunities...
2026-04-08 10:10:12.874 | INFO     | __main__:scan_all_opportunities:111 - 📊 Test opportunity: 0.98%
2026-04-08 10:10:12.875 | SUCCESS  | __main__:run:181 - 🎯 Found 1 opportunities!
2026-04-08 10:10:12.876 | WARNING  | __main__:safety_check:119 - 🔒 TEST MODE ENABLED - No real trades will execute
2026-04-08 10:10:22.890 | INFO     | __main__:scan_all_opportunities:97 - 🔍 Scanning for opportunities...
2026-04-08 10:10:22.891 | INFO     | __main__:scan_all_opportunities:111 - 📊 Test opportunity: 1.44%
2026-04-08 10:10:22.892 | SUCCESS  | __main__:run:181 - 🎯 Found 1 opportunities!
2026-04-08 10:10:22.893 | WARNING  | __main__:safety_check:119 - 🔒 TEST MODE ENABLED - No real trades will execute
2026-04-08 10:10:32.896 | INFO     | __main__:scan_all_opportunities:97 - 🔍 Scanning for opportunities...
2026-04-08 10:10:32.897 | INFO     | __main__:scan_all_opportunities:111 - 📊 Test opportunity: 0.62%
2026-04-08 10:10:32.897 | SUCCESS  | __main__:run:181 - 🎯 Found 1 opportunities!
2026-04-08 10:10:32.898 | WARNING  | __main__:safety_check:119 - 🔒 TEST MODE ENABLED - No real trades will execute
2026-04-08 10:10:42.908 | INFO     | __main__:scan_all_opportunities:97 - 🔍 Scanning for opportunities...
2026-04-08 10:10:42.909 | INFO     | __main__:scan_all_opportunities:111 - 📊 Test opportunity: 1.22%
2026-04-08 10:10:42.910 | SUCCESS  | __main__:run:181 - 🎯 Found 1 opportunities!
2026-04-08 10:10:42.910 | WARNING  | __main__:safety_check:119 - 🔒 TEST MODE ENABLED - No real trades will execute
2026-04-08 10:10:52.927 | INFO     | __main__:scan_all_opportunities:97 - 🔍 Scanning for opportunities...
2026-04-08 10:10:52.928 | INFO     | __main__:scan_all_opportunities:111 - 📊 Test opportunity: 0.82%
2026-04-08 10:10:52.929 | SUCCESS  | __main__:run:181 - 🎯 Found 1 opportunities!
2026-04-08 10:10:52.930 | WARNING  | __main__:safety_check:119 - 🔒 TEST MODE ENABLED - No real trades will execute
2026-04-08 10:11:02.931 | INFO     | __main__:scan_all_opportunities:97 - 🔍 Scanning for opportunities...
2026-04-08 10:11:12.944 | INFO     | __main__:scan_all_opportunities:97 - 🔍 Scanning for opportunities...
2026-04-08 10:11:12.945 | INFO     | __main__:scan_all_opportunities:111 - 📊 Test opportunity: 1.32%
2026-04-08 10:11:12.946 | SUCCESS  | __main__:run:181 - 🎯 Found 1 opportunities!
2026-04-08 10:11:12.946 | WARNING  | __main__:safety_check:119 - 🔒 TEST MODE ENABLED - No real trades will execute
2026-04-08 10:11:22.948 | INFO     | __main__:scan_all_opportunities:97 - 🔍 Scanning for opportunities...
2026-04-08 10:11:22.949 | INFO     | __main__:scan_all_opportunities:111 - 📊 Test opportunity: 1.04%
2026-04-08 10:11:22.950 | SUCCESS  | __main__:run:181 - 🎯 Found 1 opportunities!
2026-04-08 10:11:22.951 | WARNING  | __main__:safety_check:119 - 🔒 TEST MODE ENABLED - No real trades will execute
2026-04-08 10:11:32.953 | INFO     | __main__:scan_all_opportunities:97 - 🔍 Scanning for opportunities...
2026-04-08 10:11:42.970 | INFO     | __main__:scan_all_opportunities:97 - 🔍 Scanning for opportunities...
2026-04-08 10:11:42.971 | INFO     | __main__:scan_all_opportunities:111 - 📊 Test opportunity: 0.64%
2026-04-08 10:11:42.972 | SUCCESS  | __main__:run:181 - 🎯 Found 1 opportunities!
2026-04-08 10:11:42.973 | WARNING  | __main__:safety_check:119 - 🔒 TEST MODE ENABLED - No real trades will execute
2026-04-08 10:11:52.990 | INFO     | __main__:scan_all_opportunities:97 - 🔍 Scanning for opportunities...
2026-04-08 10:12:03.013 | INFO     | __main__:scan_all_opportunities:97 - 🔍 Scanning for opportunities...
2026-04-08 10:12:03.042 | INFO     | __main__:scan_all_opportunities:111 - 📊 Test opportunity: 1.25%
2026-04-08 10:12:03.045 | SUCCESS  | __main__:run:181 - 🎯 Found 1 opportunities!
2026-04-08 10:12:03.219 | WARNING  | __main__:safety_check:119 - 🔒 TEST MODE ENABLED - No real trades will execute
2026-04-08 10:17:49.580 | INFO     | __main__:scan_all_opportunities:97 - 🔍 Scanning for opportunities...
2026-04-08 10:17:49.606 | INFO     | __main__:scan_all_opportunities:111 - 📊 Test opportunity: 0.63%
2026-04-08 10:17:49.623 | SUCCESS  | __main__:run:181 - 🎯 Found 1 opportunities!
2026-04-08 10:17:49.638 | WARNING  | __main__:safety_check:119 - 🔒 TEST MODE ENABLED - No real trades will execute
2026-04-08 10:17:59.692 | INFO     | __main__:scan_all_opportunities:97 - 🔍 Scanning for opportunities...
2026-04-08 10:17:59.693 | INFO     | __main__:scan_all_opportunities:111 - 📊 Test opportunity: 0.63%
2026-04-08 10:17:59.694 | SUCCESS  | __main__:run:181 - 🎯 Found 1 opportunities!
2026-04-08 10:17:59.695 | WARNING  | __main__:safety_check:119 - 🔒 TEST MODE ENABLED - No real trades will execute
2026-04-08 10:18:09.712 | INFO     | __main__:scan_all_opportunities:97 - 🔍 Scanning for opportunities...
2026-04-08 10:18:09.713 | INFO     | __main__:scan_all_opportunities:111 - 📊 Test opportunity: 1.06%
2026-04-08 10:18:09.715 | SUCCESS  | __main__:run:181 - 🎯 Found 1 opportunities!
2026-04-08 10:18:09.716 | WARNING  | __main__:safety_check:119 - 🔒 TEST MODE ENABLED - No real trades will execute
2026-04-08 10:18:19.722 | INFO     | __main__:scan_all_opportunities:97 - 🔍 Scanning for opportunities...
2026-04-08 10:18:19.725 | INFO     | __main__:scan_all_opportunities:111 - 📊 Test opportunity: 1.41%
2026-04-08 10:18:19.730 | SUCCESS  | __main__:run:181 - 🎯 Found 1 opportunities!
2026-04-08 10:18:19.737 | WARNING  | __main__:safety_check:119 - 🔒 TEST MODE ENABLED - No real trades will execute
2026-04-08 10:18:29.883 | INFO     | __main__:scan_all_opportunities:97 - 🔍 Scanning for opportunities...
2026-04-08 10:18:29.884 | INFO     | __main__:scan_all_opportunities:111 - 📊 Test opportunity: 1.18%
2026-04-08 10:18:29.885 | SUCCESS  | __main__:run:181 - 🎯 Found 1 opportunities!
2026-04-08 10:18:29.886 | WARNING  | __main__:safety_check:119 - 🔒 TEST MODE ENABLED - No real trades will execute
2026-04-08 10:18:39.889 | INFO     | __main__:scan_all_opportunities:97 - 🔍 Scanning for opportunities...
2026-04-08 10:18:39.890 | INFO     | __main__:scan_all_opportunities:111 - 📊 Test opportunity: 0.85%
2026-04-08 10:18:39.891 | SUCCESS  | __main__:run:181 - 🎯 Found 1 opportunities!
2026-04-08 10:18:39.892 | WARNING  | __main__:safety_check:119 - 🔒 TEST MODE ENABLED - No real trades will execute
2026-04-08 10:18:49.905 | INFO     | __main__:scan_all_opportunities:97 - 🔍 Scanning for opportunities...
2026-04-08 10:18:49.907 | INFO     | __main__:scan_all_opportunities:111 - 📊 Test opportunity: 1.09%
2026-04-08 10:18:49.908 | SUCCESS  | __main__:run:181 - 🎯 Found 1 opportunities!
2026-04-08 10:18:49.908 | WARNING  | __main__:safety_check:119 - 🔒 TEST MODE ENABLED - No real trades will execute
2026-04-08 10:18:59.910 | INFO     | __main__:scan_all_opportunities:97 - 🔍 Scanning for opportunities...
2026-04-08 10:18:59.911 | INFO     | __main__:scan_all_opportunities:111 - 📊 Test opportunity: 1.47%
2026-04-08 10:18:59.912 | SUCCESS  | __main__:run:181 - 🎯 Found 1 opportunities!
2026-04-08 10:18:59.913 | WARNING  | __main__:safety_check:119 - 🔒 TEST MODE ENABLED - No real trades will execute
2026-04-08 10:19:09.916 | INFO     | __main__:scan_all_opportunities:97 - 🔍 Scanning for opportunities...
2026-04-08 10:19:09.917 | INFO     | __main__:scan_all_opportunities:111 - 📊 Test opportunity: 0.94%
2026-04-08 10:19:09.918 | SUCCESS  | __main__:run:181 - 🎯 Found 1 opportunities!
2026-04-08 10:19:09.919 | WARNING  | __main__:safety_check:119 - 🔒 TEST MODE ENABLED - No real trades will execute
2026-04-08 10:19:19.922 | INFO     | __main__:scan_all_opportunities:97 - 🔍 Scanning for opportunities...
2026-04-08 10:19:19.923 | INFO     | __main__:scan_all_opportunities:111 - 📊 Test opportunity: 0.67%
2026-04-08 10:19:19.924 | SUCCESS  | __main__:run:181 - 🎯 Found 1 opportunities!
2026-04-08 10:19:19.925 | WARNING  | __main__:safety_check:119 - 🔒 TEST MODE ENABLED - No real trades will execute
2026-04-08 10:19:29.938 | INFO     | __main__:scan_all_opportunities:97 - 🔍 Scanning for opportunities...
2026-04-08 10:19:39.946 | INFO     | __main__:scan_all_opportunities:97 - 🔍 Scanning for opportunities...
2026-04-08 10:19:39.947 | INFO     | __main__:scan_all_opportunities:111 - 📊 Test opportunity: 1.44%
2026-04-08 10:19:39.948 | SUCCESS  | __main__:run:181 - 🎯 Found 1 opportunities!
2026-04-08 10:19:39.949 | WARNING  | __main__:safety_check:119 - 🔒 TEST MODE ENABLED - No real trades will execute
2026-04-08 10:19:49.959 | INFO     | __main__:scan_all_opportunities:97 - 🔍 Scanning for opportunities...
2026-04-08 10:19:49.960 | INFO     | __main__:scan_all_opportunities:111 - 📊 Test opportunity: 0.65%
2026-04-08 10:19:49.961 | SUCCESS  | __main__:run:181 - 🎯 Found 1 opportunities!
2026-04-08 10:19:49.962 | WARNING  | __main__:safety_check:119 - 🔒 TEST MODE ENABLED - No real trades will execute
2026-04-08 10:19:59.975 | INFO     | __main__:scan_all_opportunities:97 - 🔍 Scanning for opportunities...
2026-04-08 10:19:59.976 | INFO     | __main__:scan_all_opportunities:111 - 📊 Test opportunity: 0.72%
2026-04-08 10:19:59.977 | SUCCESS  | __main__:run:181 - 🎯 Found 1 opportunities!
2026-04-08 10:19:59.978 | WARNING  | __main__:safety_check:119 - 🔒 TEST MODE ENABLED - No real trades will execute
2026-04-08 10:20:09.993 | INFO     | __main__:scan_all_opportunities:97 - 🔍 Scanning for opportunities...
2026-04-08 10:20:09.995 | INFO     | __main__:scan_all_opportunities:111 - 📊 Test opportunity: 1.02%
2026-04-08 10:20:09.995 | SUCCESS  | __main__:run:181 - 🎯 Found 1 opportunities!
2026-04-08 10:20:09.996 | WARNING  | __main__:safety_check:119 - 🔒 TEST MODE ENABLED - No real trades will execute
2026-04-08 10:20:20.005 | INFO     | __main__:scan_all_opportunities:97 - 🔍 Scanning for opportunities...
2026-04-08 10:20:20.006 | INFO     | __main__:scan_all_opportunities:111 - 📊 Test opportunity: 0.50%
2026-04-08 10:20:20.007 | SUCCESS  | __main__:run:181 - 🎯 Found 1 opportunities!
2026-04-08 10:20:20.008 | WARNING  | __main__:safety_check:119 - 🔒 TEST MODE ENABLED - No real trades will execute
2026-04-08 10:20:30.023 | INFO     | __main__:scan_all_opportunities:97 - 🔍 Scanning for opportunities...
2026-04-08 10:20:30.024 | INFO     | __main__:scan_all_opportunities:111 - 📊 Test opportunity: 1.01%
2026-04-08 10:20:30.025 | SUCCESS  | __main__:run:181 - 🎯 Found 1 opportunities!
2026-04-08 10:20:30.026 | WARNING  | __main__:safety_check:119 - 🔒 TEST MODE ENABLED - No real trades will execute
2026-04-08 10:20:40.041 | INFO     | __main__:scan_all_opportunities:97 - 🔍 Scanning for opportunities...
2026-04-08 10:20:40.042 | INFO     | __main__:scan_all_opportunities:111 - 📊 Test opportunity: 0.64%
2026-04-08 10:20:40.043 | SUCCESS  | __main__:run:181 - 🎯 Found 1 opportunities!
2026-04-08 10:20:40.044 | WARNING  | __main__:safety_check:119 - 🔒 TEST MODE ENABLED - No real trades will execute
2026-04-08 10:20:50.053 | INFO     | __main__:scan_all_opportunities:97 - 🔍 Scanning for opportunities...
2026-04-08 10:20:50.054 | INFO     | __main__:scan_all_opportunities:111 - 📊 Test opportunity: 0.76%
2026-04-08 10:20:50.055 | SUCCESS  | __main__:run:181 - 🎯 Found 1 opportunities!
2026-04-08 10:20:50.056 | WARNING  | __main__:safety_check:119 - 🔒 TEST MODE ENABLED - No real trades will execute
2026-04-08 10:21:00.058 | INFO     | __main__:scan_all_opportunities:97 - 🔍 Scanning for opportunities...
2026-04-08 10:21:00.059 | INFO     | __main__:scan_all_opportunities:111 - 📊 Test opportunity: 0.98%
2026-04-08 10:21:00.060 | SUCCESS  | __main__:run:181 - 🎯 Found 1 opportunities!
2026-04-08 10:21:00.061 | WARNING  | __main__:safety_check:119 - 🔒 TEST MODE ENABLED - No real trades will execute
2026-04-08 10:21:10.063 | INFO     | __main__:scan_all_opportunities:97 - 🔍 Scanning for opportunities...
2026-04-08 10:21:10.064 | INFO     | __main__:scan_all_opportunities:111 - 📊 Test opportunity: 1.21%
2026-04-08 10:21:10.065 | SUCCESS  | __main__:run:181 - 🎯 Found 1 opportunities!
2026-04-08 10:21:10.066 | WARNING  | __main__:safety_check:119 - 🔒 TEST MODE ENABLED - No real trades will execute
2026-04-08 10:21:20.078 | INFO     | __main__:scan_all_opportunities:97 - 🔍 Scanning for opportunities...
2026-04-08 10:21:20.080 | INFO     | __main__:scan_all_opportunities:111 - 📊 Test opportunity: 0.63%
2026-04-08 10:21:20.081 | SUCCESS  | __main__:run:181 - 🎯 Found 1 opportunities!
2026-04-08 10:21:20.082 | WARNING  | __main__:safety_check:119 - 🔒 TEST MODE ENABLED - No real trades will execute
2026-04-08 10:21:30.096 | INFO     | __main__:scan_all_opportunities:97 - 🔍 Scanning for opportunities...
2026-04-08 10:21:30.098 | INFO     | __main__:scan_all_opportunities:111 - 📊 Test opportunity: 1.02%
2026-04-08 10:21:30.099 | SUCCESS  | __main__:run:181 - 🎯 Found 1 opportunities!
2026-04-08 10:21:30.100 | WARNING  | __main__:safety_check:119 - 🔒 TEST MODE ENABLED - No real trades will execute
2026-04-08 10:21:40.109 | INFO     | __main__:scan_all_opportunities:97 - 🔍 Scanning for opportunities...
2026-04-08 10:21:50.118 | INFO     | __main__:scan_all_opportunities:97 - 🔍 Scanning for opportunities...
2026-04-08 10:21:50.119 | INFO     | __main__:scan_all_opportunities:111 - 📊 Test opportunity: 1.20%
2026-04-08 10:21:50.121 | SUCCESS  | __main__:run:181 - 🎯 Found 1 opportunities!
2026-04-08 10:21:50.121 | WARNING  | __main__:safety_check:119 - 🔒 TEST MODE ENABLED - No real trades will execute
2026-04-08 10:22:00.127 | INFO     | __main__:scan_all_opportunities:97 - 🔍 Scanning for opportunities...
2026-04-08 10:22:10.140 | INFO     | __main__:scan_all_opportunities:97 - 🔍 Scanning for opportunities...
2026-04-08 10:22:10.141 | INFO     | __main__:scan_all_opportunities:111 - 📊 Test opportunity: 1.28%
2026-04-08 10:22:10.142 | SUCCESS  | __main__:run:181 - 🎯 Found 1 opportunities!
2026-04-08 10:22:10.143 | WARNING  | __main__:safety_check:119 - 🔒 TEST MODE ENABLED - No real trades will execute
2026-04-08 10:22:20.155 | INFO     | __main__:scan_all_opportunities:97 - 🔍 Scanning for opportunities...
2026-04-08 10:22:30.159 | INFO     | __main__:scan_all_opportunities:97 - 🔍 Scanning for opportunities...
2026-04-08 10:22:40.160 | INFO     | __main__:scan_all_opportunities:97 - 🔍 Scanning for opportunities...
2026-04-08 10:22:40.161 | INFO     | __main__:scan_all_opportunities:111 - 📊 Test opportunity: 1.46%
2026-04-08 10:22:40.162 | SUCCESS  | __main__:run:181 - 🎯 Found 1 opportunities!
2026-04-08 10:22:40.163 | WARNING  | __main__:safety_check:119 - 🔒 TEST MODE ENABLED - No real trades will execute
2026-04-08 10:22:50.167 | INFO     | __main__:scan_all_opportunities:97 - 🔍 Scanning for opportunities...
2026-04-08 10:22:50.168 | INFO     | __main__:scan_all_opportunities:111 - 📊 Test opportunity: 1.45%
2026-04-08 10:22:50.169 | SUCCESS  | __main__:run:181 - 🎯 Found 1 opportunities!
2026-04-08 10:22:50.170 | WARNING  | __main__:safety_check:119 - 🔒 TEST MODE ENABLED - No real trades will execute
2026-04-08 10:23:00.175 | INFO     | __main__:scan_all_opportunities:97 - 🔍 Scanning for opportunities...
2026-04-08 10:23:10.181 | INFO     | __main__:scan_all_opportunities:97 - 🔍 Scanning for opportunities...
2026-04-08 10:23:10.182 | INFO     | __main__:scan_all_opportunities:111 - 📊 Test opportunity: 1.02%
2026-04-08 10:23:10.183 | SUCCESS  | __main__:run:181 - 🎯 Found 1 opportunities!
2026-04-08 10:23:10.184 | WARNING  | __main__:safety_check:119 - 🔒 TEST MODE ENABLED - No real trades will execute
2026-04-08 10:23:20.188 | INFO     | __main__:scan_all_opportunities:97 - 🔍 Scanning for opportunities...
2026-04-08 10:23:20.189 | INFO     | __main__:scan_all_opportunities:111 - 📊 Test opportunity: 1.09%
2026-04-08 10:23:20.189 | SUCCESS  | __main__:run:181 - 🎯 Found 1 opportunities!
2026-04-08 10:23:20.190 | WARNING  | __main__:safety_check:119 - 🔒 TEST MODE ENABLED - No real trades will execute
2026-04-08 10:23:30.208 | INFO     | __main__:scan_all_opportunities:97 - 🔍 Scanning for opportunities...
2026-04-08 10:23:30.209 | INFO     | __main__:scan_all_opportunities:111 - 📊 Test opportunity: 0.86%
2026-04-08 10:23:30.210 | SUCCESS  | __main__:run:181 - 🎯 Found 1 opportunities!
2026-04-08 10:23:30.211 | WARNING  | __main__:safety_check:119 - 🔒 TEST MODE ENABLED - No real trades will execute
2026-04-08 10:23:40.225 | INFO     | __main__:scan_all_opportunities:97 - 🔍 Scanning for opportunities...
2026-04-08 10:23:40.226 | INFO     | __main__:scan_all_opportunities:111 - 📊 Test opportunity: 0.68%
2026-04-08 10:23:40.227 | SUCCESS  | __main__:run:181 - 🎯 Found 1 opportunities!
2026-04-08 10:23:40.228 | WARNING  | __main__:safety_check:119 - 🔒 TEST MODE ENABLED - No real trades will execute
2026-04-08 10:23:50.230 | INFO     | __main__:scan_all_opportunities:97 - 🔍 Scanning for opportunities...
2026-04-08 10:23:50.231 | INFO     | __main__:scan_all_opportunities:111 - 📊 Test opportunity: 1.23%
2026-04-08 10:23:50.232 | SUCCESS  | __main__:run:181 - 🎯 Found 1 opportunities!
2026-04-08 10:23:50.233 | WARNING  | __main__:safety_check:119 - 🔒 TEST MODE ENABLED - No real trades will execute
2026-04-08 10:24:00.241 | INFO     | __main__:scan_all_opportunities:97 - 🔍 Scanning for opportunities...
2026-04-08 10:24:10.257 | INFO     | __main__:scan_all_opportunities:97 - 🔍 Scanning for opportunities...
2026-04-08 10:24:10.258 | INFO     | __main__:scan_all_opportunities:111 - 📊 Test opportunity: 0.73%
2026-04-08 10:24:10.259 | SUCCESS  | __main__:run:181 - 🎯 Found 1 opportunities!
2026-04-08 10:24:10.260 | WARNING  | __main__:safety_check:119 - 🔒 TEST MODE ENABLED - No real trades will execute
2026-04-08 10:24:20.262 | INFO     | __main__:scan_all_opportunities:97 - 🔍 Scanning for opportunities...
2026-04-08 10:24:20.264 | INFO     | __main__:scan_all_opportunities:111 - 📊 Test opportunity: 1.48%
2026-04-08 10:24:20.264 | SUCCESS  | __main__:run:181 - 🎯 Found 1 opportunities!
2026-04-08 10:24:20.266 | WARNING  | __main__:safety_check:119 - 🔒 TEST MODE ENABLED - No real trades will execute
2026-04-08 10:24:30.269 | INFO     | __main__:scan_all_opportunities:97 - 🔍 Scanning for opportunities...
2026-04-08 10:24:30.270 | INFO     | __main__:scan_all_opportunities:111 - 📊 Test opportunity: 0.85%
2026-04-08 10:24:30.271 | SUCCESS  | __main__:run:181 - 🎯 Found 1 opportunities!
2026-04-08 10:24:30.272 | WARNING  | __main__:safety_check:119 - 🔒 TEST MODE ENABLED - No real trades will execute
2026-04-08 10:24:40.279 | INFO     | __main__:scan_all_opportunities:97 - 🔍 Scanning for opportunities...
2026-04-08 10:24:40.280 | INFO     | __main__:scan_all_opportunities:111 - 📊 Test opportunity: 0.70%
2026-04-08 10:24:40.281 | SUCCESS  | __main__:run:181 - 🎯 Found 1 opportunities!
2026-04-08 10:24:40.281 | WARNING  | __main__:safety_check:119 - 🔒 TEST MODE ENABLED - No real trades will execute
2026-04-08 10:24:50.285 | INFO     | __main__:scan_all_opportunities:97 - 🔍 Scanning for opportunities...
2026-04-08 10:24:50.286 | INFO     | __main__:scan_all_opportunities:111 - 📊 Test opportunity: 0.81%
2026-04-08 10:24:50.287 | SUCCESS  | __main__:run:181 - 🎯 Found 1 opportunities!
2026-04-08 10:24:50.288 | WARNING  | __main__:safety_check:119 - 🔒 TEST MODE ENABLED - No real trades will execute
2026-04-08 10:25:00.303 | INFO     | __main__:scan_all_opportunities:97 - 🔍 Scanning for opportunities...
2026-04-08 10:25:00.304 | INFO     | __main__:scan_all_opportunities:111 - 📊 Test opportunity: 0.90%
2026-04-08 10:25:00.306 | SUCCESS  | __main__:run:181 - 🎯 Found 1 opportunities!
2026-04-08 10:25:00.307 | WARNING  | __main__:safety_check:119 - 🔒 TEST MODE ENABLED - No real trades will execute
2026-04-08 10:25:10.318 | INFO     | __main__:scan_all_opportunities:97 - 🔍 Scanning for opportunities...
2026-04-08 10:25:20.326 | INFO     | __main__:scan_all_opportunities:97 - 🔍 Scanning for opportunities...
2026-04-08 10:25:20.327 | INFO     | __main__:scan_all_opportunities:111 - 📊 Test opportunity: 1.18%
2026-04-08 10:25:20.328 | SUCCESS  | __main__:run:181 - 🎯 Found 1 opportunities!
2026-04-08 10:25:20.329 | WARNING  | __main__:safety_check:119 - 🔒 TEST MODE ENABLED - No real trades will execute
2026-04-08 10:25:30.345 | INFO     | __main__:scan_all_opportunities:97 - 🔍 Scanning for opportunities...
2026-04-08 10:25:30.346 | INFO     | __main__:scan_all_opportunities:111 - 📊 Test opportunity: 0.59%
2026-04-08 10:25:30.347 | SUCCESS  | __main__:run:181 - 🎯 Found 1 opportunities!
2026-04-08 10:25:30.348 | WARNING  | __main__:safety_check:119 - 🔒 TEST MODE ENABLED - No real trades will execute
2026-04-08 10:25:40.363 | INFO     | __main__:scan_all_opportunities:97 - 🔍 Scanning for opportunities...
2026-04-08 10:25:40.365 | INFO     | __main__:scan_all_opportunities:111 - 📊 Test opportunity: 1.21%
2026-04-08 10:25:40.366 | SUCCESS  | __main__:run:181 - 🎯 Found 1 opportunities!
2026-04-08 10:25:40.366 | WARNING  | __main__:safety_check:119 - 🔒 TEST MODE ENABLED - No real trades will execute
2026-04-08 10:25:50.371 | INFO     | __main__:scan_all_opportunities:97 - 🔍 Scanning for opportunities...
2026-04-08 10:25:50.373 | INFO     | __main__:scan_all_opportunities:111 - 📊 Test opportunity: 0.88%
2026-04-08 10:25:50.374 | SUCCESS  | __main__:run:181 - 🎯 Found 1 opportunities!
2026-04-08 10:25:50.374 | WARNING  | __main__:safety_check:119 - 🔒 TEST MODE ENABLED - No real trades will execute
2026-04-08 10:26:00.389 | INFO     | __main__:scan_all_opportunities:97 - 🔍 Scanning for opportunities...
2026-04-08 10:26:10.400 | INFO     | __main__:scan_all_opportunities:97 - 🔍 Scanning for opportunities...
2026-04-08 10:26:20.415 | INFO     | __main__:scan_all_opportunities:97 - 🔍 Scanning for opportunities...
2026-04-08 10:26:20.416 | INFO     | __main__:scan_all_opportunities:111 - 📊 Test opportunity: 0.72%
2026-04-08 10:26:20.417 | SUCCESS  | __main__:run:181 - 🎯 Found 1 opportunities!
2026-04-08 10:26:20.418 | WARNING  | __main__:safety_check:119 - 🔒 TEST MODE ENABLED - No real trades will execute
2026-04-08 10:26:30.421 | INFO     | __main__:scan_all_opportunities:97 - 🔍 Scanning for opportunities...
2026-04-08 10:26:30.422 | INFO     | __main__:scan_all_opportunities:111 - 📊 Test opportunity: 0.63%
2026-04-08 10:26:30.422 | SUCCESS  | __main__:run:181 - 🎯 Found 1 opportunities!
2026-04-08 10:26:30.424 | WARNING  | __main__:safety_check:119 - 🔒 TEST MODE ENABLED - No real trades will execute
2026-04-08 10:26:40.436 | INFO     | __main__:scan_all_opportunities:97 - 🔍 Scanning for opportunities...
2026-04-08 10:26:40.437 | INFO     | __main__:scan_all_opportunities:111 - 📊 Test opportunity: 1.45%
2026-04-08 10:26:40.438 | SUCCESS  | __main__:run:181 - 🎯 Found 1 opportunities!
2026-04-08 10:26:40.439 | WARNING  | __main__:safety_check:119 - 🔒 TEST MODE ENABLED - No real trades will execute
2026-04-08 10:26:50.459 | INFO     | __main__:scan_all_opportunities:97 - 🔍 Scanning for opportunities...
2026-04-08 10:26:50.460 | INFO     | __main__:scan_all_opportunities:111 - 📊 Test opportunity: 1.15%
2026-04-08 10:26:50.461 | SUCCESS  | __main__:run:181 - 🎯 Found 1 opportunities!
2026-04-08 10:26:50.462 | WARNING  | __main__:safety_check:119 - 🔒 TEST MODE ENABLED - No real trades will execute
2026-04-08 10:27:00.475 | INFO     | __main__:scan_all_opportunities:97 - 🔍 Scanning for opportunities...
2026-04-08 10:27:10.482 | INFO     | __main__:scan_all_opportunities:97 - 🔍 Scanning for opportunities...
2026-04-08 10:27:10.483 | INFO     | __main__:scan_all_opportunities:111 - 📊 Test opportunity: 0.86%
2026-04-08 10:27:10.484 | SUCCESS  | __main__:run:181 - 🎯 Found 1 opportunities!
2026-04-08 10:27:10.484 | WARNING  | __main__:safety_check:119 - 🔒 TEST MODE ENABLED - No real trades will execute
2026-04-08 10:27:20.489 | INFO     | __main__:scan_all_opportunities:97 - 🔍 Scanning for opportunities...
2026-04-08 10:27:20.491 | INFO     | __main__:scan_all_opportunities:111 - 📊 Test opportunity: 0.53%
2026-04-08 10:27:20.491 | SUCCESS  | __main__:run:181 - 🎯 Found 1 opportunities!
2026-04-08 10:27:20.492 | WARNING  | __main__:safety_check:119 - 🔒 TEST MODE ENABLED - No real trades will execute
2026-04-08 10:27:30.494 | INFO     | __main__:scan_all_opportunities:97 - 🔍 Scanning for opportunities...
2026-04-08 10:27:30.495 | INFO     | __main__:scan_all_opportunities:111 - 📊 Test opportunity: 0.82%
2026-04-08 10:27:30.496 | SUCCESS  | __main__:run:181 - 🎯 Found 1 opportunities!
2026-04-08 10:27:30.497 | WARNING  | __main__:safety_check:119 - 🔒 TEST MODE ENABLED - No real trades will execute
2026-04-08 10:27:40.504 | INFO     | __main__:scan_all_opportunities:97 - 🔍 Scanning for opportunities...
2026-04-08 10:27:40.506 | INFO     | __main__:scan_all_opportunities:111 - 📊 Test opportunity: 0.84%
2026-04-08 10:27:40.507 | SUCCESS  | __main__:run:181 - 🎯 Found 1 opportunities!
2026-04-08 10:27:40.508 | WARNING  | __main__:safety_check:119 - 🔒 TEST MODE ENABLED - No real trades will execute
2026-04-08 10:27:50.514 | INFO     | __main__:scan_all_opportunities:97 - 🔍 Scanning for opportunities...
2026-04-08 10:27:50.515 | INFO     | __main__:scan_all_opportunities:111 - 📊 Test opportunity: 0.73%
2026-04-08 10:27:50.516 | SUCCESS  | __main__:run:181 - 🎯 Found 1 opportunities!
2026-04-08 10:27:50.516 | WARNING  | __main__:safety_check:119 - 🔒 TEST MODE ENABLED - No real trades will execute
2026-04-08 10:28:00.529 | INFO     | __main__:scan_all_opportunities:97 - 🔍 Scanning for opportunities...
2026-04-08 10:28:00.530 | INFO     | __main__:scan_all_opportunities:111 - 📊 Test opportunity: 0.85%
2026-04-08 10:28:00.532 | SUCCESS  | __main__:run:181 - 🎯 Found 1 opportunities!
2026-04-08 10:28:00.533 | WARNING  | __main__:safety_check:119 - 🔒 TEST MODE ENABLED - No real trades will execute
2026-04-08 10:28:10.545 | INFO     | __main__:scan_all_opportunities:97 - 🔍 Scanning for opportunities...
2026-04-08 10:28:10.546 | INFO     | __main__:scan_all_opportunities:111 - 📊 Test opportunity: 1.49%
2026-04-08 10:28:10.547 | SUCCESS  | __main__:run:181 - 🎯 Found 1 opportunities!
2026-04-08 10:28:10.548 | WARNING  | __main__:safety_check:119 - 🔒 TEST MODE ENABLED - No real trades will execute
2026-04-08 10:28:20.554 | INFO     | __main__:scan_all_opportunities:97 - 🔍 Scanning for opportunities...
2026-04-08 10:28:20.555 | INFO     | __main__:scan_all_opportunities:111 - 📊 Test opportunity: 0.62%
2026-04-08 10:28:20.556 | SUCCESS  | __main__:run:181 - 🎯 Found 1 opportunities!
2026-04-08 10:28:20.557 | WARNING  | __main__:safety_check:119 - 🔒 TEST MODE ENABLED - No real trades will execute
2026-04-08 10:28:30.574 | INFO     | __main__:scan_all_opportunities:97 - 🔍 Scanning for opportunities...
2026-04-08 10:28:30.576 | INFO     | __main__:scan_all_opportunities:111 - 📊 Test opportunity: 0.57%
2026-04-08 10:28:30.577 | SUCCESS  | __main__:run:181 - 🎯 Found 1 opportunities!
2026-04-08 10:28:30.578 | WARNING  | __main__:safety_check:119 - 🔒 TEST MODE ENABLED - No real trades will execute
2026-04-08 10:28:40.592 | INFO     | __main__:scan_all_opportunities:97 - 🔍 Scanning for opportunities...
2026-04-08 10:28:50.609 | INFO     | __main__:scan_all_opportunities:97 - 🔍 Scanning for opportunities...
2026-04-08 10:28:50.610 | INFO     | __main__:scan_all_opportunities:111 - 📊 Test opportunity: 0.71%
2026-04-08 10:28:50.611 | SUCCESS  | __main__:run:181 - 🎯 Found 1 opportunities!
2026-04-08 10:28:50.612 | WARNING  | __main__:safety_check:119 - 🔒 TEST MODE ENABLED - No real trades will execute
2026-04-08 10:29:00.625 | INFO     | __main__:scan_all_opportunities:97 - 🔍 Scanning for opportunities...
2026-04-08 10:29:00.629 | INFO     | __main__:scan_all_opportunities:111 - 📊 Test opportunity: 1.01%
2026-04-08 10:29:00.630 | SUCCESS  | __main__:run:181 - 🎯 Found 1 opportunities!
2026-04-08 10:29:00.633 | WARNING  | __main__:safety_check:119 - 🔒 TEST MODE ENABLED - No real trades will execute
2026-04-08 10:29:10.645 | INFO     | __main__:scan_all_opportunities:97 - 🔍 Scanning for opportunities...
2026-04-08 10:29:20.651 | INFO     | __main__:scan_all_opportunities:97 - 🔍 Scanning for opportunities...
2026-04-08 10:29:20.653 | INFO     | __main__:scan_all_opportunities:111 - 📊 Test opportunity: 1.09%
2026-04-08 10:29:20.654 | SUCCESS  | __main__:run:181 - 🎯 Found 1 opportunities!
2026-04-08 10:29:20.655 | WARNING  | __main__:safety_check:119 - 🔒 TEST MODE ENABLED - No real trades will execute
2026-04-08 10:29:30.669 | INFO     | __main__:scan_all_opportunities:97 - 🔍 Scanning for opportunities...
2026-04-08 10:29:30.671 | INFO     | __main__:scan_all_opportunities:111 - 📊 Test opportunity: 1.15%
2026-04-08 10:29:30.672 | SUCCESS  | __main__:run:181 - 🎯 Found 1 opportunities!
2026-04-08 10:29:30.673 | WARNING  | __main__:safety_check:119 - 🔒 TEST MODE ENABLED - No real trades will execute
2026-04-08 10:29:40.686 | INFO     | __main__:scan_all_opportunities:97 - 🔍 Scanning for opportunities...
2026-04-08 10:29:40.688 | INFO     | __main__:scan_all_opportunities:111 - 📊 Test opportunity: 0.54%
2026-04-08 10:29:40.689 | SUCCESS  | __main__:run:181 - 🎯 Found 1 opportunities!
2026-04-08 10:29:40.690 | WARNING  | __main__:safety_check:119 - 🔒 TEST MODE ENABLED - No real trades will execute
2026-04-08 10:29:50.703 | INFO     | __main__:scan_all_opportunities:97 - 🔍 Scanning for opportunities...
2026-04-08 10:30:00.719 | INFO     | __main__:scan_all_opportunities:97 - 🔍 Scanning for opportunities...
2026-04-08 10:30:00.720 | INFO     | __main__:scan_all_opportunities:111 - 📊 Test opportunity: 0.91%
2026-04-08 10:30:00.721 | SUCCESS  | __main__:run:181 - 🎯 Found 1 opportunities!
2026-04-08 10:30:00.722 | WARNING  | __main__:safety_check:119 - 🔒 TEST MODE ENABLED - No real trades will execute
2026-04-08 10:30:10.736 | INFO     | __main__:scan_all_opportunities:97 - 🔍 Scanning for opportunities...
2026-04-08 10:30:20.747 | INFO     | __main__:scan_all_opportunities:97 - 🔍 Scanning for opportunities...
2026-04-08 10:30:20.748 | INFO     | __main__:scan_all_opportunities:111 - 📊 Test opportunity: 1.38%
2026-04-08 10:30:20.749 | SUCCESS  | __main__:run:181 - 🎯 Found 1 opportunities!
2026-04-08 10:30:20.750 | WARNING  | __main__:safety_check:119 - 🔒 TEST MODE ENABLED - No real trades will execute
2026-04-08 10:30:30.751 | INFO     | __main__:scan_all_opportunities:97 - 🔍 Scanning for opportunities...
2026-04-08 10:30:30.753 | INFO     | __main__:scan_all_opportunities:111 - 📊 Test opportunity: 1.16%
2026-04-08 10:30:30.754 | SUCCESS  | __main__:run:181 - 🎯 Found 1 opportunities!
2026-04-08 10:30:30.755 | WARNING  | __main__:safety_check:119 - 🔒 TEST MODE ENABLED - No real trades will execute
2026-04-08 10:30:40.764 | INFO     | __main__:scan_all_opportunities:97 - 🔍 Scanning for opportunities...
2026-04-08 10:30:40.765 | INFO     | __main__:scan_all_opportunities:111 - 📊 Test opportunity: 1.40%
2026-04-08 10:30:40.766 | SUCCESS  | __main__:run:181 - 🎯 Found 1 opportunities!
2026-04-08 10:30:40.767 | WARNING  | __main__:safety_check:119 - 🔒 TEST MODE ENABLED - No real trades will execute
2026-04-08 10:30:50.770 | INFO     | __main__:scan_all_opportunities:97 - 🔍 Scanning for opportunities...
2026-04-08 10:30:50.771 | INFO     | __main__:scan_all_opportunities:111 - 📊 Test opportunity: 0.55%
2026-04-08 10:30:50.772 | SUCCESS  | __main__:run:181 - 🎯 Found 1 opportunities!
2026-04-08 10:30:50.773 | WARNING  | __main__:safety_check:119 - 🔒 TEST MODE ENABLED - No real trades will execute
2026-04-08 10:31:00.786 | INFO     | __main__:scan_all_opportunities:97 - 🔍 Scanning for opportunities...
2026-04-08 10:31:00.788 | INFO     | __main__:scan_all_opportunities:111 - 📊 Test opportunity: 0.76%
2026-04-08 10:31:00.789 | SUCCESS  | __main__:run:181 - 🎯 Found 1 opportunities!
2026-04-08 10:31:00.790 | WARNING  | __main__:safety_check:119 - 🔒 TEST MODE ENABLED - No real trades will execute
2026-04-08 10:31:10.796 | INFO     | __main__:scan_all_opportunities:97 - 🔍 Scanning for opportunities...
2026-04-08 10:31:10.797 | INFO     | __main__:scan_all_opportunities:111 - 📊 Test opportunity: 0.90%
2026-04-08 10:31:10.798 | SUCCESS  | __main__:run:181 - 🎯 Found 1 opportunities!
2026-04-08 10:31:10.799 | WARNING  | __main__:safety_check:119 - 🔒 TEST MODE ENABLED - No real trades will execute
2026-04-08 10:31:20.803 | INFO     | __main__:scan_all_opportunities:97 - 🔍 Scanning for opportunities...
2026-04-08 10:31:20.804 | INFO     | __main__:scan_all_opportunities:111 - 📊 Test opportunity: 0.88%
2026-04-08 10:31:20.805 | SUCCESS  | __main__:run:181 - 🎯 Found 1 opportunities!
2026-04-08 10:31:20.806 | WARNING  | __main__:safety_check:119 - 🔒 TEST MODE ENABLED - No real trades will execute
2026-04-08 10:31:30.807 | INFO     | __main__:scan_all_opportunities:97 - 🔍 Scanning for opportunities...
2026-04-08 10:31:30.808 | INFO     | __main__:scan_all_opportunities:111 - 📊 Test opportunity: 0.98%
2026-04-08 10:31:30.809 | SUCCESS  | __main__:run:181 - 🎯 Found 1 opportunities!
2026-04-08 10:31:30.810 | WARNING  | __main__:safety_check:119 - 🔒 TEST MODE ENABLED - No real trades will execute
2026-04-08 10:31:40.817 | INFO     | __main__:scan_all_opportunities:97 - 🔍 Scanning for opportunities...
2026-04-08 10:31:40.818 | INFO     | __main__:scan_all_opportunities:111 - 📊 Test opportunity: 1.29%
2026-04-08 10:31:40.819 | SUCCESS  | __main__:run:181 - 🎯 Found 1 opportunities!
2026-04-08 10:31:40.820 | WARNING  | __main__:safety_check:119 - 🔒 TEST MODE ENABLED - No real trades will execute
2026-04-08 10:31:50.837 | INFO     | __main__:scan_all_opportunities:97 - 🔍 Scanning for opportunities...
2026-04-08 10:31:50.838 | INFO     | __main__:scan_all_opportunities:111 - 📊 Test opportunity: 1.28%
2026-04-08 10:31:50.839 | SUCCESS  | __main__:run:181 - 🎯 Found 1 opportunities!
2026-04-08 10:31:50.840 | WARNING  | __main__:safety_check:119 - 🔒 TEST MODE ENABLED - No real trades will execute
2026-04-08 10:32:00.855 | INFO     | __main__:scan_all_opportunities:97 - 🔍 Scanning for opportunities...
2026-04-08 10:32:00.856 | INFO     | __main__:scan_all_opportunities:111 - 📊 Test opportunity: 0.99%
2026-04-08 10:32:00.856 | SUCCESS  | __main__:run:181 - 🎯 Found 1 opportunities!
2026-04-08 10:32:00.858 | WARNING  | __main__:safety_check:119 - 🔒 TEST MODE ENABLED - No real trades will execute
2026-04-08 10:32:10.870 | INFO     | __main__:scan_all_opportunities:97 - 🔍 Scanning for opportunities...
2026-04-08 10:32:10.871 | INFO     | __main__:scan_all_opportunities:111 - 📊 Test opportunity: 1.45%
2026-04-08 10:32:10.872 | SUCCESS  | __main__:run:181 - 🎯 Found 1 opportunities!
2026-04-08 10:32:10.873 | WARNING  | __main__:safety_check:119 - 🔒 TEST MODE ENABLED - No real trades will execute
2026-04-08 10:32:20.877 | INFO     | __main__:scan_all_opportunities:97 - 🔍 Scanning for opportunities...
2026-04-08 10:32:30.884 | INFO     | __main__:scan_all_opportunities:97 - 🔍 Scanning for opportunities...
2026-04-08 10:32:30.885 | INFO     | __main__:scan_all_opportunities:111 - 📊 Test opportunity: 1.48%
2026-04-08 10:32:30.886 | SUCCESS  | __main__:run:181 - 🎯 Found 1 opportunities!
2026-04-08 10:32:30.887 | WARNING  | __main__:safety_check:119 - 🔒 TEST MODE ENABLED - No real trades will execute
2026-04-08 10:32:40.901 | INFO     | __main__:scan_all_opportunities:97 - 🔍 Scanning for opportunities...
2026-04-08 10:32:40.902 | INFO     | __main__:scan_all_opportunities:111 - 📊 Test opportunity: 0.58%
2026-04-08 10:32:40.904 | SUCCESS  | __main__:run:181 - 🎯 Found 1 opportunities!
2026-04-08 10:32:40.905 | WARNING  | __main__:safety_check:119 - 🔒 TEST MODE ENABLED - No real trades will execute
2026-04-08 10:32:50.908 | INFO     | __main__:scan_all_opportunities:97 - 🔍 Scanning for opportunities...
2026-04-08 10:33:00.920 | INFO     | __main__:scan_all_opportunities:97 - 🔍 Scanning for opportunities...
2026-04-08 10:33:00.921 | INFO     | __main__:scan_all_opportunities:111 - 📊 Test opportunity: 0.79%
2026-04-08 10:33:00.922 | SUCCESS  | __main__:run:181 - 🎯 Found 1 opportunities!
2026-04-08 10:33:00.923 | WARNING  | __main__:safety_check:119 - 🔒 TEST MODE ENABLED - No real trades will execute
2026-04-08 10:33:10.926 | INFO     | __main__:scan_all_opportunities:97 - 🔍 Scanning for opportunities...
2026-04-08 10:33:10.927 | INFO     | __main__:scan_all_opportunities:111 - 📊 Test opportunity: 1.31%
2026-04-08 10:33:10.928 | SUCCESS  | __main__:run:181 - 🎯 Found 1 opportunities!
2026-04-08 10:33:10.929 | WARNING  | __main__:safety_check:119 - 🔒 TEST MODE ENABLED - No real trades will execute
2026-04-08 10:33:20.936 | INFO     | __main__:scan_all_opportunities:97 - 🔍 Scanning for opportunities...
2026-04-08 10:33:20.937 | INFO     | __main__:scan_all_opportunities:111 - 📊 Test opportunity: 0.94%
2026-04-08 10:33:20.938 | SUCCESS  | __main__:run:181 - 🎯 Found 1 opportunities!
2026-04-08 10:33:20.939 | WARNING  | __main__:safety_check:119 - 🔒 TEST MODE ENABLED - No real trades will execute
2026-04-08 10:33:30.958 | INFO     | __main__:scan_all_opportunities:97 - 🔍 Scanning for opportunities...
2026-04-08 10:33:30.959 | INFO     | __main__:scan_all_opportunities:111 - 📊 Test opportunity: 1.39%
2026-04-08 10:33:30.960 | SUCCESS  | __main__:run:181 - 🎯 Found 1 opportunities!
2026-04-08 10:33:30.961 | WARNING  | __main__:safety_check:119 - 🔒 TEST MODE ENABLED - No real trades will execute
2026-04-08 10:33:40.972 | INFO     | __main__:scan_all_opportunities:97 - 🔍 Scanning for opportunities...
2026-04-08 10:33:50.975 | INFO     | __main__:scan_all_opportunities:97 - 🔍 Scanning for opportunities...
2026-04-08 10:34:00.980 | INFO     | __main__:scan_all_opportunities:97 - 🔍 Scanning for opportunities...
2026-04-08 10:34:00.981 | INFO     | __main__:scan_all_opportunities:111 - 📊 Test opportunity: 0.70%
2026-04-08 10:34:00.983 | SUCCESS  | __main__:run:181 - 🎯 Found 1 opportunities!
2026-04-08 10:34:00.983 | WARNING  | __main__:safety_check:119 - 🔒 TEST MODE ENABLED - No real trades will execute
2026-04-08 10:34:10.992 | INFO     | __main__:scan_all_opportunities:97 - 🔍 Scanning for opportunities...
2026-04-08 10:34:10.993 | INFO     | __main__:scan_all_opportunities:111 - 📊 Test opportunity: 1.12%
2026-04-08 10:34:10.994 | SUCCESS  | __main__:run:181 - 🎯 Found 1 opportunities!
2026-04-08 10:34:10.995 | WARNING  | __main__:safety_check:119 - 🔒 TEST MODE ENABLED - No real trades will execute
2026-04-08 10:34:21.002 | INFO     | __main__:scan_all_opportunities:97 - 🔍 Scanning for opportunities...
2026-04-08 10:34:21.005 | INFO     | __main__:scan_all_opportunities:111 - 📊 Test opportunity: 0.82%
2026-04-08 10:34:21.006 | SUCCESS  | __main__:run:181 - 🎯 Found 1 opportunities!
2026-04-08 10:34:21.007 | WARNING  | __main__:safety_check:119 - 🔒 TEST MODE ENABLED - No real trades will execute
2026-04-08 10:34:31.022 | INFO     | __main__:scan_all_opportunities:97 - 🔍 Scanning for opportunities...
2026-04-08 10:34:41.038 | INFO     | __main__:scan_all_opportunities:97 - 🔍 Scanning for opportunities...
2026-04-08 10:34:41.039 | INFO     | __main__:scan_all_opportunities:111 - 📊 Test opportunity: 1.10%
2026-04-08 10:34:41.040 | SUCCESS  | __main__:run:181 - 🎯 Found 1 opportunities!
2026-04-08 10:34:41.041 | WARNING  | __main__:safety_check:119 - 🔒 TEST MODE ENABLED - No real trades will execute
2026-04-08 10:34:51.048 | INFO     | __main__:scan_all_opportunities:97 - 🔍 Scanning for opportunities...
2026-04-08 10:34:51.049 | INFO     | __main__:scan_all_opportunities:111 - 📊 Test opportunity: 0.99%
2026-04-08 10:34:51.049 | SUCCESS  | __main__:run:181 - 🎯 Found 1 opportunities!
2026-04-08 10:34:51.050 | WARNING  | __main__:safety_check:119 - 🔒 TEST MODE ENABLED - No real trades will execute
2026-04-08 10:35:01.062 | INFO     | __main__:scan_all_opportunities:97 - 🔍 Scanning for opportunities...
2026-04-08 10:35:01.063 | INFO     | __main__:scan_all_opportunities:111 - 📊 Test opportunity: 0.81%
2026-04-08 10:35:01.064 | SUCCESS  | __main__:run:181 - 🎯 Found 1 opportunities!
2026-04-08 10:35:01.065 | WARNING  | __main__:safety_check:119 - 🔒 TEST MODE ENABLED - No real trades will execute
2026-04-08 10:35:11.086 | INFO     | __main__:scan_all_opportunities:97 - 🔍 Scanning for opportunities...
2026-04-08 10:35:11.087 | INFO     | __main__:scan_all_opportunities:111 - 📊 Test opportunity: 0.96%
2026-04-08 10:35:11.088 | SUCCESS  | __main__:run:181 - 🎯 Found 1 opportunities!
2026-04-08 10:35:11.089 | WARNING  | __main__:safety_check:119 - 🔒 TEST MODE ENABLED - No real trades will execute
2026-04-08 10:35:21.092 | INFO     | __main__:scan_all_opportunities:97 - 🔍 Scanning for opportunities...
2026-04-08 10:35:21.093 | INFO     | __main__:scan_all_opportunities:111 - 📊 Test opportunity: 1.29%
2026-04-08 10:35:21.094 | SUCCESS  | __main__:run:181 - 🎯 Found 1 opportunities!
2026-04-08 10:35:21.095 | WARNING  | __main__:safety_check:119 - 🔒 TEST MODE ENABLED - No real trades will execute
2026-04-08 10:35:31.098 | INFO     | __main__:scan_all_opportunities:97 - 🔍 Scanning for opportunities...
2026-04-08 10:35:31.099 | INFO     | __main__:scan_all_opportunities:111 - 📊 Test opportunity: 0.96%
2026-04-08 10:35:31.100 | SUCCESS  | __main__:run:181 - 🎯 Found 1 opportunities!
2026-04-08 10:35:31.101 | WARNING  | __main__:safety_check:119 - 🔒 TEST MODE ENABLED - No real trades will execute
2026-04-08 10:35:41.116 | INFO     | __main__:scan_all_opportunities:97 - 🔍 Scanning for opportunities...
2026-04-08 10:35:41.117 | INFO     | __main__:scan_all_opportunities:111 - 📊 Test opportunity: 0.54%
2026-04-08 10:35:41.118 | SUCCESS  | __main__:run:181 - 🎯 Found 1 opportunities!
2026-04-08 10:35:41.119 | WARNING  | __main__:safety_check:119 - 🔒 TEST MODE ENABLED - No real trades will execute
2026-04-08 10:35:51.134 | INFO     | __main__:scan_all_opportunities:97 - 🔍 Scanning for opportunities...
2026-04-08 10:35:51.135 | INFO     | __main__:scan_all_opportunities:111 - 📊 Test opportunity: 0.52%
2026-04-08 10:35:51.136 | SUCCESS  | __main__:run:181 - 🎯 Found 1 opportunities!
2026-04-08 10:35:51.137 | WARNING  | __main__:safety_check:119 - 🔒 TEST MODE ENABLED - No real trades will execute
2026-04-08 10:36:01.142 | INFO     | __main__:scan_all_opportunities:97 - 🔍 Scanning for opportunities...
2026-04-08 10:36:01.143 | INFO     | __main__:scan_all_opportunities:111 - 📊 Test opportunity: 0.89%
2026-04-08 10:36:01.144 | SUCCESS  | __main__:run:181 - 🎯 Found 1 opportunities!
2026-04-08 10:36:01.145 | WARNING  | __main__:safety_check:119 - 🔒 TEST MODE ENABLED - No real trades will execute
2026-04-08 10:36:11.147 | INFO     | __main__:scan_all_opportunities:97 - 🔍 Scanning for opportunities...
2026-04-08 10:36:21.164 | INFO     | __main__:scan_all_opportunities:97 - 🔍 Scanning for opportunities...
2026-04-08 10:36:21.166 | INFO     | __main__:scan_all_opportunities:111 - 📊 Test opportunity: 1.34%
2026-04-08 10:36:21.167 | SUCCESS  | __main__:run:181 - 🎯 Found 1 opportunities!
2026-04-08 10:36:21.168 | WARNING  | __main__:safety_check:119 - 🔒 TEST MODE ENABLED - No real trades will execute
2026-04-08 10:36:31.178 | INFO     | __main__:scan_all_opportunities:97 - 🔍 Scanning for opportunities...
2026-04-08 10:36:31.179 | INFO     | __main__:scan_all_opportunities:111 - 📊 Test opportunity: 1.23%
2026-04-08 10:36:31.180 | SUCCESS  | __main__:run:181 - 🎯 Found 1 opportunities!
2026-04-08 10:36:31.180 | WARNING  | __main__:safety_check:119 - 🔒 TEST MODE ENABLED - No real trades will execute
2026-04-08 10:36:41.190 | INFO     | __main__:scan_all_opportunities:97 - 🔍 Scanning for opportunities...
2026-04-08 10:36:51.198 | INFO     | __main__:scan_all_opportunities:97 - 🔍 Scanning for opportunities...
2026-04-08 10:36:51.199 | INFO     | __main__:scan_all_opportunities:111 - 📊 Test opportunity: 0.67%
2026-04-08 10:36:51.200 | SUCCESS  | __main__:run:181 - 🎯 Found 1 opportunities!
2026-04-08 10:36:51.201 | WARNING  | __main__:safety_check:119 - 🔒 TEST MODE ENABLED - No real trades will execute
2026-04-08 10:37:01.217 | INFO     | __main__:scan_all_opportunities:97 - 🔍 Scanning for opportunities...
2026-04-08 10:37:01.218 | INFO     | __main__:scan_all_opportunities:111 - 📊 Test opportunity: 0.76%
2026-04-08 10:37:01.219 | SUCCESS  | __main__:run:181 - 🎯 Found 1 opportunities!
2026-04-08 10:37:01.220 | WARNING  | __main__:safety_check:119 - 🔒 TEST MODE ENABLED - No real trades will execute
2026-04-08 10:37:11.236 | INFO     | __main__:scan_all_opportunities:97 - 🔍 Scanning for opportunities...
2026-04-08 10:37:11.237 | INFO     | __main__:scan_all_opportunities:111 - 📊 Test opportunity: 1.43%
2026-04-08 10:37:11.238 | SUCCESS  | __main__:run:181 - 🎯 Found 1 opportunities!
2026-04-08 10:37:11.239 | WARNING  | __main__:safety_check:119 - 🔒 TEST MODE ENABLED - No real trades will execute
2026-04-08 10:37:21.245 | INFO     | __main__:scan_all_opportunities:97 - 🔍 Scanning for opportunities...
2026-04-08 10:37:31.250 | INFO     | __main__:scan_all_opportunities:97 - 🔍 Scanning for opportunities...
2026-04-08 10:37:31.251 | INFO     | __main__:scan_all_opportunities:111 - 📊 Test opportunity: 0.76%
2026-04-08 10:37:31.252 | SUCCESS  | __main__:run:181 - 🎯 Found 1 opportunities!
2026-04-08 10:37:31.253 | WARNING  | __main__:safety_check:119 - 🔒 TEST MODE ENABLED - No real trades will execute
2026-04-08 10:37:41.267 | INFO     | __main__:scan_all_opportunities:97 - 🔍 Scanning for opportunities...
2026-04-08 10:37:41.268 | INFO     | __main__:scan_all_opportunities:111 - 📊 Test opportunity: 0.64%
2026-04-08 10:37:41.269 | SUCCESS  | __main__:run:181 - 🎯 Found 1 opportunities!
2026-04-08 10:37:41.270 | WARNING  | __main__:safety_check:119 - 🔒 TEST MODE ENABLED - No real trades will execute
2026-04-08 10:37:51.276 | INFO     | __main__:scan_all_opportunities:97 - 🔍 Scanning for opportunities...
2026-04-08 10:37:51.277 | INFO     | __main__:scan_all_opportunities:111 - 📊 Test opportunity: 1.10%
2026-04-08 10:37:51.278 | SUCCESS  | __main__:run:181 - 🎯 Found 1 opportunities!
2026-04-08 10:37:51.278 | WARNING  | __main__:safety_check:119 - 🔒 TEST MODE ENABLED - No real trades will execute
2026-04-08 10:38:01.279 | INFO     | __main__:scan_all_opportunities:97 - 🔍 Scanning for opportunities...
2026-04-08 10:38:01.281 | INFO     | __main__:scan_all_opportunities:111 - 📊 Test opportunity: 1.38%
2026-04-08 10:38:01.282 | SUCCESS  | __main__:run:181 - 🎯 Found 1 opportunities!
2026-04-08 10:38:01.283 | WARNING  | __main__:safety_check:119 - 🔒 TEST MODE ENABLED - No real trades will execute
2026-04-08 10:38:11.298 | INFO     | __main__:scan_all_opportunities:97 - 🔍 Scanning for opportunities...
2026-04-08 10:38:11.299 | INFO     | __main__:scan_all_opportunities:111 - 📊 Test opportunity: 0.70%
2026-04-08 10:38:11.300 | SUCCESS  | __main__:run:181 - 🎯 Found 1 opportunities!
2026-04-08 10:38:11.301 | WARNING  | __main__:safety_check:119 - 🔒 TEST MODE ENABLED - No real trades will execute
2026-04-08 10:38:21.315 | INFO     | __main__:scan_all_opportunities:97 - 🔍 Scanning for opportunities...
2026-04-08 10:38:21.316 | INFO     | __main__:scan_all_opportunities:111 - 📊 Test opportunity: 1.34%
2026-04-08 10:38:21.317 | SUCCESS  | __main__:run:181 - 🎯 Found 1 opportunities!
2026-04-08 10:38:21.318 | WARNING  | __main__:safety_check:119 - 🔒 TEST MODE ENABLED - No real trades will execute
2026-04-08 10:38:31.336 | INFO     | __main__:scan_all_opportunities:97 - 🔍 Scanning for opportunities...
2026-04-08 10:38:31.337 | INFO     | __main__:scan_all_opportunities:111 - 📊 Test opportunity: 0.58%
2026-04-08 10:38:31.338 | SUCCESS  | __main__:run:181 - 🎯 Found 1 opportunities!
2026-04-08 10:38:31.339 | WARNING  | __main__:safety_check:119 - 🔒 TEST MODE ENABLED - No real trades will execute
2026-04-08 10:38:41.352 | INFO     | __main__:scan_all_opportunities:97 - 🔍 Scanning for opportunities...
2026-04-08 10:38:41.353 | INFO     | __main__:scan_all_opportunities:111 - 📊 Test opportunity: 1.36%
2026-04-08 10:38:41.354 | SUCCESS  | __main__:run:181 - 🎯 Found 1 opportunities!
2026-04-08 10:38:41.354 | WARNING  | __main__:safety_check:119 - 🔒 TEST MODE ENABLED - No real trades will execute
2026-04-08 10:38:51.361 | INFO     | __main__:scan_all_opportunities:97 - 🔍 Scanning for opportunities...
2026-04-08 10:38:51.362 | INFO     | __main__:scan_all_opportunities:111 - 📊 Test opportunity: 1.10%
2026-04-08 10:38:51.363 | SUCCESS  | __main__:run:181 - 🎯 Found 1 opportunities!
2026-04-08 10:38:51.364 | WARNING  | __main__:safety_check:119 - 🔒 TEST MODE ENABLED - No real trades will execute
2026-04-08 10:39:01.372 | INFO     | __main__:scan_all_opportunities:97 - 🔍 Scanning for opportunities...
2026-04-08 10:39:11.375 | INFO     | __main__:scan_all_opportunities:97 - 🔍 Scanning for opportunities...
2026-04-08 10:39:11.377 | INFO     | __main__:scan_all_opportunities:111 - 📊 Test opportunity: 1.50%
2026-04-08 10:39:11.378 | SUCCESS  | __main__:run:181 - 🎯 Found 1 opportunities!
2026-04-08 10:39:11.379 | WARNING  | __main__:safety_check:119 - 🔒 TEST MODE ENABLED - No real trades will execute
2026-04-08 10:39:21.381 | INFO     | __main__:scan_all_opportunities:97 - 🔍 Scanning for opportunities...
2026-04-08 10:39:21.383 | INFO     | __main__:scan_all_opportunities:111 - 📊 Test opportunity: 1.49%
2026-04-08 10:39:21.383 | SUCCESS  | __main__:run:181 - 🎯 Found 1 opportunities!
2026-04-08 10:39:21.384 | WARNING  | __main__:safety_check:119 - 🔒 TEST MODE ENABLED - No real trades will execute
2026-04-08 10:39:31.388 | INFO     | __main__:scan_all_opportunities:97 - 🔍 Scanning for opportunities...
2026-04-08 10:39:31.389 | INFO     | __main__:scan_all_opportunities:111 - 📊 Test opportunity: 1.48%
2026-04-08 10:39:31.390 | SUCCESS  | __main__:run:181 - 🎯 Found 1 opportunities!
2026-04-08 10:39:31.391 | WARNING  | __main__:safety_check:119 - 🔒 TEST MODE ENABLED - No real trades will execute
2026-04-08 10:39:41.405 | INFO     | __main__:scan_all_opportunities:97 - 🔍 Scanning for opportunities...
2026-04-08 10:39:51.411 | INFO     | __main__:scan_all_opportunities:97 - 🔍 Scanning for opportunities...
2026-04-08 10:39:51.412 | INFO     | __main__:scan_all_opportunities:111 - 📊 Test opportunity: 0.80%
2026-04-08 10:39:51.413 | SUCCESS  | __main__:run:181 - 🎯 Found 1 opportunities!
2026-04-08 10:39:51.414 | WARNING  | __main__:safety_check:119 - 🔒 TEST MODE ENABLED - No real trades will execute
2026-04-08 10:40:01.427 | INFO     | __main__:scan_all_opportunities:97 - 🔍 Scanning for opportunities...
2026-04-08 10:40:01.428 | INFO     | __main__:scan_all_opportunities:111 - 📊 Test opportunity: 1.41%
2026-04-08 10:40:01.431 | SUCCESS  | __main__:run:181 - 🎯 Found 1 opportunities!
2026-04-08 10:40:01.432 | WARNING  | __main__:safety_check:119 - 🔒 TEST MODE ENABLED - No real trades will execute
2026-04-08 10:40:11.442 | INFO     | __main__:scan_all_opportunities:97 - 🔍 Scanning for opportunities...
2026-04-08 10:40:11.443 | INFO     | __main__:scan_all_opportunities:111 - 📊 Test opportunity: 1.14%
2026-04-08 10:40:11.444 | SUCCESS  | __main__:run:181 - 🎯 Found 1 opportunities!
2026-04-08 10:40:11.445 | WARNING  | __main__:safety_check:119 - 🔒 TEST MODE ENABLED - No real trades will execute
2026-04-08 10:40:21.448 | INFO     | __main__:scan_all_opportunities:97 - 🔍 Scanning for opportunities...
2026-04-08 10:40:21.449 | INFO     | __main__:scan_all_opportunities:111 - 📊 Test opportunity: 1.46%
2026-04-08 10:40:21.451 | SUCCESS  | __main__:run:181 - 🎯 Found 1 opportunities!
2026-04-08 10:40:21.452 | WARNING  | __main__:safety_check:119 - 🔒 TEST MODE ENABLED - No real trades will execute
2026-04-08 10:40:31.466 | INFO     | __main__:scan_all_opportunities:97 - 🔍 Scanning for opportunities...
2026-04-08 10:40:31.467 | INFO     | __main__:scan_all_opportunities:111 - 📊 Test opportunity: 1.38%
2026-04-08 10:40:31.468 | SUCCESS  | __main__:run:181 - 🎯 Found 1 opportunities!
2026-04-08 10:40:31.469 | WARNING  | __main__:safety_check:119 - 🔒 TEST MODE ENABLED - No real trades will execute
2026-04-08 10:40:41.481 | INFO     | __main__:scan_all_opportunities:97 - 🔍 Scanning for opportunities...
2026-04-08 10:40:41.482 | INFO     | __main__:scan_all_opportunities:111 - 📊 Test opportunity: 0.65%
2026-04-08 10:40:41.483 | SUCCESS  | __main__:run:181 - 🎯 Found 1 opportunities!
2026-04-08 10:40:41.484 | WARNING  | __main__:safety_check:119 - 🔒 TEST MODE ENABLED - No real trades will execute
2026-04-08 10:40:51.488 | INFO     | __main__:scan_all_opportunities:97 - 🔍 Scanning for opportunities...
2026-04-08 10:41:01.504 | INFO     | __main__:scan_all_opportunities:97 - 🔍 Scanning for opportunities...
2026-04-08 10:41:01.505 | INFO     | __main__:scan_all_opportunities:111 - 📊 Test opportunity: 1.18%
2026-04-08 10:41:01.506 | SUCCESS  | __main__:run:181 - 🎯 Found 1 opportunities!
2026-04-08 10:41:01.507 | WARNING  | __main__:safety_check:119 - 🔒 TEST MODE ENABLED - No real trades will execute
2026-04-08 10:41:11.523 | INFO     | __main__:scan_all_opportunities:97 - 🔍 Scanning for opportunities...
2026-04-08 10:41:11.524 | INFO     | __main__:scan_all_opportunities:111 - 📊 Test opportunity: 0.82%
2026-04-08 10:41:11.525 | SUCCESS  | __main__:run:181 - 🎯 Found 1 opportunities!
2026-04-08 10:41:11.526 | WARNING  | __main__:safety_check:119 - 🔒 TEST MODE ENABLED - No real trades will execute
2026-04-08 10:41:21.533 | INFO     | __main__:scan_all_opportunities:97 - 🔍 Scanning for opportunities...
2026-04-08 10:41:21.534 | INFO     | __main__:scan_all_opportunities:111 - 📊 Test opportunity: 0.51%
2026-04-08 10:41:21.535 | SUCCESS  | __main__:run:181 - 🎯 Found 1 opportunities!
2026-04-08 10:41:21.537 | WARNING  | __main__:safety_check:119 - 🔒 TEST MODE ENABLED - No real trades will execute
2026-04-08 10:41:31.550 | INFO     | __main__:scan_all_opportunities:97 - 🔍 Scanning for opportunities...
2026-04-08 10:41:31.551 | INFO     | __main__:scan_all_opportunities:111 - 📊 Test opportunity: 0.97%
2026-04-08 10:41:31.552 | SUCCESS  | __main__:run:181 - 🎯 Found 1 opportunities!
2026-04-08 10:41:31.552 | WARNING  | __main__:safety_check:119 - 🔒 TEST MODE ENABLED - No real trades will execute
2026-04-08 10:41:41.568 | INFO     | __main__:scan_all_opportunities:97 - 🔍 Scanning for opportunities...
2026-04-08 10:41:51.589 | INFO     | __main__:scan_all_opportunities:97 - 🔍 Scanning for opportunities...
2026-04-08 10:41:51.590 | INFO     | __main__:scan_all_opportunities:111 - 📊 Test opportunity: 1.18%
2026-04-08 10:41:51.591 | SUCCESS  | __main__:run:181 - 🎯 Found 1 opportunities!
2026-04-08 10:41:51.592 | WARNING  | __main__:safety_check:119 - 🔒 TEST MODE ENABLED - No real trades will execute
2026-04-08 10:42:01.600 | INFO     | __main__:scan_all_opportunities:97 - 🔍 Scanning for opportunities...
2026-04-08 10:42:01.602 | INFO     | __main__:scan_all_opportunities:111 - 📊 Test opportunity: 0.87%
2026-04-08 10:42:01.603 | SUCCESS  | __main__:run:181 - 🎯 Found 1 opportunities!
2026-04-08 10:42:01.604 | WARNING  | __main__:safety_check:119 - 🔒 TEST MODE ENABLED - No real trades will execute
2026-04-08 10:42:11.616 | INFO     | __main__:scan_all_opportunities:97 - 🔍 Scanning for opportunities...
2026-04-08 10:42:11.617 | INFO     | __main__:scan_all_opportunities:111 - 📊 Test opportunity: 0.93%
2026-04-08 10:42:11.618 | SUCCESS  | __main__:run:181 - 🎯 Found 1 opportunities!
2026-04-08 10:42:11.619 | WARNING  | __main__:safety_check:119 - 🔒 TEST MODE ENABLED - No real trades will execute
2026-04-08 10:42:21.621 | INFO     | __main__:scan_all_opportunities:97 - 🔍 Scanning for opportunities...
2026-04-08 10:42:31.623 | INFO     | __main__:scan_all_opportunities:97 - 🔍 Scanning for opportunities...
2026-04-08 10:42:31.624 | INFO     | __main__:scan_all_opportunities:111 - 📊 Test opportunity: 0.81%
2026-04-08 10:42:31.625 | SUCCESS  | __main__:run:181 - 🎯 Found 1 opportunities!
2026-04-08 10:42:31.626 | WARNING  | __main__:safety_check:119 - 🔒 TEST MODE ENABLED - No real trades will execute
2026-04-08 10:42:41.642 | INFO     | __main__:scan_all_opportunities:97 - 🔍 Scanning for opportunities...
2026-04-08 10:42:41.643 | INFO     | __main__:scan_all_opportunities:111 - 📊 Test opportunity: 0.83%
2026-04-08 10:42:41.644 | SUCCESS  | __main__:run:181 - 🎯 Found 1 opportunities!
2026-04-08 10:42:41.645 | WARNING  | __main__:safety_check:119 - 🔒 TEST MODE ENABLED - No real trades will execute
2026-04-08 10:42:51.647 | INFO     | __main__:scan_all_opportunities:97 - 🔍 Scanning for opportunities...
2026-04-08 10:43:01.650 | INFO     | __main__:scan_all_opportunities:97 - 🔍 Scanning for opportunities...
2026-04-08 10:43:01.651 | INFO     | __main__:scan_all_opportunities:111 - 📊 Test opportunity: 1.10%
2026-04-08 10:43:01.652 | SUCCESS  | __main__:run:181 - 🎯 Found 1 opportunities!
2026-04-08 10:43:01.653 | WARNING  | __main__:safety_check:119 - 🔒 TEST MODE ENABLED - No real trades will execute
2026-04-08 10:43:11.656 | INFO     | __main__:scan_all_opportunities:97 - 🔍 Scanning for opportunities...
2026-04-08 10:43:11.657 | INFO     | __main__:scan_all_opportunities:111 - 📊 Test opportunity: 0.57%
2026-04-08 10:43:11.658 | SUCCESS  | __main__:run:181 - 🎯 Found 1 opportunities!
2026-04-08 10:43:11.659 | WARNING  | __main__:safety_check:119 - 🔒 TEST MODE ENABLED - No real trades will execute
2026-04-08 10:43:21.664 | INFO     | __main__:scan_all_opportunities:97 - 🔍 Scanning for opportunities...
2026-04-08 10:43:21.665 | INFO     | __main__:scan_all_opportunities:111 - 📊 Test opportunity: 0.53%
2026-04-08 10:43:21.666 | SUCCESS  | __main__:run:181 - 🎯 Found 1 opportunities!
2026-04-08 10:43:21.667 | WARNING  | __main__:safety_check:119 - 🔒 TEST MODE ENABLED - No real trades will execute
2026-04-08 10:43:31.682 | INFO     | __main__:scan_all_opportunities:97 - 🔍 Scanning for opportunities...
2026-04-08 10:43:41.686 | INFO     | __main__:scan_all_opportunities:97 - 🔍 Scanning for opportunities...
2026-04-08 10:43:41.688 | INFO     | __main__:scan_all_opportunities:111 - 📊 Test opportunity: 0.94%
2026-04-08 10:43:41.689 | SUCCESS  | __main__:run:181 - 🎯 Found 1 opportunities!
2026-04-08 10:43:41.690 | WARNING  | __main__:safety_check:119 - 🔒 TEST MODE ENABLED - No real trades will execute
2026-04-08 10:43:51.706 | INFO     | __main__:scan_all_opportunities:97 - 🔍 Scanning for opportunities...
2026-04-08 10:43:51.707 | INFO     | __main__:scan_all_opportunities:111 - 📊 Test opportunity: 0.78%
2026-04-08 10:43:51.708 | SUCCESS  | __main__:run:181 - 🎯 Found 1 opportunities!
2026-04-08 10:43:51.710 | WARNING  | __main__:safety_check:119 - 🔒 TEST MODE ENABLED - No real trades will execute
2026-04-08 10:44:01.724 | INFO     | __main__:scan_all_opportunities:97 - 🔍 Scanning for opportunities...
2026-04-08 10:44:01.725 | INFO     | __main__:scan_all_opportunities:111 - 📊 Test opportunity: 0.80%
2026-04-08 10:44:01.726 | SUCCESS  | __main__:run:181 - 🎯 Found 1 opportunities!
2026-04-08 10:44:01.728 | WARNING  | __main__:safety_check:119 - 🔒 TEST MODE ENABLED - No real trades will execute
2026-04-08 10:44:11.729 | INFO     | __main__:scan_all_opportunities:97 - 🔍 Scanning for opportunities...
2026-04-08 10:44:21.738 | INFO     | __main__:scan_all_opportunities:97 - 🔍 Scanning for opportunities...
2026-04-08 10:44:21.739 | INFO     | __main__:scan_all_opportunities:111 - 📊 Test opportunity: 0.76%
2026-04-08 10:44:21.741 | SUCCESS  | __main__:run:181 - 🎯 Found 1 opportunities!
2026-04-08 10:44:21.741 | WARNING  | __main__:safety_check:119 - 🔒 TEST MODE ENABLED - No real trades will execute
2026-04-08 10:44:31.756 | INFO     | __main__:scan_all_opportunities:97 - 🔍 Scanning for opportunities...
2026-04-08 10:44:31.757 | INFO     | __main__:scan_all_opportunities:111 - 📊 Test opportunity: 0.54%
2026-04-08 10:44:31.758 | SUCCESS  | __main__:run:181 - 🎯 Found 1 opportunities!
2026-04-08 10:44:31.759 | WARNING  | __main__:safety_check:119 - 🔒 TEST MODE ENABLED - No real trades will execute
2026-04-08 10:44:41.761 | INFO     | __main__:scan_all_opportunities:97 - 🔍 Scanning for opportunities...
2026-04-08 10:44:51.770 | INFO     | __main__:scan_all_opportunities:97 - 🔍 Scanning for opportunities...
2026-04-08 10:44:51.771 | INFO     | __main__:scan_all_opportunities:111 - 📊 Test opportunity: 1.03%
2026-04-08 10:44:51.772 | SUCCESS  | __main__:run:181 - 🎯 Found 1 opportunities!
2026-04-08 10:44:51.773 | WARNING  | __main__:safety_check:119 - 🔒 TEST MODE ENABLED - No real trades will execute
2026-04-08 10:45:01.789 | INFO     | __main__:scan_all_opportunities:97 - 🔍 Scanning for opportunities...
2026-04-08 10:45:01.790 | INFO     | __main__:scan_all_opportunities:111 - 📊 Test opportunity: 0.89%
2026-04-08 10:45:01.791 | SUCCESS  | __main__:run:181 - 🎯 Found 1 opportunities!
2026-04-08 10:45:01.792 | WARNING  | __main__:safety_check:119 - 🔒 TEST MODE ENABLED - No real trades will execute
2026-04-08 10:45:11.804 | INFO     | __main__:scan_all_opportunities:97 - 🔍 Scanning for opportunities...
2026-04-08 10:45:11.805 | INFO     | __main__:scan_all_opportunities:111 - 📊 Test opportunity: 0.51%
2026-04-08 10:45:11.806 | SUCCESS  | __main__:run:181 - 🎯 Found 1 opportunities!
2026-04-08 10:45:11.807 | WARNING  | __main__:safety_check:119 - 🔒 TEST MODE ENABLED - No real trades will execute
2026-04-08 10:45:21.815 | INFO     | __main__:scan_all_opportunities:97 - 🔍 Scanning for opportunities...
2026-04-08 10:45:21.816 | INFO     | __main__:scan_all_opportunities:111 - 📊 Test opportunity: 1.44%
2026-04-08 10:45:21.817 | SUCCESS  | __main__:run:181 - 🎯 Found 1 opportunities!
2026-04-08 10:45:21.818 | WARNING  | __main__:safety_check:119 - 🔒 TEST MODE ENABLED - No real trades will execute
2026-04-08 10:45:31.829 | INFO     | __main__:scan_all_opportunities:97 - 🔍 Scanning for opportunities...
2026-04-08 10:45:31.830 | INFO     | __main__:scan_all_opportunities:111 - 📊 Test opportunity: 1.43%
2026-04-08 10:45:31.831 | SUCCESS  | __main__:run:181 - 🎯 Found 1 opportunities!
2026-04-08 10:45:31.832 | WARNING  | __main__:safety_check:119 - 🔒 TEST MODE ENABLED - No real trades will execute
2026-04-08 10:45:41.847 | INFO     | __main__:scan_all_opportunities:97 - 🔍 Scanning for opportunities...
2026-04-08 10:45:41.848 | INFO     | __main__:scan_all_opportunities:111 - 📊 Test opportunity: 1.27%
2026-04-08 10:45:41.849 | SUCCESS  | __main__:run:181 - 🎯 Found 1 opportunities!
2026-04-08 10:45:41.849 | WARNING  | __main__:safety_check:119 - 🔒 TEST MODE ENABLED - No real trades will execute
2026-04-08 10:45:51.853 | INFO     | __main__:scan_all_opportunities:97 - 🔍 Scanning for opportunities...
2026-04-08 10:45:51.854 | INFO     | __main__:scan_all_opportunities:111 - 📊 Test opportunity: 0.73%
2026-04-08 10:45:51.855 | SUCCESS  | __main__:run:181 - 🎯 Found 1 opportunities!
2026-04-08 10:45:51.856 | WARNING  | __main__:safety_check:119 - 🔒 TEST MODE ENABLED - No real trades will execute
2026-04-08 10:46:01.860 | INFO     | __main__:scan_all_opportunities:97 - 🔍 Scanning for opportunities...
2026-04-08 10:46:11.862 | INFO     | __main__:scan_all_opportunities:97 - 🔍 Scanning for opportunities...
2026-04-08 10:46:21.870 | INFO     | __main__:scan_all_opportunities:97 - 🔍 Scanning for opportunities...
2026-04-08 10:46:31.887 | INFO     | __main__:scan_all_opportunities:97 - 🔍 Scanning for opportunities...
2026-04-08 10:46:41.891 | INFO     | __main__:scan_all_opportunities:97 - 🔍 Scanning for opportunities...
2026-04-08 10:46:41.892 | INFO     | __main__:scan_all_opportunities:111 - 📊 Test opportunity: 0.97%
2026-04-08 10:46:41.893 | SUCCESS  | __main__:run:181 - 🎯 Found 1 opportunities!
2026-04-08 10:46:41.894 | WARNING  | __main__:safety_check:119 - 🔒 TEST MODE ENABLED - No real trades will execute
2026-04-08 10:46:51.915 | INFO     | __main__:scan_all_opportunities:97 - 🔍 Scanning for opportunities...
2026-04-08 10:46:51.916 | INFO     | __main__:scan_all_opportunities:111 - 📊 Test opportunity: 1.38%
2026-04-08 10:46:51.917 | SUCCESS  | __main__:run:181 - 🎯 Found 1 opportunities!
2026-04-08 10:46:51.918 | WARNING  | __main__:safety_check:119 - 🔒 TEST MODE ENABLED - No real trades will execute
2026-04-08 10:47:01.933 | INFO     | __main__:scan_all_opportunities:97 - 🔍 Scanning for opportunities...
2026-04-08 10:47:01.934 | INFO     | __main__:scan_all_opportunities:111 - 📊 Test opportunity: 0.82%
2026-04-08 10:47:01.935 | SUCCESS  | __main__:run:181 - 🎯 Found 1 opportunities!
2026-04-08 10:47:01.936 | WARNING  | __main__:safety_check:119 - 🔒 TEST MODE ENABLED - No real trades will execute
2026-04-08 10:59:31.722 | INFO     | __main__:scan_all_opportunities:97 - 🔍 Scanning for opportunities...
2026-04-08 10:59:31.722 | INFO     | __main__:scan_all_opportunities:111 - 📊 Test opportunity: 0.77%
2026-04-08 10:59:31.723 | SUCCESS  | __main__:run:181 - 🎯 Found 1 opportunities!
2026-04-08 10:59:31.723 | WARNING  | __main__:safety_check:119 - 🔒 TEST MODE ENABLED - No real trades will execute
2026-04-08 10:59:41.758 | INFO     | __main__:scan_all_opportunities:97 - 🔍 Scanning for opportunities...
2026-04-08 10:59:41.841 | INFO     | __main__:scan_all_opportunities:111 - 📊 Test opportunity: 1.37%
2026-04-08 10:59:41.917 | SUCCESS  | __main__:run:181 - 🎯 Found 1 opportunities!
2026-04-08 10:59:41.956 | WARNING  | __main__:safety_check:119 - 🔒 TEST MODE ENABLED - No real trades will execute
2026-04-08 10:59:51.994 | INFO     | __main__:scan_all_opportunities:97 - 🔍 Scanning for opportunities...
2026-04-08 10:59:52.006 | INFO     | __main__:scan_all_opportunities:111 - 📊 Test opportunity: 0.94%
2026-04-08 10:59:52.014 | SUCCESS  | __main__:run:181 - 🎯 Found 1 opportunities!
2026-04-08 10:59:52.031 | WARNING  | __main__:safety_check:119 - 🔒 TEST MODE ENABLED - No real trades will execute
2026-04-08 11:00:02.049 | INFO     | __main__:scan_all_opportunities:97 - 🔍 Scanning for opportunities...
2026-04-08 11:00:02.050 | INFO     | __main__:scan_all_opportunities:111 - 📊 Test opportunity: 1.28%
2026-04-08 11:00:02.051 | SUCCESS  | __main__:run:181 - 🎯 Found 1 opportunities!
2026-04-08 11:00:02.052 | WARNING  | __main__:safety_check:119 - 🔒 TEST MODE ENABLED - No real trades will execute
2026-04-08 11:00:12.065 | INFO     | __main__:scan_all_opportunities:97 - 🔍 Scanning for opportunities...
2026-04-08 11:00:12.066 | INFO     | __main__:scan_all_opportunities:111 - 📊 Test opportunity: 1.04%
2026-04-08 11:00:12.067 | SUCCESS  | __main__:run:181 - 🎯 Found 1 opportunities!
2026-04-08 11:00:12.068 | WARNING  | __main__:safety_check:119 - 🔒 TEST MODE ENABLED - No real trades will execute
2026-04-08 11:00:22.084 | INFO     | __main__:scan_all_opportunities:97 - 🔍 Scanning for opportunities...
2026-04-08 11:00:32.087 | INFO     | __main__:scan_all_opportunities:97 - 🔍 Scanning for opportunities...
2026-04-08 11:00:32.088 | INFO     | __main__:scan_all_opportunities:111 - 📊 Test opportunity: 0.67%
2026-04-08 11:00:32.089 | SUCCESS  | __main__:run:181 - 🎯 Found 1 opportunities!
2026-04-08 11:00:32.090 | WARNING  | __main__:safety_check:119 - 🔒 TEST MODE ENABLED - No real trades will execute
2026-04-08 11:00:42.092 | INFO     | __main__:scan_all_opportunities:97 - 🔍 Scanning for opportunities...
2026-04-08 11:00:42.093 | INFO     | __main__:scan_all_opportunities:111 - 📊 Test opportunity: 0.68%
2026-04-08 11:00:42.094 | SUCCESS  | __main__:run:181 - 🎯 Found 1 opportunities!
2026-04-08 11:00:42.094 | WARNING  | __main__:safety_check:119 - 🔒 TEST MODE ENABLED - No real trades will execute
2026-04-08 11:00:52.111 | INFO     | __main__:scan_all_opportunities:97 - 🔍 Scanning for opportunities...
2026-04-08 11:00:52.112 | INFO     | __main__:scan_all_opportunities:111 - 📊 Test opportunity: 0.53%
2026-04-08 11:00:52.113 | SUCCESS  | __main__:run:181 - 🎯 Found 1 opportunities!
2026-04-08 11:00:52.113 | WARNING  | __main__:safety_check:119 - 🔒 TEST MODE ENABLED - No real trades will execute
2026-04-08 11:01:02.130 | INFO     | __main__:scan_all_opportunities:97 - 🔍 Scanning for opportunities...
2026-04-08 11:01:02.131 | INFO     | __main__:scan_all_opportunities:111 - 📊 Test opportunity: 0.55%
2026-04-08 11:01:02.132 | SUCCESS  | __main__:run:181 - 🎯 Found 1 opportunities!
2026-04-08 11:01:02.132 | WARNING  | __main__:safety_check:119 - 🔒 TEST MODE ENABLED - No real trades will execute
2026-04-08 11:01:12.134 | INFO     | __main__:scan_all_opportunities:97 - 🔍 Scanning for opportunities...
2026-04-08 11:01:12.135 | INFO     | __main__:scan_all_opportunities:111 - 📊 Test opportunity: 1.27%
2026-04-08 11:01:12.136 | SUCCESS  | __main__:run:181 - 🎯 Found 1 opportunities!
2026-04-08 11:01:12.137 | WARNING  | __main__:safety_check:119 - 🔒 TEST MODE ENABLED - No real trades will execute
2026-04-08 11:01:22.150 | INFO     | __main__:scan_all_opportunities:97 - 🔍 Scanning for opportunities...
2026-04-08 11:01:22.151 | INFO     | __main__:scan_all_opportunities:111 - 📊 Test opportunity: 1.09%
2026-04-08 11:01:22.152 | SUCCESS  | __main__:run:181 - 🎯 Found 1 opportunities!
2026-04-08 11:01:22.153 | WARNING  | __main__:safety_check:119 - 🔒 TEST MODE ENABLED - No real trades will execute
2026-04-08 11:01:32.169 | INFO     | __main__:scan_all_opportunities:97 - 🔍 Scanning for opportunities...
2026-04-08 11:01:42.173 | INFO     | __main__:scan_all_opportunities:97 - 🔍 Scanning for opportunities...
2026-04-08 11:01:42.174 | INFO     | __main__:scan_all_opportunities:111 - 📊 Test opportunity: 1.28%
2026-04-08 11:01:42.175 | SUCCESS  | __main__:run:181 - 🎯 Found 1 opportunities!
2026-04-08 11:01:42.176 | WARNING  | __main__:safety_check:119 - 🔒 TEST MODE ENABLED - No real trades will execute
2026-04-08 11:01:52.183 | INFO     | __main__:scan_all_opportunities:97 - 🔍 Scanning for opportunities...
2026-04-08 11:01:52.185 | INFO     | __main__:scan_all_opportunities:111 - 📊 Test opportunity: 1.35%
2026-04-08 11:01:52.186 | SUCCESS  | __main__:run:181 - 🎯 Found 1 opportunities!
2026-04-08 11:01:52.187 | WARNING  | __main__:safety_check:119 - 🔒 TEST MODE ENABLED - No real trades will execute
2026-04-08 11:02:02.192 | INFO     | __main__:scan_all_opportunities:97 - 🔍 Scanning for opportunities...
2026-04-08 11:02:12.195 | INFO     | __main__:scan_all_opportunities:97 - 🔍 Scanning for opportunities...
2026-04-08 11:02:12.196 | INFO     | __main__:scan_all_opportunities:111 - 📊 Test opportunity: 1.48%
2026-04-08 11:02:12.197 | SUCCESS  | __main__:run:181 - 🎯 Found 1 opportunities!
2026-04-08 11:02:12.198 | WARNING  | __main__:safety_check:119 - 🔒 TEST MODE ENABLED - No real trades will execute
2026-04-08 11:02:22.214 | INFO     | __main__:scan_all_opportunities:97 - 🔍 Scanning for opportunities...
2026-04-08 11:02:22.215 | INFO     | __main__:scan_all_opportunities:111 - 📊 Test opportunity: 0.67%
2026-04-08 11:02:22.215 | SUCCESS  | __main__:run:181 - 🎯 Found 1 opportunities!
2026-04-08 11:02:22.216 | WARNING  | __main__:safety_check:119 - 🔒 TEST MODE ENABLED - No real trades will execute
2026-04-08 11:02:32.234 | INFO     | __main__:scan_all_opportunities:97 - 🔍 Scanning for opportunities...
2026-04-08 11:02:42.249 | INFO     | __main__:scan_all_opportunities:97 - 🔍 Scanning for opportunities...
2026-04-08 11:02:42.251 | INFO     | __main__:scan_all_opportunities:111 - 📊 Test opportunity: 1.32%
2026-04-08 11:02:42.252 | SUCCESS  | __main__:run:181 - 🎯 Found 1 opportunities!
2026-04-08 11:02:42.253 | WARNING  | __main__:safety_check:119 - 🔒 TEST MODE ENABLED - No real trades will execute
2026-04-08 11:02:52.265 | INFO     | __main__:scan_all_opportunities:97 - 🔍 Scanning for opportunities...
2026-04-08 11:03:02.280 | INFO     | __main__:scan_all_opportunities:97 - 🔍 Scanning for opportunities...
2026-04-08 11:03:02.281 | INFO     | __main__:scan_all_opportunities:111 - 📊 Test opportunity: 0.51%
2026-04-08 11:03:02.282 | SUCCESS  | __main__:run:181 - 🎯 Found 1 opportunities!
2026-04-08 11:03:02.283 | WARNING  | __main__:safety_check:119 - 🔒 TEST MODE ENABLED - No real trades will execute
2026-04-08 11:03:12.286 | INFO     | __main__:scan_all_opportunities:97 - 🔍 Scanning for opportunities...
2026-04-08 11:03:12.287 | INFO     | __main__:scan_all_opportunities:111 - 📊 Test opportunity: 1.46%
2026-04-08 11:03:12.288 | SUCCESS  | __main__:run:181 - 🎯 Found 1 opportunities!
2026-04-08 11:03:12.289 | WARNING  | __main__:safety_check:119 - 🔒 TEST MODE ENABLED - No real trades will execute
2026-04-08 11:03:22.299 | INFO     | __main__:scan_all_opportunities:97 - 🔍 Scanning for opportunities...
2026-04-08 11:03:32.312 | INFO     | __main__:scan_all_opportunities:97 - 🔍 Scanning for opportunities...
2026-04-08 11:03:42.328 | INFO     | __main__:scan_all_opportunities:97 - 🔍 Scanning for opportunities...
2026-04-08 11:03:52.330 | INFO     | __main__:scan_all_opportunities:97 - 🔍 Scanning for opportunities...
2026-04-08 11:03:52.332 | INFO     | __main__:scan_all_opportunities:111 - 📊 Test opportunity: 0.53%
2026-04-08 11:03:52.333 | SUCCESS  | __main__:run:181 - 🎯 Found 1 opportunities!
2026-04-08 11:03:52.334 | WARNING  | __main__:safety_check:119 - 🔒 TEST MODE ENABLED - No real trades will execute
2026-04-08 11:04:02.348 | INFO     | __main__:scan_all_opportunities:97 - 🔍 Scanning for opportunities...
2026-04-08 11:04:02.349 | INFO     | __main__:scan_all_opportunities:111 - 📊 Test opportunity: 0.55%
2026-04-08 11:04:02.350 | SUCCESS  | __main__:run:181 - 🎯 Found 1 opportunities!
2026-04-08 11:04:02.351 | WARNING  | __main__:safety_check:119 - 🔒 TEST MODE ENABLED - No real trades will execute
2026-04-08 11:04:12.361 | INFO     | __main__:scan_all_opportunities:97 - 🔍 Scanning for opportunities...
2026-04-08 11:04:22.364 | INFO     | __main__:scan_all_opportunities:97 - 🔍 Scanning for opportunities...
2026-04-08 11:04:22.365 | INFO     | __main__:scan_all_opportunities:111 - 📊 Test opportunity: 0.63%
2026-04-08 11:04:22.366 | SUCCESS  | __main__:run:181 - 🎯 Found 1 opportunities!
2026-04-08 11:04:22.366 | WARNING  | __main__:safety_check:119 - 🔒 TEST MODE ENABLED - No real trades will execute
2026-04-08 11:04:32.368 | INFO     | __main__:scan_all_opportunities:97 - 🔍 Scanning for opportunities...
2026-04-08 11:04:32.369 | INFO     | __main__:scan_all_opportunities:111 - 📊 Test opportunity: 1.47%
2026-04-08 11:04:32.370 | SUCCESS  | __main__:run:181 - 🎯 Found 1 opportunities!
2026-04-08 11:04:32.370 | WARNING  | __main__:safety_check:119 - 🔒 TEST MODE ENABLED - No real trades will execute
2026-04-08 11:04:42.380 | INFO     | __main__:scan_all_opportunities:97 - 🔍 Scanning for opportunities...
2026-04-08 11:04:42.382 | INFO     | __main__:scan_all_opportunities:111 - 📊 Test opportunity: 0.65%
2026-04-08 11:04:42.384 | SUCCESS  | __main__:run:181 - 🎯 Found 1 opportunities!
2026-04-08 11:04:42.385 | WARNING  | __main__:safety_check:119 - 🔒 TEST MODE ENABLED - No real trades will execute
2026-04-08 11:04:52.401 | INFO     | __main__:scan_all_opportunities:97 - 🔍 Scanning for opportunities...
2026-04-08 11:04:52.402 | INFO     | __main__:scan_all_opportunities:111 - 📊 Test opportunity: 1.14%
2026-04-08 11:04:52.403 | SUCCESS  | __main__:run:181 - 🎯 Found 1 opportunities!
2026-04-08 11:04:52.404 | WARNING  | __main__:safety_check:119 - 🔒 TEST MODE ENABLED - No real trades will execute
2026-04-08 11:05:02.417 | INFO     | __main__:scan_all_opportunities:97 - 🔍 Scanning for opportunities...
2026-04-08 11:05:02.418 | INFO     | __main__:scan_all_opportunities:111 - 📊 Test opportunity: 1.16%
2026-04-08 11:05:02.419 | SUCCESS  | __main__:run:181 - 🎯 Found 1 opportunities!
2026-04-08 11:05:02.420 | WARNING  | __main__:safety_check:119 - 🔒 TEST MODE ENABLED - No real trades will execute
2026-04-08 11:05:12.430 | INFO     | __main__:scan_all_opportunities:97 - 🔍 Scanning for opportunities...
2026-04-08 11:05:12.431 | INFO     | __main__:scan_all_opportunities:111 - 📊 Test opportunity: 1.17%
2026-04-08 11:05:12.432 | SUCCESS  | __main__:run:181 - 🎯 Found 1 opportunities!
2026-04-08 11:05:12.433 | WARNING  | __main__:safety_check:119 - 🔒 TEST MODE ENABLED - No real trades will execute
2026-04-08 11:05:22.449 | INFO     | __main__:scan_all_opportunities:97 - 🔍 Scanning for opportunities...
2026-04-08 11:05:22.450 | INFO     | __main__:scan_all_opportunities:111 - 📊 Test opportunity: 1.11%
2026-04-08 11:05:22.451 | SUCCESS  | __main__:run:181 - 🎯 Found 1 opportunities!
2026-04-08 11:05:22.452 | WARNING  | __main__:safety_check:119 - 🔒 TEST MODE ENABLED - No real trades will execute
2026-04-08 11:05:32.467 | INFO     | __main__:scan_all_opportunities:97 - 🔍 Scanning for opportunities...
2026-04-08 11:05:42.484 | INFO     | __main__:scan_all_opportunities:97 - 🔍 Scanning for opportunities...
2026-04-08 11:05:52.500 | INFO     | __main__:scan_all_opportunities:97 - 🔍 Scanning for opportunities...
2026-04-08 11:05:52.501 | INFO     | __main__:scan_all_opportunities:111 - 📊 Test opportunity: 0.58%
2026-04-08 11:05:52.502 | SUCCESS  | __main__:run:181 - 🎯 Found 1 opportunities!
2026-04-08 11:05:52.502 | WARNING  | __main__:safety_check:119 - 🔒 TEST MODE ENABLED - No real trades will execute
2026-04-08 11:06:02.515 | INFO     | __main__:scan_all_opportunities:97 - 🔍 Scanning for opportunities...
2026-04-08 11:06:02.516 | INFO     | __main__:scan_all_opportunities:111 - 📊 Test opportunity: 1.03%
2026-04-08 11:06:02.517 | SUCCESS  | __main__:run:181 - 🎯 Found 1 opportunities!
2026-04-08 11:06:02.518 | WARNING  | __main__:safety_check:119 - 🔒 TEST MODE ENABLED - No real trades will execute
2026-04-08 11:06:12.533 | INFO     | __main__:scan_all_opportunities:97 - 🔍 Scanning for opportunities...
2026-04-08 11:06:12.534 | INFO     | __main__:scan_all_opportunities:111 - 📊 Test opportunity: 0.82%
2026-04-08 11:06:12.535 | SUCCESS  | __main__:run:181 - 🎯 Found 1 opportunities!
2026-04-08 11:06:12.535 | WARNING  | __main__:safety_check:119 - 🔒 TEST MODE ENABLED - No real trades will execute
2026-04-08 11:06:22.552 | INFO     | __main__:scan_all_opportunities:97 - 🔍 Scanning for opportunities...
2026-04-08 11:06:32.560 | INFO     | __main__:scan_all_opportunities:97 - 🔍 Scanning for opportunities...
2026-04-08 11:06:32.561 | INFO     | __main__:scan_all_opportunities:111 - 📊 Test opportunity: 0.70%
2026-04-08 11:06:32.562 | SUCCESS  | __main__:run:181 - 🎯 Found 1 opportunities!
2026-04-08 11:06:32.563 | WARNING  | __main__:safety_check:119 - 🔒 TEST MODE ENABLED - No real trades will execute
2026-04-08 11:06:42.567 | INFO     | __main__:scan_all_opportunities:97 - 🔍 Scanning for opportunities...
2026-04-08 11:06:42.569 | INFO     | __main__:scan_all_opportunities:111 - 📊 Test opportunity: 1.23%
2026-04-08 11:06:42.570 | SUCCESS  | __main__:run:181 - 🎯 Found 1 opportunities!
2026-04-08 11:06:42.571 | WARNING  | __main__:safety_check:119 - 🔒 TEST MODE ENABLED - No real trades will execute
2026-04-08 11:06:52.573 | INFO     | __main__:scan_all_opportunities:97 - 🔍 Scanning for opportunities...
2026-04-08 11:07:02.581 | INFO     | __main__:scan_all_opportunities:97 - 🔍 Scanning for opportunities...
2026-04-08 11:07:02.582 | INFO     | __main__:scan_all_opportunities:111 - 📊 Test opportunity: 1.30%
2026-04-08 11:07:02.583 | SUCCESS  | __main__:run:181 - 🎯 Found 1 opportunities!
2026-04-08 11:07:02.584 | WARNING  | __main__:safety_check:119 - 🔒 TEST MODE ENABLED - No real trades will execute
2026-04-08 11:07:12.587 | INFO     | __main__:scan_all_opportunities:97 - 🔍 Scanning for opportunities...
2026-04-08 11:07:12.589 | INFO     | __main__:scan_all_opportunities:111 - 📊 Test opportunity: 1.33%
2026-04-08 11:07:12.590 | SUCCESS  | __main__:run:181 - 🎯 Found 1 opportunities!
2026-04-08 11:07:12.591 | WARNING  | __main__:safety_check:119 - 🔒 TEST MODE ENABLED - No real trades will execute
2026-04-08 11:07:22.593 | INFO     | __main__:scan_all_opportunities:97 - 🔍 Scanning for opportunities...
2026-04-08 11:07:22.594 | INFO     | __main__:scan_all_opportunities:111 - 📊 Test opportunity: 0.53%
2026-04-08 11:07:22.595 | SUCCESS  | __main__:run:181 - 🎯 Found 1 opportunities!
2026-04-08 11:07:22.596 | WARNING  | __main__:safety_check:119 - 🔒 TEST MODE ENABLED - No real trades will execute
2026-04-08 11:07:32.616 | INFO     | __main__:scan_all_opportunities:97 - 🔍 Scanning for opportunities...
2026-04-08 11:07:32.618 | INFO     | __main__:scan_all_opportunities:111 - 📊 Test opportunity: 0.74%
2026-04-08 11:07:32.620 | SUCCESS  | __main__:run:181 - 🎯 Found 1 opportunities!
2026-04-08 11:07:32.622 | WARNING  | __main__:safety_check:119 - 🔒 TEST MODE ENABLED - No real trades will execute
2026-04-08 11:07:42.625 | INFO     | __main__:scan_all_opportunities:97 - 🔍 Scanning for opportunities...
2026-04-08 11:07:42.626 | INFO     | __main__:scan_all_opportunities:111 - 📊 Test opportunity: 1.24%
2026-04-08 11:07:42.627 | SUCCESS  | __main__:run:181 - 🎯 Found 1 opportunities!
2026-04-08 11:07:42.628 | WARNING  | __main__:safety_check:119 - 🔒 TEST MODE ENABLED - No real trades will execute
2026-04-08 11:07:52.632 | INFO     | __main__:scan_all_opportunities:97 - 🔍 Scanning for opportunities...
2026-04-08 11:08:02.637 | INFO     | __main__:scan_all_opportunities:97 - 🔍 Scanning for opportunities...
2026-04-08 11:08:02.639 | INFO     | __main__:scan_all_opportunities:111 - 📊 Test opportunity: 1.27%
2026-04-08 11:08:02.640 | SUCCESS  | __main__:run:181 - 🎯 Found 1 opportunities!
2026-04-08 11:08:02.641 | WARNING  | __main__:safety_check:119 - 🔒 TEST MODE ENABLED - No real trades will execute
2026-04-08 11:08:12.644 | INFO     | __main__:scan_all_opportunities:97 - 🔍 Scanning for opportunities...
2026-04-08 11:08:12.646 | INFO     | __main__:scan_all_opportunities:111 - 📊 Test opportunity: 1.28%
2026-04-08 11:08:12.647 | SUCCESS  | __main__:run:181 - 🎯 Found 1 opportunities!
2026-04-08 11:08:12.647 | WARNING  | __main__:safety_check:119 - 🔒 TEST MODE ENABLED - No real trades will execute
2026-04-08 11:08:22.651 | INFO     | __main__:scan_all_opportunities:97 - 🔍 Scanning for opportunities...
2026-04-08 11:08:22.653 | INFO     | __main__:scan_all_opportunities:111 - 📊 Test opportunity: 0.75%
2026-04-08 11:08:22.654 | SUCCESS  | __main__:run:181 - 🎯 Found 1 opportunities!
2026-04-08 11:08:22.655 | WARNING  | __main__:safety_check:119 - 🔒 TEST MODE ENABLED - No real trades will execute
2026-04-08 11:08:32.658 | INFO     | __main__:scan_all_opportunities:97 - 🔍 Scanning for opportunities...
2026-04-08 11:08:42.664 | INFO     | __main__:scan_all_opportunities:97 - 🔍 Scanning for opportunities...
2026-04-08 11:08:42.665 | INFO     | __main__:scan_all_opportunities:111 - 📊 Test opportunity: 1.36%
2026-04-08 11:08:42.666 | SUCCESS  | __main__:run:181 - 🎯 Found 1 opportunities!
2026-04-08 11:08:42.667 | WARNING  | __main__:safety_check:119 - 🔒 TEST MODE ENABLED - No real trades will execute
2026-04-08 11:08:52.670 | INFO     | __main__:scan_all_opportunities:97 - 🔍 Scanning for opportunities...
2026-04-08 11:08:52.672 | INFO     | __main__:scan_all_opportunities:111 - 📊 Test opportunity: 0.81%
2026-04-08 11:08:52.673 | SUCCESS  | __main__:run:181 - 🎯 Found 1 opportunities!
2026-04-08 11:08:52.674 | WARNING  | __main__:safety_check:119 - 🔒 TEST MODE ENABLED - No real trades will execute
2026-04-08 11:09:02.677 | INFO     | __main__:scan_all_opportunities:97 - 🔍 Scanning for opportunities...
2026-04-08 11:09:02.679 | INFO     | __main__:scan_all_opportunities:111 - 📊 Test opportunity: 0.90%
2026-04-08 11:09:02.680 | SUCCESS  | __main__:run:181 - 🎯 Found 1 opportunities!
2026-04-08 11:09:02.681 | WARNING  | __main__:safety_check:119 - 🔒 TEST MODE ENABLED - No real trades will execute
2026-04-08 11:09:12.702 | INFO     | __main__:scan_all_opportunities:97 - 🔍 Scanning for opportunities...
2026-04-08 11:09:22.716 | INFO     | __main__:scan_all_opportunities:97 - 🔍 Scanning for opportunities...
2026-04-08 11:09:32.731 | INFO     | __main__:scan_all_opportunities:97 - 🔍 Scanning for opportunities...
2026-04-08 11:09:42.738 | INFO     | __main__:scan_all_opportunities:97 - 🔍 Scanning for opportunities...
2026-04-08 11:09:52.746 | INFO     | __main__:scan_all_opportunities:97 - 🔍 Scanning for opportunities...
2026-04-08 11:09:52.747 | INFO     | __main__:scan_all_opportunities:111 - 📊 Test opportunity: 0.63%
2026-04-08 11:09:52.748 | SUCCESS  | __main__:run:181 - 🎯 Found 1 opportunities!
2026-04-08 11:09:52.750 | WARNING  | __main__:safety_check:119 - 🔒 TEST MODE ENABLED - No real trades will execute
2026-04-08 11:10:02.751 | INFO     | __main__:scan_all_opportunities:97 - 🔍 Scanning for opportunities...
2026-04-08 11:10:02.752 | INFO     | __main__:scan_all_opportunities:111 - 📊 Test opportunity: 0.82%
2026-04-08 11:10:02.753 | SUCCESS  | __main__:run:181 - 🎯 Found 1 opportunities!
2026-04-08 11:10:02.754 | WARNING  | __main__:safety_check:119 - 🔒 TEST MODE ENABLED - No real trades will execute
2026-04-08 11:10:12.762 | INFO     | __main__:scan_all_opportunities:97 - 🔍 Scanning for opportunities...
2026-04-08 11:10:12.763 | INFO     | __main__:scan_all_opportunities:111 - 📊 Test opportunity: 1.01%
2026-04-08 11:10:12.764 | SUCCESS  | __main__:run:181 - 🎯 Found 1 opportunities!
2026-04-08 11:10:12.765 | WARNING  | __main__:safety_check:119 - 🔒 TEST MODE ENABLED - No real trades will execute
2026-04-08 11:10:22.769 | INFO     | __main__:scan_all_opportunities:97 - 🔍 Scanning for opportunities...
2026-04-08 11:10:22.770 | INFO     | __main__:scan_all_opportunities:111 - 📊 Test opportunity: 1.19%
2026-04-08 11:10:22.771 | SUCCESS  | __main__:run:181 - 🎯 Found 1 opportunities!
2026-04-08 11:10:22.772 | WARNING  | __main__:safety_check:119 - 🔒 TEST MODE ENABLED - No real trades will execute
2026-04-08 11:10:32.774 | INFO     | __main__:scan_all_opportunities:97 - 🔍 Scanning for opportunities...
2026-04-08 11:10:32.776 | INFO     | __main__:scan_all_opportunities:111 - 📊 Test opportunity: 0.89%
2026-04-08 11:10:32.777 | SUCCESS  | __main__:run:181 - 🎯 Found 1 opportunities!
2026-04-08 11:10:32.778 | WARNING  | __main__:safety_check:119 - 🔒 TEST MODE ENABLED - No real trades will execute
2026-04-08 11:10:42.788 | INFO     | __main__:scan_all_opportunities:97 - 🔍 Scanning for opportunities...
2026-04-08 11:10:42.790 | INFO     | __main__:scan_all_opportunities:111 - 📊 Test opportunity: 0.96%
2026-04-08 11:10:42.790 | SUCCESS  | __main__:run:181 - 🎯 Found 1 opportunities!
2026-04-08 11:10:42.791 | WARNING  | __main__:safety_check:119 - 🔒 TEST MODE ENABLED - No real trades will execute
2026-04-08 11:10:52.806 | INFO     | __main__:scan_all_opportunities:97 - 🔍 Scanning for opportunities...
2026-04-08 11:10:52.808 | INFO     | __main__:scan_all_opportunities:111 - 📊 Test opportunity: 1.26%
2026-04-08 11:10:52.809 | SUCCESS  | __main__:run:181 - 🎯 Found 1 opportunities!
2026-04-08 11:10:52.810 | WARNING  | __main__:safety_check:119 - 🔒 TEST MODE ENABLED - No real trades will execute
2026-04-08 11:11:02.820 | INFO     | __main__:scan_all_opportunities:97 - 🔍 Scanning for opportunities...
2026-04-08 11:11:02.821 | INFO     | __main__:scan_all_opportunities:111 - 📊 Test opportunity: 1.49%
2026-04-08 11:11:02.821 | SUCCESS  | __main__:run:181 - 🎯 Found 1 opportunities!
2026-04-08 11:11:02.822 | WARNING  | __main__:safety_check:119 - 🔒 TEST MODE ENABLED - No real trades will execute
2026-04-08 11:11:12.838 | INFO     | __main__:scan_all_opportunities:97 - 🔍 Scanning for opportunities...
2026-04-08 11:11:12.839 | INFO     | __main__:scan_all_opportunities:111 - 📊 Test opportunity: 0.77%
2026-04-08 11:11:12.840 | SUCCESS  | __main__:run:181 - 🎯 Found 1 opportunities!
2026-04-08 11:11:12.840 | WARNING  | __main__:safety_check:119 - 🔒 TEST MODE ENABLED - No real trades will execute
2026-04-08 11:11:22.855 | INFO     | __main__:scan_all_opportunities:97 - 🔍 Scanning for opportunities...
2026-04-08 11:11:22.857 | INFO     | __main__:scan_all_opportunities:111 - 📊 Test opportunity: 0.64%
2026-04-08 11:11:22.858 | SUCCESS  | __main__:run:181 - 🎯 Found 1 opportunities!
2026-04-08 11:11:22.859 | WARNING  | __main__:safety_check:119 - 🔒 TEST MODE ENABLED - No real trades will execute
2026-04-08 11:11:32.870 | INFO     | __main__:scan_all_opportunities:97 - 🔍 Scanning for opportunities...
2026-04-08 11:11:32.871 | INFO     | __main__:scan_all_opportunities:111 - 📊 Test opportunity: 0.59%
2026-04-08 11:11:32.872 | SUCCESS  | __main__:run:181 - 🎯 Found 1 opportunities!
2026-04-08 11:11:32.872 | WARNING  | __main__:safety_check:119 - 🔒 TEST MODE ENABLED - No real trades will execute
2026-04-08 11:11:42.889 | INFO     | __main__:scan_all_opportunities:97 - 🔍 Scanning for opportunities...
2026-04-08 11:11:42.890 | INFO     | __main__:scan_all_opportunities:111 - 📊 Test opportunity: 0.92%
2026-04-08 11:11:42.892 | SUCCESS  | __main__:run:181 - 🎯 Found 1 opportunities!
2026-04-08 11:11:42.893 | WARNING  | __main__:safety_check:119 - 🔒 TEST MODE ENABLED - No real trades will execute
2026-04-08 11:11:52.909 | INFO     | __main__:scan_all_opportunities:97 - 🔍 Scanning for opportunities...
2026-04-08 11:11:52.910 | INFO     | __main__:scan_all_opportunities:111 - 📊 Test opportunity: 0.95%
2026-04-08 11:11:52.911 | SUCCESS  | __main__:run:181 - 🎯 Found 1 opportunities!
2026-04-08 11:11:52.912 | WARNING  | __main__:safety_check:119 - 🔒 TEST MODE ENABLED - No real trades will execute
2026-04-08 11:12:02.924 | INFO     | __main__:scan_all_opportunities:97 - 🔍 Scanning for opportunities...
2026-04-08 11:12:02.925 | INFO     | __main__:scan_all_opportunities:111 - 📊 Test opportunity: 1.07%
2026-04-08 11:12:02.926 | SUCCESS  | __main__:run:181 - 🎯 Found 1 opportunities!
2026-04-08 11:12:02.927 | WARNING  | __main__:safety_check:119 - 🔒 TEST MODE ENABLED - No real trades will execute
2026-04-08 11:12:12.935 | INFO     | __main__:scan_all_opportunities:97 - 🔍 Scanning for opportunities...
2026-04-08 11:12:12.936 | INFO     | __main__:scan_all_opportunities:111 - 📊 Test opportunity: 1.20%
2026-04-08 11:12:12.937 | SUCCESS  | __main__:run:181 - 🎯 Found 1 opportunities!
2026-04-08 11:12:12.937 | WARNING  | __main__:safety_check:119 - 🔒 TEST MODE ENABLED - No real trades will execute
2026-04-08 11:12:22.942 | INFO     | __main__:scan_all_opportunities:97 - 🔍 Scanning for opportunities...
2026-04-08 11:12:32.960 | INFO     | __main__:scan_all_opportunities:97 - 🔍 Scanning for opportunities...
2026-04-08 11:12:32.962 | INFO     | __main__:scan_all_opportunities:111 - 📊 Test opportunity: 0.98%
2026-04-08 11:12:32.963 | SUCCESS  | __main__:run:181 - 🎯 Found 1 opportunities!
2026-04-08 11:12:32.964 | WARNING  | __main__:safety_check:119 - 🔒 TEST MODE ENABLED - No real trades will execute
2026-04-08 11:12:42.966 | INFO     | __main__:scan_all_opportunities:97 - 🔍 Scanning for opportunities...
2026-04-08 11:12:42.967 | INFO     | __main__:scan_all_opportunities:111 - 📊 Test opportunity: 1.38%
2026-04-08 11:12:42.968 | SUCCESS  | __main__:run:181 - 🎯 Found 1 opportunities!
2026-04-08 11:12:42.969 | WARNING  | __main__:safety_check:119 - 🔒 TEST MODE ENABLED - No real trades will execute
2026-04-08 11:12:52.984 | INFO     | __main__:scan_all_opportunities:97 - 🔍 Scanning for opportunities...
2026-04-08 11:12:52.985 | INFO     | __main__:scan_all_opportunities:111 - 📊 Test opportunity: 0.90%
2026-04-08 11:12:52.986 | SUCCESS  | __main__:run:181 - 🎯 Found 1 opportunities!
2026-04-08 11:12:52.987 | WARNING  | __main__:safety_check:119 - 🔒 TEST MODE ENABLED - No real trades will execute
2026-04-08 11:13:02.995 | INFO     | __main__:scan_all_opportunities:97 - 🔍 Scanning for opportunities...
2026-04-08 11:13:02.996 | INFO     | __main__:scan_all_opportunities:111 - 📊 Test opportunity: 0.79%
2026-04-08 11:13:02.997 | SUCCESS  | __main__:run:181 - 🎯 Found 1 opportunities!
2026-04-08 11:13:02.998 | WARNING  | __main__:safety_check:119 - 🔒 TEST MODE ENABLED - No real trades will execute
2026-04-08 11:13:13.000 | INFO     | __main__:scan_all_opportunities:97 - 🔍 Scanning for opportunities...
2026-04-08 11:13:13.001 | INFO     | __main__:scan_all_opportunities:111 - 📊 Test opportunity: 1.23%
2026-04-08 11:13:13.001 | SUCCESS  | __main__:run:181 - 🎯 Found 1 opportunities!
2026-04-08 11:13:13.002 | WARNING  | __main__:safety_check:119 - 🔒 TEST MODE ENABLED - No real trades will execute
2026-04-08 11:13:23.018 | INFO     | __main__:scan_all_opportunities:97 - 🔍 Scanning for opportunities...
2026-04-08 11:13:23.019 | INFO     | __main__:scan_all_opportunities:111 - 📊 Test opportunity: 1.42%
2026-04-08 11:13:23.020 | SUCCESS  | __main__:run:181 - 🎯 Found 1 opportunities!
2026-04-08 11:13:23.021 | WARNING  | __main__:safety_check:119 - 🔒 TEST MODE ENABLED - No real trades will execute
2026-04-08 11:13:33.033 | INFO     | __main__:scan_all_opportunities:97 - 🔍 Scanning for opportunities...
2026-04-08 11:13:33.034 | INFO     | __main__:scan_all_opportunities:111 - 📊 Test opportunity: 1.21%
2026-04-08 11:13:33.035 | SUCCESS  | __main__:run:181 - 🎯 Found 1 opportunities!
2026-04-08 11:13:33.036 | WARNING  | __main__:safety_check:119 - 🔒 TEST MODE ENABLED - No real trades will execute
2026-04-08 11:13:43.051 | INFO     | __main__:scan_all_opportunities:97 - 🔍 Scanning for opportunities...
2026-04-08 11:13:43.052 | INFO     | __main__:scan_all_opportunities:111 - 📊 Test opportunity: 0.77%
2026-04-08 11:13:43.053 | SUCCESS  | __main__:run:181 - 🎯 Found 1 opportunities!
2026-04-08 11:13:43.054 | WARNING  | __main__:safety_check:119 - 🔒 TEST MODE ENABLED - No real trades will execute
2026-04-08 11:13:53.069 | INFO     | __main__:scan_all_opportunities:97 - 🔍 Scanning for opportunities...
2026-04-08 11:13:53.071 | INFO     | __main__:scan_all_opportunities:111 - 📊 Test opportunity: 1.14%
2026-04-08 11:13:53.072 | SUCCESS  | __main__:run:181 - 🎯 Found 1 opportunities!
2026-04-08 11:13:53.073 | WARNING  | __main__:safety_check:119 - 🔒 TEST MODE ENABLED - No real trades will execute
2026-04-08 11:14:03.074 | INFO     | __main__:scan_all_opportunities:97 - 🔍 Scanning for opportunities...
2026-04-08 11:14:03.075 | INFO     | __main__:scan_all_opportunities:111 - 📊 Test opportunity: 0.94%
2026-04-08 11:14:03.076 | SUCCESS  | __main__:run:181 - 🎯 Found 1 opportunities!
2026-04-08 11:14:03.077 | WARNING  | __main__:safety_check:119 - 🔒 TEST MODE ENABLED - No real trades will execute
2026-04-08 11:14:13.092 | INFO     | __main__:scan_all_opportunities:97 - 🔍 Scanning for opportunities...
2026-04-08 11:14:13.093 | INFO     | __main__:scan_all_opportunities:111 - 📊 Test opportunity: 1.38%
2026-04-08 11:14:13.095 | SUCCESS  | __main__:run:181 - 🎯 Found 1 opportunities!
2026-04-08 11:14:13.096 | WARNING  | __main__:safety_check:119 - 🔒 TEST MODE ENABLED - No real trades will execute
2026-04-08 11:14:23.100 | INFO     | __main__:scan_all_opportunities:97 - 🔍 Scanning for opportunities...
2026-04-08 11:14:23.101 | INFO     | __main__:scan_all_opportunities:111 - 📊 Test opportunity: 1.19%
2026-04-08 11:14:23.102 | SUCCESS  | __main__:run:181 - 🎯 Found 1 opportunities!
2026-04-08 11:14:23.103 | WARNING  | __main__:safety_check:119 - 🔒 TEST MODE ENABLED - No real trades will execute
2026-04-08 11:14:33.111 | INFO     | __main__:scan_all_opportunities:97 - 🔍 Scanning for opportunities...
2026-04-08 11:14:33.112 | INFO     | __main__:scan_all_opportunities:111 - 📊 Test opportunity: 0.81%
2026-04-08 11:14:33.113 | SUCCESS  | __main__:run:181 - 🎯 Found 1 opportunities!
2026-04-08 11:14:33.113 | WARNING  | __main__:safety_check:119 - 🔒 TEST MODE ENABLED - No real trades will execute
2026-04-08 11:14:43.116 | INFO     | __main__:scan_all_opportunities:97 - 🔍 Scanning for opportunities...
2026-04-08 11:14:43.117 | INFO     | __main__:scan_all_opportunities:111 - 📊 Test opportunity: 0.67%
2026-04-08 11:14:43.118 | SUCCESS  | __main__:run:181 - 🎯 Found 1 opportunities!
2026-04-08 11:14:43.119 | WARNING  | __main__:safety_check:119 - 🔒 TEST MODE ENABLED - No real trades will execute
2026-04-08 11:14:53.131 | INFO     | __main__:scan_all_opportunities:97 - 🔍 Scanning for opportunities...
2026-04-08 11:14:53.132 | INFO     | __main__:scan_all_opportunities:111 - 📊 Test opportunity: 1.28%
2026-04-08 11:14:53.133 | SUCCESS  | __main__:run:181 - 🎯 Found 1 opportunities!
2026-04-08 11:14:53.134 | WARNING  | __main__:safety_check:119 - 🔒 TEST MODE ENABLED - No real trades will execute
2026-04-08 11:15:03.138 | INFO     | __main__:scan_all_opportunities:97 - 🔍 Scanning for opportunities...
2026-04-08 11:15:03.139 | INFO     | __main__:scan_all_opportunities:111 - 📊 Test opportunity: 1.13%
2026-04-08 11:15:03.141 | SUCCESS  | __main__:run:181 - 🎯 Found 1 opportunities!
2026-04-08 11:15:03.141 | WARNING  | __main__:safety_check:119 - 🔒 TEST MODE ENABLED - No real trades will execute
2026-04-08 11:15:13.158 | INFO     | __main__:scan_all_opportunities:97 - 🔍 Scanning for opportunities...
2026-04-08 11:15:13.159 | INFO     | __main__:scan_all_opportunities:111 - 📊 Test opportunity: 1.03%
2026-04-08 11:15:13.160 | SUCCESS  | __main__:run:181 - 🎯 Found 1 opportunities!
2026-04-08 11:15:13.161 | WARNING  | __main__:safety_check:119 - 🔒 TEST MODE ENABLED - No real trades will execute
2026-04-08 11:15:23.173 | INFO     | __main__:scan_all_opportunities:97 - 🔍 Scanning for opportunities...
2026-04-08 11:15:23.174 | INFO     | __main__:scan_all_opportunities:111 - 📊 Test opportunity: 0.59%
2026-04-08 11:15:23.175 | SUCCESS  | __main__:run:181 - 🎯 Found 1 opportunities!
2026-04-08 11:15:23.176 | WARNING  | __main__:safety_check:119 - 🔒 TEST MODE ENABLED - No real trades will execute
2026-04-08 11:15:33.181 | INFO     | __main__:scan_all_opportunities:97 - 🔍 Scanning for opportunities...
2026-04-08 11:15:33.183 | INFO     | __main__:scan_all_opportunities:111 - 📊 Test opportunity: 0.59%
2026-04-08 11:15:33.183 | SUCCESS  | __main__:run:181 - 🎯 Found 1 opportunities!
2026-04-08 11:15:33.184 | WARNING  | __main__:safety_check:119 - 🔒 TEST MODE ENABLED - No real trades will execute
2026-04-08 11:15:43.190 | INFO     | __main__:scan_all_opportunities:97 - 🔍 Scanning for opportunities...
2026-04-08 11:15:53.208 | INFO     | __main__:scan_all_opportunities:97 - 🔍 Scanning for opportunities...
2026-04-08 11:15:53.209 | INFO     | __main__:scan_all_opportunities:111 - 📊 Test opportunity: 1.24%
2026-04-08 11:15:53.210 | SUCCESS  | __main__:run:181 - 🎯 Found 1 opportunities!
2026-04-08 11:15:53.211 | WARNING  | __main__:safety_check:119 - 🔒 TEST MODE ENABLED - No real trades will execute
2026-04-08 11:16:03.215 | INFO     | __main__:scan_all_opportunities:97 - 🔍 Scanning for opportunities...
2026-04-08 11:16:03.220 | INFO     | __main__:scan_all_opportunities:111 - 📊 Test opportunity: 1.46%
2026-04-08 11:16:03.221 | SUCCESS  | __main__:run:181 - 🎯 Found 1 opportunities!
2026-04-08 11:16:03.222 | WARNING  | __main__:safety_check:119 - 🔒 TEST MODE ENABLED - No real trades will execute
2026-04-08 11:16:13.233 | INFO     | __main__:scan_all_opportunities:97 - 🔍 Scanning for opportunities...
2026-04-08 11:16:13.234 | INFO     | __main__:scan_all_opportunities:111 - 📊 Test opportunity: 1.41%
2026-04-08 11:16:13.235 | SUCCESS  | __main__:run:181 - 🎯 Found 1 opportunities!
2026-04-08 11:16:13.236 | WARNING  | __main__:safety_check:119 - 🔒 TEST MODE ENABLED - No real trades will execute
2026-04-08 11:16:23.250 | INFO     | __main__:scan_all_opportunities:97 - 🔍 Scanning for opportunities...
2026-04-08 11:16:23.251 | INFO     | __main__:scan_all_opportunities:111 - 📊 Test opportunity: 1.39%
2026-04-08 11:16:23.252 | SUCCESS  | __main__:run:181 - 🎯 Found 1 opportunities!
2026-04-08 11:16:23.253 | WARNING  | __main__:safety_check:119 - 🔒 TEST MODE ENABLED - No real trades will execute
2026-04-08 11:16:33.263 | INFO     | __main__:scan_all_opportunities:97 - 🔍 Scanning for opportunities...
2026-04-08 11:16:33.264 | INFO     | __main__:scan_all_opportunities:111 - 📊 Test opportunity: 1.30%
2026-04-08 11:16:33.266 | SUCCESS  | __main__:run:181 - 🎯 Found 1 opportunities!
2026-04-08 11:16:33.267 | WARNING  | __main__:safety_check:119 - 🔒 TEST MODE ENABLED - No real trades will execute
2026-04-08 11:16:43.281 | INFO     | __main__:scan_all_opportunities:97 - 🔍 Scanning for opportunities...
2026-04-08 11:16:43.283 | INFO     | __main__:scan_all_opportunities:111 - 📊 Test opportunity: 0.55%
2026-04-08 11:16:43.284 | SUCCESS  | __main__:run:181 - 🎯 Found 1 opportunities!
2026-04-08 11:16:43.285 | WARNING  | __main__:safety_check:119 - 🔒 TEST MODE ENABLED - No real trades will execute
2026-04-08 11:16:53.299 | INFO     | __main__:scan_all_opportunities:97 - 🔍 Scanning for opportunities...
2026-04-08 11:16:53.300 | INFO     | __main__:scan_all_opportunities:111 - 📊 Test opportunity: 0.61%
2026-04-08 11:16:53.301 | SUCCESS  | __main__:run:181 - 🎯 Found 1 opportunities!
2026-04-08 11:16:53.302 | WARNING  | __main__:safety_check:119 - 🔒 TEST MODE ENABLED - No real trades will execute
2026-04-08 11:17:03.314 | INFO     | __main__:scan_all_opportunities:97 - 🔍 Scanning for opportunities...
2026-04-08 11:17:03.316 | INFO     | __main__:scan_all_opportunities:111 - 📊 Test opportunity: 1.00%
2026-04-08 11:17:03.317 | SUCCESS  | __main__:run:181 - 🎯 Found 1 opportunities!
2026-04-08 11:17:03.318 | WARNING  | __main__:safety_check:119 - 🔒 TEST MODE ENABLED - No real trades will execute
2026-04-08 11:17:13.321 | INFO     | __main__:scan_all_opportunities:97 - 🔍 Scanning for opportunities...
2026-04-08 11:17:13.322 | INFO     | __main__:scan_all_opportunities:111 - 📊 Test opportunity: 0.57%
2026-04-08 11:17:13.324 | SUCCESS  | __main__:run:181 - 🎯 Found 1 opportunities!
2026-04-08 11:17:13.325 | WARNING  | __main__:safety_check:119 - 🔒 TEST MODE ENABLED - No real trades will execute
2026-04-08 11:17:23.336 | INFO     | __main__:scan_all_opportunities:97 - 🔍 Scanning for opportunities...
2026-04-08 11:17:23.337 | INFO     | __main__:scan_all_opportunities:111 - 📊 Test opportunity: 0.80%
2026-04-08 11:17:23.338 | SUCCESS  | __main__:run:181 - 🎯 Found 1 opportunities!
2026-04-08 11:17:23.339 | WARNING  | __main__:safety_check:119 - 🔒 TEST MODE ENABLED - No real trades will execute
2026-04-08 11:17:33.348 | INFO     | __main__:scan_all_opportunities:97 - 🔍 Scanning for opportunities...
2026-04-08 11:17:33.350 | INFO     | __main__:scan_all_opportunities:111 - 📊 Test opportunity: 0.64%
2026-04-08 11:17:33.351 | SUCCESS  | __main__:run:181 - 🎯 Found 1 opportunities!
2026-04-08 11:17:33.352 | WARNING  | __main__:safety_check:119 - 🔒 TEST MODE ENABLED - No real trades will execute
2026-04-08 11:17:43.357 | INFO     | __main__:scan_all_opportunities:97 - 🔍 Scanning for opportunities...
2026-04-08 11:17:43.358 | INFO     | __main__:scan_all_opportunities:111 - 📊 Test opportunity: 1.12%
2026-04-08 11:17:43.359 | SUCCESS  | __main__:run:181 - 🎯 Found 1 opportunities!
2026-04-08 11:17:43.360 | WARNING  | __main__:safety_check:119 - 🔒 TEST MODE ENABLED - No real trades will execute
2026-04-08 11:17:53.363 | INFO     | __main__:scan_all_opportunities:97 - 🔍 Scanning for opportunities...
2026-04-08 11:17:53.364 | INFO     | __main__:scan_all_opportunities:111 - 📊 Test opportunity: 0.50%
2026-04-08 11:17:53.365 | SUCCESS  | __main__:run:181 - 🎯 Found 1 opportunities!
2026-04-08 11:17:53.366 | WARNING  | __main__:safety_check:119 - 🔒 TEST MODE ENABLED - No real trades will execute
2026-04-08 11:18:03.378 | INFO     | __main__:scan_all_opportunities:97 - 🔍 Scanning for opportunities...
2026-04-08 11:18:03.379 | INFO     | __main__:scan_all_opportunities:111 - 📊 Test opportunity: 0.52%
2026-04-08 11:18:03.380 | SUCCESS  | __main__:run:181 - 🎯 Found 1 opportunities!
2026-04-08 11:18:03.381 | WARNING  | __main__:safety_check:119 - 🔒 TEST MODE ENABLED - No real trades will execute
2026-04-08 11:18:13.395 | INFO     | __main__:scan_all_opportunities:97 - 🔍 Scanning for opportunities...
2026-04-08 11:18:13.396 | INFO     | __main__:scan_all_opportunities:111 - 📊 Test opportunity: 0.83%
2026-04-08 11:18:13.397 | SUCCESS  | __main__:run:181 - 🎯 Found 1 opportunities!
2026-04-08 11:18:13.398 | WARNING  | __main__:safety_check:119 - 🔒 TEST MODE ENABLED - No real trades will execute
2026-04-08 11:18:23.414 | INFO     | __main__:scan_all_opportunities:97 - 🔍 Scanning for opportunities...
2026-04-08 11:18:33.421 | INFO     | __main__:scan_all_opportunities:97 - 🔍 Scanning for opportunities...
2026-04-08 11:18:43.424 | INFO     | __main__:scan_all_opportunities:97 - 🔍 Scanning for opportunities...
2026-04-08 11:18:43.426 | INFO     | __main__:scan_all_opportunities:111 - 📊 Test opportunity: 0.59%
2026-04-08 11:18:43.427 | SUCCESS  | __main__:run:181 - 🎯 Found 1 opportunities!
2026-04-08 11:18:43.428 | WARNING  | __main__:safety_check:119 - 🔒 TEST MODE ENABLED - No real trades will execute
2026-04-08 11:18:53.443 | INFO     | __main__:scan_all_opportunities:97 - 🔍 Scanning for opportunities...
2026-04-08 11:18:53.444 | INFO     | __main__:scan_all_opportunities:111 - 📊 Test opportunity: 0.95%
2026-04-08 11:18:53.445 | SUCCESS  | __main__:run:181 - 🎯 Found 1 opportunities!
2026-04-08 11:18:53.445 | WARNING  | __main__:safety_check:119 - 🔒 TEST MODE ENABLED - No real trades will execute
2026-04-08 11:19:03.460 | INFO     | __main__:scan_all_opportunities:97 - 🔍 Scanning for opportunities...
2026-04-08 11:19:03.462 | INFO     | __main__:scan_all_opportunities:111 - 📊 Test opportunity: 0.74%
2026-04-08 11:19:03.463 | SUCCESS  | __main__:run:181 - 🎯 Found 1 opportunities!
2026-04-08 11:19:03.464 | WARNING  | __main__:safety_check:119 - 🔒 TEST MODE ENABLED - No real trades will execute
2026-04-08 11:19:13.472 | INFO     | __main__:scan_all_opportunities:97 - 🔍 Scanning for opportunities...
2026-04-08 11:19:13.474 | INFO     | __main__:scan_all_opportunities:111 - 📊 Test opportunity: 0.65%
2026-04-08 11:19:13.474 | SUCCESS  | __main__:run:181 - 🎯 Found 1 opportunities!
2026-04-08 11:19:13.475 | WARNING  | __main__:safety_check:119 - 🔒 TEST MODE ENABLED - No real trades will execute
2026-04-08 11:19:23.476 | INFO     | __main__:scan_all_opportunities:97 - 🔍 Scanning for opportunities...
2026-04-08 11:19:33.482 | INFO     | __main__:scan_all_opportunities:97 - 🔍 Scanning for opportunities...
2026-04-08 11:19:33.483 | INFO     | __main__:scan_all_opportunities:111 - 📊 Test opportunity: 0.98%
2026-04-08 11:19:33.484 | SUCCESS  | __main__:run:181 - 🎯 Found 1 opportunities!
2026-04-08 11:19:33.485 | WARNING  | __main__:safety_check:119 - 🔒 TEST MODE ENABLED - No real trades will execute
2026-04-08 11:19:43.501 | INFO     | __main__:scan_all_opportunities:97 - 🔍 Scanning for opportunities...
2026-04-08 11:19:43.502 | INFO     | __main__:scan_all_opportunities:111 - 📊 Test opportunity: 0.96%
2026-04-08 11:19:43.503 | SUCCESS  | __main__:run:181 - 🎯 Found 1 opportunities!
2026-04-08 11:19:43.504 | WARNING  | __main__:safety_check:119 - 🔒 TEST MODE ENABLED - No real trades will execute
2026-04-08 11:19:53.514 | INFO     | __main__:scan_all_opportunities:97 - 🔍 Scanning for opportunities...
2026-04-08 11:20:03.518 | INFO     | __main__:scan_all_opportunities:97 - 🔍 Scanning for opportunities...
2026-04-08 11:20:03.523 | INFO     | __main__:scan_all_opportunities:111 - 📊 Test opportunity: 1.00%
2026-04-08 11:20:03.524 | SUCCESS  | __main__:run:181 - 🎯 Found 1 opportunities!
2026-04-08 11:20:03.525 | WARNING  | __main__:safety_check:119 - 🔒 TEST MODE ENABLED - No real trades will execute
2026-04-08 11:20:13.528 | INFO     | __main__:scan_all_opportunities:97 - 🔍 Scanning for opportunities...
2026-04-08 11:20:13.530 | INFO     | __main__:scan_all_opportunities:111 - 📊 Test opportunity: 1.29%
2026-04-08 11:20:13.531 | SUCCESS  | __main__:run:181 - 🎯 Found 1 opportunities!
2026-04-08 11:20:13.532 | WARNING  | __main__:safety_check:119 - 🔒 TEST MODE ENABLED - No real trades will execute
2026-04-08 11:20:23.546 | INFO     | __main__:scan_all_opportunities:97 - 🔍 Scanning for opportunities...
2026-04-08 11:20:33.557 | INFO     | __main__:scan_all_opportunities:97 - 🔍 Scanning for opportunities...
2026-04-08 11:20:33.558 | INFO     | __main__:scan_all_opportunities:111 - 📊 Test opportunity: 0.80%
2026-04-08 11:20:33.559 | SUCCESS  | __main__:run:181 - 🎯 Found 1 opportunities!
2026-04-08 11:20:33.560 | WARNING  | __main__:safety_check:119 - 🔒 TEST MODE ENABLED - No real trades will execute
2026-04-08 11:20:43.569 | INFO     | __main__:scan_all_opportunities:97 - 🔍 Scanning for opportunities...
2026-04-08 11:20:43.570 | INFO     | __main__:scan_all_opportunities:111 - 📊 Test opportunity: 1.28%
2026-04-08 11:20:43.571 | SUCCESS  | __main__:run:181 - 🎯 Found 1 opportunities!
2026-04-08 11:20:43.572 | WARNING  | __main__:safety_check:119 - 🔒 TEST MODE ENABLED - No real trades will execute
2026-04-08 11:20:53.585 | INFO     | __main__:scan_all_opportunities:97 - 🔍 Scanning for opportunities...
2026-04-08 11:20:53.588 | INFO     | __main__:scan_all_opportunities:111 - 📊 Test opportunity: 1.07%
2026-04-08 11:20:53.590 | SUCCESS  | __main__:run:181 - 🎯 Found 1 opportunities!
2026-04-08 11:20:53.591 | WARNING  | __main__:safety_check:119 - 🔒 TEST MODE ENABLED - No real trades will execute
2026-04-08 11:21:03.592 | INFO     | __main__:scan_all_opportunities:97 - 🔍 Scanning for opportunities...
2026-04-08 11:21:13.594 | INFO     | __main__:scan_all_opportunities:97 - 🔍 Scanning for opportunities...
2026-04-08 11:21:13.595 | INFO     | __main__:scan_all_opportunities:111 - 📊 Test opportunity: 0.72%
2026-04-08 11:21:13.596 | SUCCESS  | __main__:run:181 - 🎯 Found 1 opportunities!
2026-04-08 11:21:13.597 | WARNING  | __main__:safety_check:119 - 🔒 TEST MODE ENABLED - No real trades will execute
2026-04-08 11:21:23.607 | INFO     | __main__:scan_all_opportunities:97 - 🔍 Scanning for opportunities...
2026-04-08 11:21:23.608 | INFO     | __main__:scan_all_opportunities:111 - 📊 Test opportunity: 1.12%
2026-04-08 11:21:23.609 | SUCCESS  | __main__:run:181 - 🎯 Found 1 opportunities!
2026-04-08 11:21:23.610 | WARNING  | __main__:safety_check:119 - 🔒 TEST MODE ENABLED - No real trades will execute
2026-04-08 11:21:33.623 | INFO     | __main__:scan_all_opportunities:97 - 🔍 Scanning for opportunities...
2026-04-08 11:21:43.639 | INFO     | __main__:scan_all_opportunities:97 - 🔍 Scanning for opportunities...
2026-04-08 11:21:43.659 | INFO     | __main__:scan_all_opportunities:111 - 📊 Test opportunity: 0.95%
2026-04-08 11:21:43.661 | SUCCESS  | __main__:run:181 - 🎯 Found 1 opportunities!
2026-04-08 11:21:43.667 | WARNING  | __main__:safety_check:119 - 🔒 TEST MODE ENABLED - No real trades will execute
2026-04-08 11:21:53.680 | INFO     | __main__:scan_all_opportunities:97 - 🔍 Scanning for opportunities...
2026-04-08 11:21:53.681 | INFO     | __main__:scan_all_opportunities:111 - 📊 Test opportunity: 0.51%
2026-04-08 11:21:53.682 | SUCCESS  | __main__:run:181 - 🎯 Found 1 opportunities!
2026-04-08 11:21:53.683 | WARNING  | __main__:safety_check:119 - 🔒 TEST MODE ENABLED - No real trades will execute
2026-04-08 11:22:03.693 | INFO     | __main__:scan_all_opportunities:97 - 🔍 Scanning for opportunities...
2026-04-08 11:22:03.694 | INFO     | __main__:scan_all_opportunities:111 - 📊 Test opportunity: 0.81%
2026-04-08 11:22:03.695 | SUCCESS  | __main__:run:181 - 🎯 Found 1 opportunities!
2026-04-08 11:22:03.696 | WARNING  | __main__:safety_check:119 - 🔒 TEST MODE ENABLED - No real trades will execute
2026-04-08 11:22:13.707 | INFO     | __main__:scan_all_opportunities:97 - 🔍 Scanning for opportunities...
2026-04-08 11:22:23.714 | INFO     | __main__:scan_all_opportunities:97 - 🔍 Scanning for opportunities...
2026-04-08 11:22:23.716 | INFO     | __main__:scan_all_opportunities:111 - 📊 Test opportunity: 0.59%
2026-04-08 11:22:23.717 | SUCCESS  | __main__:run:181 - 🎯 Found 1 opportunities!
2026-04-08 11:22:23.718 | WARNING  | __main__:safety_check:119 - 🔒 TEST MODE ENABLED - No real trades will execute
2026-04-08 11:22:33.735 | INFO     | __main__:scan_all_opportunities:97 - 🔍 Scanning for opportunities...
2026-04-08 11:22:33.740 | INFO     | __main__:scan_all_opportunities:111 - 📊 Test opportunity: 0.67%
2026-04-08 11:22:33.743 | SUCCESS  | __main__:run:181 - 🎯 Found 1 opportunities!
2026-04-08 11:22:33.744 | WARNING  | __main__:safety_check:119 - 🔒 TEST MODE ENABLED - No real trades will execute
2026-04-08 11:22:43.757 | INFO     | __main__:scan_all_opportunities:97 - 🔍 Scanning for opportunities...
2026-04-08 11:22:43.759 | INFO     | __main__:scan_all_opportunities:111 - 📊 Test opportunity: 0.64%
2026-04-08 11:22:43.760 | SUCCESS  | __main__:run:181 - 🎯 Found 1 opportunities!
2026-04-08 11:22:43.760 | WARNING  | __main__:safety_check:119 - 🔒 TEST MODE ENABLED - No real trades will execute
2026-04-08 11:22:53.766 | INFO     | __main__:scan_all_opportunities:97 - 🔍 Scanning for opportunities...
2026-04-08 11:22:53.767 | INFO     | __main__:scan_all_opportunities:111 - 📊 Test opportunity: 1.21%
2026-04-08 11:22:53.768 | SUCCESS  | __main__:run:181 - 🎯 Found 1 opportunities!
2026-04-08 11:22:53.769 | WARNING  | __main__:safety_check:119 - 🔒 TEST MODE ENABLED - No real trades will execute
2026-04-08 11:23:03.772 | INFO     | __main__:scan_all_opportunities:97 - 🔍 Scanning for opportunities...
2026-04-08 11:23:03.773 | INFO     | __main__:scan_all_opportunities:111 - 📊 Test opportunity: 1.43%
2026-04-08 11:23:03.774 | SUCCESS  | __main__:run:181 - 🎯 Found 1 opportunities!
2026-04-08 11:23:03.775 | WARNING  | __main__:safety_check:119 - 🔒 TEST MODE ENABLED - No real trades will execute
2026-04-08 11:23:13.791 | INFO     | __main__:scan_all_opportunities:97 - 🔍 Scanning for opportunities...
2026-04-08 11:23:13.792 | INFO     | __main__:scan_all_opportunities:111 - 📊 Test opportunity: 0.98%
2026-04-08 11:23:13.793 | SUCCESS  | __main__:run:181 - 🎯 Found 1 opportunities!
2026-04-08 11:23:13.795 | WARNING  | __main__:safety_check:119 - 🔒 TEST MODE ENABLED - No real trades will execute
2026-04-08 11:23:23.797 | INFO     | __main__:scan_all_opportunities:97 - 🔍 Scanning for opportunities...
2026-04-08 11:23:23.799 | INFO     | __main__:scan_all_opportunities:111 - 📊 Test opportunity: 1.23%
2026-04-08 11:23:23.799 | SUCCESS  | __main__:run:181 - 🎯 Found 1 opportunities!
2026-04-08 11:23:23.801 | WARNING  | __main__:safety_check:119 - 🔒 TEST MODE ENABLED - No real trades will execute
2026-04-08 11:23:33.804 | INFO     | __main__:scan_all_opportunities:97 - 🔍 Scanning for opportunities...
2026-04-08 11:23:33.805 | INFO     | __main__:scan_all_opportunities:111 - 📊 Test opportunity: 1.06%
2026-04-08 11:23:33.806 | SUCCESS  | __main__:run:181 - 🎯 Found 1 opportunities!
2026-04-08 11:23:33.807 | WARNING  | __main__:safety_check:119 - 🔒 TEST MODE ENABLED - No real trades will execute
2026-04-08 11:23:43.813 | INFO     | __main__:scan_all_opportunities:97 - 🔍 Scanning for opportunities...
2026-04-08 11:23:43.814 | INFO     | __main__:scan_all_opportunities:111 - 📊 Test opportunity: 0.84%
2026-04-08 11:23:43.816 | SUCCESS  | __main__:run:181 - 🎯 Found 1 opportunities!
2026-04-08 11:23:43.817 | WARNING  | __main__:safety_check:119 - 🔒 TEST MODE ENABLED - No real trades will execute
2026-04-08 11:23:53.822 | INFO     | __main__:scan_all_opportunities:97 - 🔍 Scanning for opportunities...
2026-04-08 11:23:53.824 | INFO     | __main__:scan_all_opportunities:111 - 📊 Test opportunity: 0.80%
2026-04-08 11:23:53.825 | SUCCESS  | __main__:run:181 - 🎯 Found 1 opportunities!
2026-04-08 11:23:53.826 | WARNING  | __main__:safety_check:119 - 🔒 TEST MODE ENABLED - No real trades will execute
2026-04-08 11:24:03.827 | INFO     | __main__:scan_all_opportunities:97 - 🔍 Scanning for opportunities...
2026-04-08 11:24:03.828 | INFO     | __main__:scan_all_opportunities:111 - 📊 Test opportunity: 1.08%
2026-04-08 11:24:03.829 | SUCCESS  | __main__:run:181 - 🎯 Found 1 opportunities!
2026-04-08 11:24:03.830 | WARNING  | __main__:safety_check:119 - 🔒 TEST MODE ENABLED - No real trades will execute
2026-04-08 11:24:13.836 | INFO     | __main__:scan_all_opportunities:97 - 🔍 Scanning for opportunities...
2026-04-08 11:24:23.842 | INFO     | __main__:scan_all_opportunities:97 - 🔍 Scanning for opportunities...
2026-04-08 11:24:23.844 | INFO     | __main__:scan_all_opportunities:111 - 📊 Test opportunity: 1.48%
2026-04-08 11:24:23.845 | SUCCESS  | __main__:run:181 - 🎯 Found 1 opportunities!
2026-04-08 11:24:23.846 | WARNING  | __main__:safety_check:119 - 🔒 TEST MODE ENABLED - No real trades will execute
2026-04-08 11:24:33.848 | INFO     | __main__:scan_all_opportunities:97 - 🔍 Scanning for opportunities...
2026-04-08 11:24:33.850 | INFO     | __main__:scan_all_opportunities:111 - 📊 Test opportunity: 1.49%
2026-04-08 11:24:33.852 | SUCCESS  | __main__:run:181 - 🎯 Found 1 opportunities!
2026-04-08 11:24:33.853 | WARNING  | __main__:safety_check:119 - 🔒 TEST MODE ENABLED - No real trades will execute
2026-04-08 11:24:43.869 | INFO     | __main__:scan_all_opportunities:97 - 🔍 Scanning for opportunities...
2026-04-08 11:24:43.870 | INFO     | __main__:scan_all_opportunities:111 - 📊 Test opportunity: 0.99%
2026-04-08 11:24:43.871 | SUCCESS  | __main__:run:181 - 🎯 Found 1 opportunities!
2026-04-08 11:24:43.872 | WARNING  | __main__:safety_check:119 - 🔒 TEST MODE ENABLED - No real trades will execute
2026-04-08 11:24:53.875 | INFO     | __main__:scan_all_opportunities:97 - 🔍 Scanning for opportunities...
2026-04-08 11:24:53.876 | INFO     | __main__:scan_all_opportunities:111 - 📊 Test opportunity: 1.25%
2026-04-08 11:24:53.877 | SUCCESS  | __main__:run:181 - 🎯 Found 1 opportunities!
2026-04-08 11:24:53.879 | WARNING  | __main__:safety_check:119 - 🔒 TEST MODE ENABLED - No real trades will execute
2026-04-08 11:25:03.893 | INFO     | __main__:scan_all_opportunities:97 - 🔍 Scanning for opportunities...
2026-04-08 11:25:03.894 | INFO     | __main__:scan_all_opportunities:111 - 📊 Test opportunity: 0.67%
2026-04-08 11:25:03.898 | SUCCESS  | __main__:run:181 - 🎯 Found 1 opportunities!
2026-04-08 11:25:03.900 | WARNING  | __main__:safety_check:119 - 🔒 TEST MODE ENABLED - No real trades will execute
2026-04-08 11:25:13.909 | INFO     | __main__:scan_all_opportunities:97 - 🔍 Scanning for opportunities...
2026-04-08 11:25:13.910 | INFO     | __main__:scan_all_opportunities:111 - 📊 Test opportunity: 0.80%
2026-04-08 11:25:13.911 | SUCCESS  | __main__:run:181 - 🎯 Found 1 opportunities!
2026-04-08 11:25:13.912 | WARNING  | __main__:safety_check:119 - 🔒 TEST MODE ENABLED - No real trades will execute
2026-04-08 11:25:23.924 | INFO     | __main__:scan_all_opportunities:97 - 🔍 Scanning for opportunities...
2026-04-08 11:25:23.925 | INFO     | __main__:scan_all_opportunities:111 - 📊 Test opportunity: 1.46%
2026-04-08 11:25:23.926 | SUCCESS  | __main__:run:181 - 🎯 Found 1 opportunities!
2026-04-08 11:25:23.926 | WARNING  | __main__:safety_check:119 - 🔒 TEST MODE ENABLED - No real trades will execute
2026-04-08 11:25:33.939 | INFO     | __main__:scan_all_opportunities:97 - 🔍 Scanning for opportunities...
2026-04-08 11:25:33.940 | INFO     | __main__:scan_all_opportunities:111 - 📊 Test opportunity: 1.32%
2026-04-08 11:25:33.941 | SUCCESS  | __main__:run:181 - 🎯 Found 1 opportunities!
2026-04-08 11:25:33.942 | WARNING  | __main__:safety_check:119 - 🔒 TEST MODE ENABLED - No real trades will execute
2026-04-08 11:25:43.954 | INFO     | __main__:scan_all_opportunities:97 - 🔍 Scanning for opportunities...
2026-04-08 11:25:53.962 | INFO     | __main__:scan_all_opportunities:97 - 🔍 Scanning for opportunities...
2026-04-08 11:26:03.965 | INFO     | __main__:scan_all_opportunities:97 - 🔍 Scanning for opportunities...
2026-04-08 11:26:03.967 | INFO     | __main__:scan_all_opportunities:111 - 📊 Test opportunity: 1.40%
2026-04-08 11:26:03.967 | SUCCESS  | __main__:run:181 - 🎯 Found 1 opportunities!
2026-04-08 11:26:03.968 | WARNING  | __main__:safety_check:119 - 🔒 TEST MODE ENABLED - No real trades will execute
2026-04-08 11:26:13.981 | INFO     | __main__:scan_all_opportunities:97 - 🔍 Scanning for opportunities...
2026-04-08 11:26:13.983 | INFO     | __main__:scan_all_opportunities:111 - 📊 Test opportunity: 0.74%
2026-04-08 11:26:13.983 | SUCCESS  | __main__:run:181 - 🎯 Found 1 opportunities!
2026-04-08 11:26:13.985 | WARNING  | __main__:safety_check:119 - 🔒 TEST MODE ENABLED - No real trades will execute
2026-04-08 11:26:24.000 | INFO     | __main__:scan_all_opportunities:97 - 🔍 Scanning for opportunities...
2026-04-08 11:26:24.001 | INFO     | __main__:scan_all_opportunities:111 - 📊 Test opportunity: 0.62%
2026-04-08 11:26:24.002 | SUCCESS  | __main__:run:181 - 🎯 Found 1 opportunities!
2026-04-08 11:26:24.003 | WARNING  | __main__:safety_check:119 - 🔒 TEST MODE ENABLED - No real trades will execute
2026-04-08 11:26:34.008 | INFO     | __main__:scan_all_opportunities:97 - 🔍 Scanning for opportunities...
2026-04-08 11:26:34.009 | INFO     | __main__:scan_all_opportunities:111 - 📊 Test opportunity: 1.06%
2026-04-08 11:26:34.009 | SUCCESS  | __main__:run:181 - 🎯 Found 1 opportunities!
2026-04-08 11:26:34.011 | WARNING  | __main__:safety_check:119 - 🔒 TEST MODE ENABLED - No real trades will execute
2026-04-08 11:26:44.017 | INFO     | __main__:scan_all_opportunities:97 - 🔍 Scanning for opportunities...
2026-04-08 11:26:44.018 | INFO     | __main__:scan_all_opportunities:111 - 📊 Test opportunity: 0.77%
2026-04-08 11:26:44.018 | SUCCESS  | __main__:run:181 - 🎯 Found 1 opportunities!
2026-04-08 11:26:44.019 | WARNING  | __main__:safety_check:119 - 🔒 TEST MODE ENABLED - No real trades will execute
2026-04-08 11:26:54.033 | INFO     | __main__:scan_all_opportunities:97 - 🔍 Scanning for opportunities...
2026-04-08 11:26:54.049 | INFO     | __main__:scan_all_opportunities:111 - 📊 Test opportunity: 0.84%
2026-04-08 11:26:54.055 | SUCCESS  | __main__:run:181 - 🎯 Found 1 opportunities!
2026-04-08 11:26:54.056 | WARNING  | __main__:safety_check:119 - 🔒 TEST MODE ENABLED - No real trades will execute
2026-04-08 11:27:04.073 | INFO     | __main__:scan_all_opportunities:97 - 🔍 Scanning for opportunities...
2026-04-08 11:27:04.074 | INFO     | __main__:scan_all_opportunities:111 - 📊 Test opportunity: 0.51%
2026-04-08 11:27:04.076 | SUCCESS  | __main__:run:181 - 🎯 Found 1 opportunities!
2026-04-08 11:27:04.077 | WARNING  | __main__:safety_check:119 - 🔒 TEST MODE ENABLED - No real trades will execute
2026-04-08 11:27:14.089 | INFO     | __main__:scan_all_opportunities:97 - 🔍 Scanning for opportunities...
2026-04-08 11:27:14.090 | INFO     | __main__:scan_all_opportunities:111 - 📊 Test opportunity: 0.92%
2026-04-08 11:27:14.091 | SUCCESS  | __main__:run:181 - 🎯 Found 1 opportunities!
2026-04-08 11:27:14.092 | WARNING  | __main__:safety_check:119 - 🔒 TEST MODE ENABLED - No real trades will execute
2026-04-08 11:27:24.103 | INFO     | __main__:scan_all_opportunities:97 - 🔍 Scanning for opportunities...
2026-04-08 11:27:24.104 | INFO     | __main__:scan_all_opportunities:111 - 📊 Test opportunity: 1.34%
2026-04-08 11:27:24.105 | SUCCESS  | __main__:run:181 - 🎯 Found 1 opportunities!
2026-04-08 11:27:24.105 | WARNING  | __main__:safety_check:119 - 🔒 TEST MODE ENABLED - No real trades will execute
2026-04-08 11:27:34.198 | INFO     | __main__:scan_all_opportunities:97 - 🔍 Scanning for opportunities...
2026-04-08 11:27:34.299 | INFO     | __main__:scan_all_opportunities:111 - 📊 Test opportunity: 0.96%
2026-04-08 11:27:34.424 | SUCCESS  | __main__:run:181 - 🎯 Found 1 opportunities!
2026-04-08 11:27:34.434 | WARNING  | __main__:safety_check:119 - 🔒 TEST MODE ENABLED - No real trades will execute
2026-04-08 11:27:44.452 | INFO     | __main__:scan_all_opportunities:97 - 🔍 Scanning for opportunities...
2026-04-08 11:27:54.458 | INFO     | __main__:scan_all_opportunities:97 - 🔍 Scanning for opportunities...
2026-04-08 11:27:54.460 | INFO     | __main__:scan_all_opportunities:111 - 📊 Test opportunity: 1.47%
2026-04-08 11:27:54.462 | SUCCESS  | __main__:run:181 - 🎯 Found 1 opportunities!
2026-04-08 11:27:54.463 | WARNING  | __main__:safety_check:119 - 🔒 TEST MODE ENABLED - No real trades will execute
2026-04-08 11:28:04.472 | INFO     | __main__:scan_all_opportunities:97 - 🔍 Scanning for opportunities...
2026-04-08 11:28:04.473 | INFO     | __main__:scan_all_opportunities:111 - 📊 Test opportunity: 1.05%
2026-04-08 11:28:04.474 | SUCCESS  | __main__:run:181 - 🎯 Found 1 opportunities!
2026-04-08 11:28:04.475 | WARNING  | __main__:safety_check:119 - 🔒 TEST MODE ENABLED - No real trades will execute
2026-04-08 11:28:14.479 | INFO     | __main__:scan_all_opportunities:97 - 🔍 Scanning for opportunities...
2026-04-08 11:28:24.498 | INFO     | __main__:scan_all_opportunities:97 - 🔍 Scanning for opportunities...
2026-04-08 11:28:24.499 | INFO     | __main__:scan_all_opportunities:111 - 📊 Test opportunity: 1.03%
2026-04-08 11:28:24.500 | SUCCESS  | __main__:run:181 - 🎯 Found 1 opportunities!
2026-04-08 11:28:24.501 | WARNING  | __main__:safety_check:119 - 🔒 TEST MODE ENABLED - No real trades will execute
2026-04-08 11:28:34.504 | INFO     | __main__:scan_all_opportunities:97 - 🔍 Scanning for opportunities...
2026-04-08 11:28:34.505 | INFO     | __main__:scan_all_opportunities:111 - 📊 Test opportunity: 0.92%
2026-04-08 11:28:34.506 | SUCCESS  | __main__:run:181 - 🎯 Found 1 opportunities!
2026-04-08 11:28:34.507 | WARNING  | __main__:safety_check:119 - 🔒 TEST MODE ENABLED - No real trades will execute
2026-04-08 11:28:44.509 | INFO     | __main__:scan_all_opportunities:97 - 🔍 Scanning for opportunities...
2026-04-08 11:28:44.510 | INFO     | __main__:scan_all_opportunities:111 - 📊 Test opportunity: 1.27%
2026-04-08 11:28:44.512 | SUCCESS  | __main__:run:181 - 🎯 Found 1 opportunities!
2026-04-08 11:28:44.513 | WARNING  | __main__:safety_check:119 - 🔒 TEST MODE ENABLED - No real trades will execute
2026-04-08 11:28:54.520 | INFO     | __main__:scan_all_opportunities:97 - 🔍 Scanning for opportunities...
2026-04-08 11:28:54.522 | INFO     | __main__:scan_all_opportunities:111 - 📊 Test opportunity: 1.06%
2026-04-08 11:28:54.523 | SUCCESS  | __main__:run:181 - 🎯 Found 1 opportunities!
2026-04-08 11:28:54.525 | WARNING  | __main__:safety_check:119 - 🔒 TEST MODE ENABLED - No real trades will execute
2026-04-08 11:29:04.526 | INFO     | __main__:scan_all_opportunities:97 - 🔍 Scanning for opportunities...
2026-04-08 11:29:04.527 | INFO     | __main__:scan_all_opportunities:111 - 📊 Test opportunity: 0.98%
2026-04-08 11:29:04.529 | SUCCESS  | __main__:run:181 - 🎯 Found 1 opportunities!
2026-04-08 11:29:04.530 | WARNING  | __main__:safety_check:119 - 🔒 TEST MODE ENABLED - No real trades will execute
2026-04-08 11:29:14.538 | INFO     | __main__:scan_all_opportunities:97 - 🔍 Scanning for opportunities...
2026-04-08 11:29:14.540 | INFO     | __main__:scan_all_opportunities:111 - 📊 Test opportunity: 0.87%
2026-04-08 11:29:14.541 | SUCCESS  | __main__:run:181 - 🎯 Found 1 opportunities!
2026-04-08 11:29:14.542 | WARNING  | __main__:safety_check:119 - 🔒 TEST MODE ENABLED - No real trades will execute
2026-04-08 11:29:24.543 | INFO     | __main__:scan_all_opportunities:97 - 🔍 Scanning for opportunities...
2026-04-08 11:29:24.551 | INFO     | __main__:scan_all_opportunities:111 - 📊 Test opportunity: 1.03%
2026-04-08 11:29:24.552 | SUCCESS  | __main__:run:181 - 🎯 Found 1 opportunities!
2026-04-08 11:29:24.566 | WARNING  | __main__:safety_check:119 - 🔒 TEST MODE ENABLED - No real trades will execute
2026-04-08 11:29:34.583 | INFO     | __main__:scan_all_opportunities:97 - 🔍 Scanning for opportunities...
2026-04-08 11:29:34.584 | INFO     | __main__:scan_all_opportunities:111 - 📊 Test opportunity: 0.96%
2026-04-08 11:29:34.586 | SUCCESS  | __main__:run:181 - 🎯 Found 1 opportunities!
2026-04-08 11:29:34.587 | WARNING  | __main__:safety_check:119 - 🔒 TEST MODE ENABLED - No real trades will execute
2026-04-08 11:29:44.597 | INFO     | __main__:scan_all_opportunities:97 - 🔍 Scanning for opportunities...
2026-04-08 11:29:54.611 | INFO     | __main__:scan_all_opportunities:97 - 🔍 Scanning for opportunities...
2026-04-08 11:29:54.612 | INFO     | __main__:scan_all_opportunities:111 - 📊 Test opportunity: 1.19%
2026-04-08 11:29:54.613 | SUCCESS  | __main__:run:181 - 🎯 Found 1 opportunities!
2026-04-08 11:29:54.614 | WARNING  | __main__:safety_check:119 - 🔒 TEST MODE ENABLED - No real trades will execute
2026-04-08 11:30:04.624 | INFO     | __main__:scan_all_opportunities:97 - 🔍 Scanning for opportunities...
2026-04-08 11:30:04.626 | INFO     | __main__:scan_all_opportunities:111 - 📊 Test opportunity: 1.12%
2026-04-08 11:30:04.627 | SUCCESS  | __main__:run:181 - 🎯 Found 1 opportunities!
2026-04-08 11:30:04.627 | WARNING  | __main__:safety_check:119 - 🔒 TEST MODE ENABLED - No real trades will execute
2026-04-08 11:30:14.644 | INFO     | __main__:scan_all_opportunities:97 - 🔍 Scanning for opportunities...
2026-04-08 11:30:14.645 | INFO     | __main__:scan_all_opportunities:111 - 📊 Test opportunity: 0.85%
2026-04-08 11:30:14.646 | SUCCESS  | __main__:run:181 - 🎯 Found 1 opportunities!
2026-04-08 11:30:14.647 | WARNING  | __main__:safety_check:119 - 🔒 TEST MODE ENABLED - No real trades will execute
2026-04-08 11:30:24.649 | INFO     | __main__:scan_all_opportunities:97 - 🔍 Scanning for opportunities...
2026-04-08 11:30:24.663 | INFO     | __main__:scan_all_opportunities:111 - 📊 Test opportunity: 1.03%
2026-04-08 11:30:24.665 | SUCCESS  | __main__:run:181 - 🎯 Found 1 opportunities!
2026-04-08 11:30:24.668 | WARNING  | __main__:safety_check:119 - 🔒 TEST MODE ENABLED - No real trades will execute
2026-04-08 11:30:34.674 | INFO     | __main__:scan_all_opportunities:97 - 🔍 Scanning for opportunities...
2026-04-08 11:30:34.676 | INFO     | __main__:scan_all_opportunities:111 - 📊 Test opportunity: 1.25%
2026-04-08 11:30:34.677 | SUCCESS  | __main__:run:181 - 🎯 Found 1 opportunities!
2026-04-08 11:30:34.678 | WARNING  | __main__:safety_check:119 - 🔒 TEST MODE ENABLED - No real trades will execute
2026-04-08 11:30:44.690 | INFO     | __main__:scan_all_opportunities:97 - 🔍 Scanning for opportunities...
2026-04-08 11:30:54.699 | INFO     | __main__:scan_all_opportunities:97 - 🔍 Scanning for opportunities...
2026-04-08 11:31:04.710 | INFO     | __main__:scan_all_opportunities:97 - 🔍 Scanning for opportunities...
2026-04-08 11:31:04.712 | INFO     | __main__:scan_all_opportunities:111 - 📊 Test opportunity: 0.86%
2026-04-08 11:31:04.713 | SUCCESS  | __main__:run:181 - 🎯 Found 1 opportunities!
2026-04-08 11:31:04.713 | WARNING  | __main__:safety_check:119 - 🔒 TEST MODE ENABLED - No real trades will execute
2026-04-08 11:31:14.728 | INFO     | __main__:scan_all_opportunities:97 - 🔍 Scanning for opportunities...
2026-04-08 11:31:14.729 | INFO     | __main__:scan_all_opportunities:111 - 📊 Test opportunity: 0.86%
2026-04-08 11:31:14.730 | SUCCESS  | __main__:run:181 - 🎯 Found 1 opportunities!
2026-04-08 11:31:14.731 | WARNING  | __main__:safety_check:119 - 🔒 TEST MODE ENABLED - No real trades will execute
2026-04-08 11:31:24.735 | INFO     | __main__:scan_all_opportunities:97 - 🔍 Scanning for opportunities...
2026-04-08 11:31:24.736 | INFO     | __main__:scan_all_opportunities:111 - 📊 Test opportunity: 1.14%
2026-04-08 11:31:24.737 | SUCCESS  | __main__:run:181 - 🎯 Found 1 opportunities!
2026-04-08 11:31:24.738 | WARNING  | __main__:safety_check:119 - 🔒 TEST MODE ENABLED - No real trades will execute
2026-04-08 11:31:34.743 | INFO     | __main__:scan_all_opportunities:97 - 🔍 Scanning for opportunities...
2026-04-08 11:31:44.746 | INFO     | __main__:scan_all_opportunities:97 - 🔍 Scanning for opportunities...
2026-04-08 11:31:44.747 | INFO     | __main__:scan_all_opportunities:111 - 📊 Test opportunity: 0.56%
2026-04-08 11:31:44.748 | SUCCESS  | __main__:run:181 - 🎯 Found 1 opportunities!
2026-04-08 11:31:44.749 | WARNING  | __main__:safety_check:119 - 🔒 TEST MODE ENABLED - No real trades will execute
2026-04-08 11:31:54.760 | INFO     | __main__:scan_all_opportunities:97 - 🔍 Scanning for opportunities...
2026-04-08 11:31:54.761 | INFO     | __main__:scan_all_opportunities:111 - 📊 Test opportunity: 1.33%
2026-04-08 11:31:54.761 | SUCCESS  | __main__:run:181 - 🎯 Found 1 opportunities!
2026-04-08 11:31:54.762 | WARNING  | __main__:safety_check:119 - 🔒 TEST MODE ENABLED - No real trades will execute
2026-04-08 11:32:04.767 | INFO     | __main__:scan_all_opportunities:97 - 🔍 Scanning for opportunities...
2026-04-08 11:32:14.773 | INFO     | __main__:scan_all_opportunities:97 - 🔍 Scanning for opportunities...
2026-04-08 11:32:14.774 | INFO     | __main__:scan_all_opportunities:111 - 📊 Test opportunity: 0.95%
2026-04-08 11:32:14.775 | SUCCESS  | __main__:run:181 - 🎯 Found 1 opportunities!
2026-04-08 11:32:14.775 | WARNING  | __main__:safety_check:119 - 🔒 TEST MODE ENABLED - No real trades will execute
2026-04-08 11:32:24.777 | INFO     | __main__:scan_all_opportunities:97 - 🔍 Scanning for opportunities...
2026-04-08 11:32:24.779 | INFO     | __main__:scan_all_opportunities:111 - 📊 Test opportunity: 1.42%
2026-04-08 11:32:24.780 | SUCCESS  | __main__:run:181 - 🎯 Found 1 opportunities!
2026-04-08 11:32:24.781 | WARNING  | __main__:safety_check:119 - 🔒 TEST MODE ENABLED - No real trades will execute
2026-04-08 11:32:34.795 | INFO     | __main__:scan_all_opportunities:97 - 🔍 Scanning for opportunities...
2026-04-08 11:32:34.796 | INFO     | __main__:scan_all_opportunities:111 - 📊 Test opportunity: 0.64%
2026-04-08 11:32:34.797 | SUCCESS  | __main__:run:181 - 🎯 Found 1 opportunities!
2026-04-08 11:32:34.798 | WARNING  | __main__:safety_check:119 - 🔒 TEST MODE ENABLED - No real trades will execute
2026-04-08 11:32:44.801 | INFO     | __main__:scan_all_opportunities:97 - 🔍 Scanning for opportunities...
2026-04-08 11:32:44.803 | INFO     | __main__:scan_all_opportunities:111 - 📊 Test opportunity: 0.63%
2026-04-08 11:32:44.804 | SUCCESS  | __main__:run:181 - 🎯 Found 1 opportunities!
2026-04-08 11:32:44.805 | WARNING  | __main__:safety_check:119 - 🔒 TEST MODE ENABLED - No real trades will execute
2026-04-08 11:32:54.816 | INFO     | __main__:scan_all_opportunities:97 - 🔍 Scanning for opportunities...
2026-04-08 11:32:54.817 | INFO     | __main__:scan_all_opportunities:111 - 📊 Test opportunity: 1.48%
2026-04-08 11:32:54.818 | SUCCESS  | __main__:run:181 - 🎯 Found 1 opportunities!
2026-04-08 11:32:54.819 | WARNING  | __main__:safety_check:119 - 🔒 TEST MODE ENABLED - No real trades will execute
2026-04-08 11:33:04.820 | INFO     | __main__:scan_all_opportunities:97 - 🔍 Scanning for opportunities...
2026-04-08 11:33:04.822 | INFO     | __main__:scan_all_opportunities:111 - 📊 Test opportunity: 0.73%
2026-04-08 11:33:04.823 | SUCCESS  | __main__:run:181 - 🎯 Found 1 opportunities!
2026-04-08 11:33:04.824 | WARNING  | __main__:safety_check:119 - 🔒 TEST MODE ENABLED - No real trades will execute
2026-04-08 11:33:14.830 | INFO     | __main__:scan_all_opportunities:97 - 🔍 Scanning for opportunities...
2026-04-08 11:33:14.831 | INFO     | __main__:scan_all_opportunities:111 - 📊 Test opportunity: 1.36%
2026-04-08 11:33:14.832 | SUCCESS  | __main__:run:181 - 🎯 Found 1 opportunities!
2026-04-08 11:33:14.834 | WARNING  | __main__:safety_check:119 - 🔒 TEST MODE ENABLED - No real trades will execute
2026-04-08 11:33:24.847 | INFO     | __main__:scan_all_opportunities:97 - 🔍 Scanning for opportunities...
2026-04-08 11:33:24.850 | INFO     | __main__:scan_all_opportunities:111 - 📊 Test opportunity: 0.53%
2026-04-08 11:33:24.852 | SUCCESS  | __main__:run:181 - 🎯 Found 1 opportunities!
2026-04-08 11:33:24.856 | WARNING  | __main__:safety_check:119 - 🔒 TEST MODE ENABLED - No real trades will execute
2026-04-08 11:33:34.858 | INFO     | __main__:scan_all_opportunities:97 - 🔍 Scanning for opportunities...
2026-04-08 11:33:34.860 | INFO     | __main__:scan_all_opportunities:111 - 📊 Test opportunity: 0.63%
2026-04-08 11:33:34.861 | SUCCESS  | __main__:run:181 - 🎯 Found 1 opportunities!
2026-04-08 11:33:34.862 | WARNING  | __main__:safety_check:119 - 🔒 TEST MODE ENABLED - No real trades will execute
2026-04-08 11:33:44.870 | INFO     | __main__:scan_all_opportunities:97 - 🔍 Scanning for opportunities...
2026-04-08 11:33:44.872 | INFO     | __main__:scan_all_opportunities:111 - 📊 Test opportunity: 0.82%
2026-04-08 11:33:44.873 | SUCCESS  | __main__:run:181 - 🎯 Found 1 opportunities!
2026-04-08 11:33:44.874 | WARNING  | __main__:safety_check:119 - 🔒 TEST MODE ENABLED - No real trades will execute
2026-04-08 11:33:54.899 | INFO     | __main__:scan_all_opportunities:97 - 🔍 Scanning for opportunities...
2026-04-08 11:33:54.901 | INFO     | __main__:scan_all_opportunities:111 - 📊 Test opportunity: 0.75%
2026-04-08 11:33:54.903 | SUCCESS  | __main__:run:181 - 🎯 Found 1 opportunities!
2026-04-08 11:33:54.904 | WARNING  | __main__:safety_check:119 - 🔒 TEST MODE ENABLED - No real trades will execute
2026-04-08 11:34:04.912 | INFO     | __main__:scan_all_opportunities:97 - 🔍 Scanning for opportunities...
2026-04-08 11:34:14.934 | INFO     | __main__:scan_all_opportunities:97 - 🔍 Scanning for opportunities...
2026-04-08 11:34:14.935 | INFO     | __main__:scan_all_opportunities:111 - 📊 Test opportunity: 1.48%
2026-04-08 11:34:14.936 | SUCCESS  | __main__:run:181 - 🎯 Found 1 opportunities!
2026-04-08 11:34:14.937 | WARNING  | __main__:safety_check:119 - 🔒 TEST MODE ENABLED - No real trades will execute
2026-04-08 11:34:24.951 | INFO     | __main__:scan_all_opportunities:97 - 🔍 Scanning for opportunities...
2026-04-08 11:34:24.952 | INFO     | __main__:scan_all_opportunities:111 - 📊 Test opportunity: 0.81%
2026-04-08 11:34:24.953 | SUCCESS  | __main__:run:181 - 🎯 Found 1 opportunities!
2026-04-08 11:34:24.954 | WARNING  | __main__:safety_check:119 - 🔒 TEST MODE ENABLED - No real trades will execute
2026-04-08 11:34:34.961 | INFO     | __main__:scan_all_opportunities:97 - 🔍 Scanning for opportunities...
2026-04-08 11:34:34.962 | INFO     | __main__:scan_all_opportunities:111 - 📊 Test opportunity: 1.28%
2026-04-08 11:34:34.963 | SUCCESS  | __main__:run:181 - 🎯 Found 1 opportunities!
2026-04-08 11:34:34.964 | WARNING  | __main__:safety_check:119 - 🔒 TEST MODE ENABLED - No real trades will execute
2026-04-08 11:34:44.978 | INFO     | __main__:scan_all_opportunities:97 - 🔍 Scanning for opportunities...
2026-04-08 11:34:44.979 | INFO     | __main__:scan_all_opportunities:111 - 📊 Test opportunity: 0.77%
2026-04-08 11:34:44.980 | SUCCESS  | __main__:run:181 - 🎯 Found 1 opportunities!
2026-04-08 11:34:44.981 | WARNING  | __main__:safety_check:119 - 🔒 TEST MODE ENABLED - No real trades will execute
2026-04-08 11:34:54.997 | INFO     | __main__:scan_all_opportunities:97 - 🔍 Scanning for opportunities...
2026-04-08 11:35:05.004 | INFO     | __main__:scan_all_opportunities:97 - 🔍 Scanning for opportunities...
2026-04-08 11:35:05.006 | INFO     | __main__:scan_all_opportunities:111 - 📊 Test opportunity: 0.78%
2026-04-08 11:35:05.007 | SUCCESS  | __main__:run:181 - 🎯 Found 1 opportunities!
2026-04-08 11:35:05.008 | WARNING  | __main__:safety_check:119 - 🔒 TEST MODE ENABLED - No real trades will execute
2026-04-08 11:35:15.010 | INFO     | __main__:scan_all_opportunities:97 - 🔍 Scanning for opportunities...
2026-04-08 11:35:15.011 | INFO     | __main__:scan_all_opportunities:111 - 📊 Test opportunity: 1.29%
2026-04-08 11:35:15.012 | SUCCESS  | __main__:run:181 - 🎯 Found 1 opportunities!
2026-04-08 11:35:15.013 | WARNING  | __main__:safety_check:119 - 🔒 TEST MODE ENABLED - No real trades will execute
2026-04-08 11:35:25.016 | INFO     | __main__:scan_all_opportunities:97 - 🔍 Scanning for opportunities...
2026-04-08 11:35:35.032 | INFO     | __main__:scan_all_opportunities:97 - 🔍 Scanning for opportunities...
2026-04-08 11:35:35.044 | INFO     | __main__:scan_all_opportunities:111 - 📊 Test opportunity: 0.76%
2026-04-08 11:35:35.053 | SUCCESS  | __main__:run:181 - 🎯 Found 1 opportunities!
2026-04-08 11:35:35.059 | WARNING  | __main__:safety_check:119 - 🔒 TEST MODE ENABLED - No real trades will execute
2026-04-08 11:35:45.072 | INFO     | __main__:scan_all_opportunities:97 - 🔍 Scanning for opportunities...
2026-04-08 11:35:45.074 | INFO     | __main__:scan_all_opportunities:111 - 📊 Test opportunity: 0.58%
2026-04-08 11:35:45.074 | SUCCESS  | __main__:run:181 - 🎯 Found 1 opportunities!
2026-04-08 11:35:45.075 | WARNING  | __main__:safety_check:119 - 🔒 TEST MODE ENABLED - No real trades will execute
2026-04-08 11:35:55.091 | INFO     | __main__:scan_all_opportunities:97 - 🔍 Scanning for opportunities...
2026-04-08 11:36:05.093 | INFO     | __main__:scan_all_opportunities:97 - 🔍 Scanning for opportunities...
2026-04-08 11:36:05.094 | INFO     | __main__:scan_all_opportunities:111 - 📊 Test opportunity: 1.21%
2026-04-08 11:36:05.095 | SUCCESS  | __main__:run:181 - 🎯 Found 1 opportunities!
2026-04-08 11:36:05.096 | WARNING  | __main__:safety_check:119 - 🔒 TEST MODE ENABLED - No real trades will execute
2026-04-08 11:36:15.116 | INFO     | __main__:scan_all_opportunities:97 - 🔍 Scanning for opportunities...
2026-04-08 11:36:15.118 | INFO     | __main__:scan_all_opportunities:111 - 📊 Test opportunity: 1.15%
2026-04-08 11:36:15.121 | SUCCESS  | __main__:run:181 - 🎯 Found 1 opportunities!
2026-04-08 11:36:15.123 | WARNING  | __main__:safety_check:119 - 🔒 TEST MODE ENABLED - No real trades will execute
2026-04-08 11:36:25.135 | INFO     | __main__:scan_all_opportunities:97 - 🔍 Scanning for opportunities...
2026-04-08 11:36:25.137 | INFO     | __main__:scan_all_opportunities:111 - 📊 Test opportunity: 1.20%
2026-04-08 11:36:25.138 | SUCCESS  | __main__:run:181 - 🎯 Found 1 opportunities!
2026-04-08 11:36:25.139 | WARNING  | __main__:safety_check:119 - 🔒 TEST MODE ENABLED - No real trades will execute
2026-04-08 11:36:35.140 | INFO     | __main__:scan_all_opportunities:97 - 🔍 Scanning for opportunities...
2026-04-08 11:36:35.141 | INFO     | __main__:scan_all_opportunities:111 - 📊 Test opportunity: 1.37%
2026-04-08 11:36:35.142 | SUCCESS  | __main__:run:181 - 🎯 Found 1 opportunities!
2026-04-08 11:36:35.143 | WARNING  | __main__:safety_check:119 - 🔒 TEST MODE ENABLED - No real trades will execute
2026-04-08 11:36:45.145 | INFO     | __main__:scan_all_opportunities:97 - 🔍 Scanning for opportunities...
2026-04-08 11:36:45.146 | INFO     | __main__:scan_all_opportunities:111 - 📊 Test opportunity: 1.10%
2026-04-08 11:36:45.147 | SUCCESS  | __main__:run:181 - 🎯 Found 1 opportunities!
2026-04-08 11:36:45.147 | WARNING  | __main__:safety_check:119 - 🔒 TEST MODE ENABLED - No real trades will execute
2026-04-08 11:36:55.159 | INFO     | __main__:scan_all_opportunities:97 - 🔍 Scanning for opportunities...
2026-04-08 11:36:55.164 | INFO     | __main__:scan_all_opportunities:111 - 📊 Test opportunity: 0.60%
2026-04-08 11:36:55.165 | SUCCESS  | __main__:run:181 - 🎯 Found 1 opportunities!
2026-04-08 11:36:55.167 | WARNING  | __main__:safety_check:119 - 🔒 TEST MODE ENABLED - No real trades will execute
2026-04-08 11:37:05.170 | INFO     | __main__:scan_all_opportunities:97 - 🔍 Scanning for opportunities...
2026-04-08 11:37:05.171 | INFO     | __main__:scan_all_opportunities:111 - 📊 Test opportunity: 0.55%
2026-04-08 11:37:05.172 | SUCCESS  | __main__:run:181 - 🎯 Found 1 opportunities!
2026-04-08 11:37:05.172 | WARNING  | __main__:safety_check:119 - 🔒 TEST MODE ENABLED - No real trades will execute
2026-04-08 11:37:15.180 | INFO     | __main__:scan_all_opportunities:97 - 🔍 Scanning for opportunities...
2026-04-08 11:37:25.195 | INFO     | __main__:scan_all_opportunities:97 - 🔍 Scanning for opportunities...
2026-04-08 11:37:25.197 | INFO     | __main__:scan_all_opportunities:111 - 📊 Test opportunity: 0.96%
2026-04-08 11:37:25.199 | SUCCESS  | __main__:run:181 - 🎯 Found 1 opportunities!
2026-04-08 11:37:25.199 | WARNING  | __main__:safety_check:119 - 🔒 TEST MODE ENABLED - No real trades will execute
2026-04-08 11:37:35.209 | INFO     | __main__:scan_all_opportunities:97 - 🔍 Scanning for opportunities...
2026-04-08 11:37:35.210 | INFO     | __main__:scan_all_opportunities:111 - 📊 Test opportunity: 0.99%
2026-04-08 11:37:35.211 | SUCCESS  | __main__:run:181 - 🎯 Found 1 opportunities!
2026-04-08 11:37:35.212 | WARNING  | __main__:safety_check:119 - 🔒 TEST MODE ENABLED - No real trades will execute
2026-04-08 11:37:45.217 | INFO     | __main__:scan_all_opportunities:97 - 🔍 Scanning for opportunities...
2026-04-08 11:37:45.219 | INFO     | __main__:scan_all_opportunities:111 - 📊 Test opportunity: 0.92%
2026-04-08 11:37:45.220 | SUCCESS  | __main__:run:181 - 🎯 Found 1 opportunities!
2026-04-08 11:37:45.220 | WARNING  | __main__:safety_check:119 - 🔒 TEST MODE ENABLED - No real trades will execute
2026-04-08 11:37:55.233 | INFO     | __main__:scan_all_opportunities:97 - 🔍 Scanning for opportunities...
2026-04-08 11:37:55.234 | INFO     | __main__:scan_all_opportunities:111 - 📊 Test opportunity: 1.09%
2026-04-08 11:37:55.235 | SUCCESS  | __main__:run:181 - 🎯 Found 1 opportunities!
2026-04-08 11:37:55.236 | WARNING  | __main__:safety_check:119 - 🔒 TEST MODE ENABLED - No real trades will execute
2026-04-08 11:38:05.241 | INFO     | __main__:scan_all_opportunities:97 - 🔍 Scanning for opportunities...
2026-04-08 11:38:05.245 | INFO     | __main__:scan_all_opportunities:111 - 📊 Test opportunity: 1.39%
2026-04-08 11:38:05.246 | SUCCESS  | __main__:run:181 - 🎯 Found 1 opportunities!
2026-04-08 11:38:05.247 | WARNING  | __main__:safety_check:119 - 🔒 TEST MODE ENABLED - No real trades will execute
2026-04-08 11:38:15.249 | INFO     | __main__:scan_all_opportunities:97 - 🔍 Scanning for opportunities...
2026-04-08 11:38:15.250 | INFO     | __main__:scan_all_opportunities:111 - 📊 Test opportunity: 0.78%
2026-04-08 11:38:15.251 | SUCCESS  | __main__:run:181 - 🎯 Found 1 opportunities!
2026-04-08 11:38:15.253 | WARNING  | __main__:safety_check:119 - 🔒 TEST MODE ENABLED - No real trades will execute
2026-04-08 11:38:25.257 | INFO     | __main__:scan_all_opportunities:97 - 🔍 Scanning for opportunities...
2026-04-08 11:38:25.259 | INFO     | __main__:scan_all_opportunities:111 - 📊 Test opportunity: 1.36%
2026-04-08 11:38:25.262 | SUCCESS  | __main__:run:181 - 🎯 Found 1 opportunities!
2026-04-08 11:38:25.263 | WARNING  | __main__:safety_check:119 - 🔒 TEST MODE ENABLED - No real trades will execute
2026-04-08 11:38:35.276 | INFO     | __main__:scan_all_opportunities:97 - 🔍 Scanning for opportunities...
2026-04-08 11:38:45.283 | INFO     | __main__:scan_all_opportunities:97 - 🔍 Scanning for opportunities...
2026-04-08 11:38:45.285 | INFO     | __main__:scan_all_opportunities:111 - 📊 Test opportunity: 0.59%
2026-04-08 11:38:45.286 | SUCCESS  | __main__:run:181 - 🎯 Found 1 opportunities!
2026-04-08 11:38:45.287 | WARNING  | __main__:safety_check:119 - 🔒 TEST MODE ENABLED - No real trades will execute
2026-04-08 11:38:55.290 | INFO     | __main__:scan_all_opportunities:97 - 🔍 Scanning for opportunities...
2026-04-08 11:38:55.291 | INFO     | __main__:scan_all_opportunities:111 - 📊 Test opportunity: 1.15%
2026-04-08 11:38:55.293 | SUCCESS  | __main__:run:181 - 🎯 Found 1 opportunities!
2026-04-08 11:38:55.294 | WARNING  | __main__:safety_check:119 - 🔒 TEST MODE ENABLED - No real trades will execute
2026-04-08 11:39:05.304 | INFO     | __main__:scan_all_opportunities:97 - 🔍 Scanning for opportunities...
2026-04-08 11:39:05.306 | INFO     | __main__:scan_all_opportunities:111 - 📊 Test opportunity: 0.92%
2026-04-08 11:39:05.306 | SUCCESS  | __main__:run:181 - 🎯 Found 1 opportunities!
2026-04-08 11:39:05.307 | WARNING  | __main__:safety_check:119 - 🔒 TEST MODE ENABLED - No real trades will execute
2026-04-08 11:39:15.320 | INFO     | __main__:scan_all_opportunities:97 - 🔍 Scanning for opportunities...
2026-04-08 11:39:15.321 | INFO     | __main__:scan_all_opportunities:111 - 📊 Test opportunity: 1.04%
2026-04-08 11:39:15.322 | SUCCESS  | __main__:run:181 - 🎯 Found 1 opportunities!
2026-04-08 11:39:15.324 | WARNING  | __main__:safety_check:119 - 🔒 TEST MODE ENABLED - No real trades will execute
2026-04-08 11:39:25.340 | INFO     | __main__:scan_all_opportunities:97 - 🔍 Scanning for opportunities...
2026-04-08 11:39:25.341 | INFO     | __main__:scan_all_opportunities:111 - 📊 Test opportunity: 0.55%
2026-04-08 11:39:25.342 | SUCCESS  | __main__:run:181 - 🎯 Found 1 opportunities!
2026-04-08 11:39:25.343 | WARNING  | __main__:safety_check:119 - 🔒 TEST MODE ENABLED - No real trades will execute
2026-04-08 11:39:35.347 | INFO     | __main__:scan_all_opportunities:97 - 🔍 Scanning for opportunities...
2026-04-08 11:39:35.348 | INFO     | __main__:scan_all_opportunities:111 - 📊 Test opportunity: 0.65%
2026-04-08 11:39:35.349 | SUCCESS  | __main__:run:181 - 🎯 Found 1 opportunities!
2026-04-08 11:39:35.350 | WARNING  | __main__:safety_check:119 - 🔒 TEST MODE ENABLED - No real trades will execute
2026-04-08 11:39:45.354 | INFO     | __main__:scan_all_opportunities:97 - 🔍 Scanning for opportunities...
2026-04-08 11:39:45.355 | INFO     | __main__:scan_all_opportunities:111 - 📊 Test opportunity: 0.86%
2026-04-08 11:39:45.356 | SUCCESS  | __main__:run:181 - 🎯 Found 1 opportunities!
2026-04-08 11:39:45.357 | WARNING  | __main__:safety_check:119 - 🔒 TEST MODE ENABLED - No real trades will execute
2026-04-08 11:39:55.365 | INFO     | __main__:scan_all_opportunities:97 - 🔍 Scanning for opportunities...
2026-04-08 11:39:55.366 | INFO     | __main__:scan_all_opportunities:111 - 📊 Test opportunity: 0.96%
2026-04-08 11:39:55.367 | SUCCESS  | __main__:run:181 - 🎯 Found 1 opportunities!
2026-04-08 11:39:55.368 | WARNING  | __main__:safety_check:119 - 🔒 TEST MODE ENABLED - No real trades will execute
2026-04-08 11:40:05.370 | INFO     | __main__:scan_all_opportunities:97 - 🔍 Scanning for opportunities...
2026-04-08 11:40:05.372 | INFO     | __main__:scan_all_opportunities:111 - 📊 Test opportunity: 0.87%
2026-04-08 11:40:05.374 | SUCCESS  | __main__:run:181 - 🎯 Found 1 opportunities!
2026-04-08 11:40:05.375 | WARNING  | __main__:safety_check:119 - 🔒 TEST MODE ENABLED - No real trades will execute
2026-04-08 11:40:15.378 | INFO     | __main__:scan_all_opportunities:97 - 🔍 Scanning for opportunities...
2026-04-08 11:40:15.379 | INFO     | __main__:scan_all_opportunities:111 - 📊 Test opportunity: 0.97%
2026-04-08 11:40:15.380 | SUCCESS  | __main__:run:181 - 🎯 Found 1 opportunities!
2026-04-08 11:40:15.381 | WARNING  | __main__:safety_check:119 - 🔒 TEST MODE ENABLED - No real trades will execute
2026-04-08 11:40:25.388 | INFO     | __main__:scan_all_opportunities:97 - 🔍 Scanning for opportunities...
2026-04-08 11:40:25.389 | INFO     | __main__:scan_all_opportunities:111 - 📊 Test opportunity: 1.09%
2026-04-08 11:40:25.390 | SUCCESS  | __main__:run:181 - 🎯 Found 1 opportunities!
2026-04-08 11:40:25.391 | WARNING  | __main__:safety_check:119 - 🔒 TEST MODE ENABLED - No real trades will execute
2026-04-08 11:40:35.394 | INFO     | __main__:scan_all_opportunities:97 - 🔍 Scanning for opportunities...
2026-04-08 11:40:35.395 | INFO     | __main__:scan_all_opportunities:111 - 📊 Test opportunity: 0.73%
2026-04-08 11:40:35.396 | SUCCESS  | __main__:run:181 - 🎯 Found 1 opportunities!
2026-04-08 11:40:35.397 | WARNING  | __main__:safety_check:119 - 🔒 TEST MODE ENABLED - No real trades will execute
2026-04-08 11:40:45.403 | INFO     | __main__:scan_all_opportunities:97 - 🔍 Scanning for opportunities...
2026-04-08 11:40:45.404 | INFO     | __main__:scan_all_opportunities:111 - 📊 Test opportunity: 0.87%
2026-04-08 11:40:45.405 | SUCCESS  | __main__:run:181 - 🎯 Found 1 opportunities!
2026-04-08 11:40:45.406 | WARNING  | __main__:safety_check:119 - 🔒 TEST MODE ENABLED - No real trades will execute
2026-04-08 11:40:55.421 | INFO     | __main__:scan_all_opportunities:97 - 🔍 Scanning for opportunities...
2026-04-08 11:40:55.422 | INFO     | __main__:scan_all_opportunities:111 - 📊 Test opportunity: 0.96%
2026-04-08 11:40:55.423 | SUCCESS  | __main__:run:181 - 🎯 Found 1 opportunities!
2026-04-08 11:40:55.424 | WARNING  | __main__:safety_check:119 - 🔒 TEST MODE ENABLED - No real trades will execute
2026-04-08 11:41:05.436 | INFO     | __main__:scan_all_opportunities:97 - 🔍 Scanning for opportunities...
2026-04-08 11:41:05.437 | INFO     | __main__:scan_all_opportunities:111 - 📊 Test opportunity: 0.79%
2026-04-08 11:41:05.438 | SUCCESS  | __main__:run:181 - 🎯 Found 1 opportunities!
2026-04-08 11:41:05.439 | WARNING  | __main__:safety_check:119 - 🔒 TEST MODE ENABLED - No real trades will execute
2026-04-08 11:41:15.441 | INFO     | __main__:scan_all_opportunities:97 - 🔍 Scanning for opportunities...
2026-04-08 11:41:15.442 | INFO     | __main__:scan_all_opportunities:111 - 📊 Test opportunity: 0.64%
2026-04-08 11:41:15.443 | SUCCESS  | __main__:run:181 - 🎯 Found 1 opportunities!
2026-04-08 11:41:15.444 | WARNING  | __main__:safety_check:119 - 🔒 TEST MODE ENABLED - No real trades will execute
2026-04-08 11:41:25.447 | INFO     | __main__:scan_all_opportunities:97 - 🔍 Scanning for opportunities...
2026-04-08 11:41:25.452 | INFO     | __main__:scan_all_opportunities:111 - 📊 Test opportunity: 0.96%
2026-04-08 11:41:25.454 | SUCCESS  | __main__:run:181 - 🎯 Found 1 opportunities!
2026-04-08 11:41:25.456 | WARNING  | __main__:safety_check:119 - 🔒 TEST MODE ENABLED - No real trades will execute
2026-04-08 11:41:35.467 | INFO     | __main__:scan_all_opportunities:97 - 🔍 Scanning for opportunities...
2026-04-08 11:41:35.470 | INFO     | __main__:scan_all_opportunities:111 - 📊 Test opportunity: 1.15%
2026-04-08 11:41:35.471 | SUCCESS  | __main__:run:181 - 🎯 Found 1 opportunities!
2026-04-08 11:41:35.472 | WARNING  | __main__:safety_check:119 - 🔒 TEST MODE ENABLED - No real trades will execute
2026-04-08 11:41:45.483 | INFO     | __main__:scan_all_opportunities:97 - 🔍 Scanning for opportunities...
2026-04-08 11:41:55.494 | INFO     | __main__:scan_all_opportunities:97 - 🔍 Scanning for opportunities...
2026-04-08 11:42:05.506 | INFO     | __main__:scan_all_opportunities:97 - 🔍 Scanning for opportunities...
2026-04-08 11:42:05.507 | INFO     | __main__:scan_all_opportunities:111 - 📊 Test opportunity: 1.24%
2026-04-08 11:42:05.508 | SUCCESS  | __main__:run:181 - 🎯 Found 1 opportunities!
2026-04-08 11:42:05.508 | WARNING  | __main__:safety_check:119 - 🔒 TEST MODE ENABLED - No real trades will execute
2026-04-08 11:42:15.518 | INFO     | __main__:scan_all_opportunities:97 - 🔍 Scanning for opportunities...
2026-04-08 11:42:15.520 | INFO     | __main__:scan_all_opportunities:111 - 📊 Test opportunity: 1.04%
2026-04-08 11:42:15.520 | SUCCESS  | __main__:run:181 - 🎯 Found 1 opportunities!
2026-04-08 11:42:15.521 | WARNING  | __main__:safety_check:119 - 🔒 TEST MODE ENABLED - No real trades will execute
2026-04-08 11:42:25.528 | INFO     | __main__:scan_all_opportunities:97 - 🔍 Scanning for opportunities...
2026-04-08 11:42:25.529 | INFO     | __main__:scan_all_opportunities:111 - 📊 Test opportunity: 0.84%
2026-04-08 11:42:25.530 | SUCCESS  | __main__:run:181 - 🎯 Found 1 opportunities!
2026-04-08 11:42:25.531 | WARNING  | __main__:safety_check:119 - 🔒 TEST MODE ENABLED - No real trades will execute
2026-04-08 11:42:35.542 | INFO     | __main__:scan_all_opportunities:97 - 🔍 Scanning for opportunities...
2026-04-08 11:42:35.543 | INFO     | __main__:scan_all_opportunities:111 - 📊 Test opportunity: 0.91%
2026-04-08 11:42:35.544 | SUCCESS  | __main__:run:181 - 🎯 Found 1 opportunities!
2026-04-08 11:42:35.545 | WARNING  | __main__:safety_check:119 - 🔒 TEST MODE ENABLED - No real trades will execute
2026-04-08 11:42:45.547 | INFO     | __main__:scan_all_opportunities:97 - 🔍 Scanning for opportunities...
2026-04-08 11:42:55.559 | INFO     | __main__:scan_all_opportunities:97 - 🔍 Scanning for opportunities...
2026-04-08 11:42:55.561 | INFO     | __main__:scan_all_opportunities:111 - 📊 Test opportunity: 1.21%
2026-04-08 11:42:55.562 | SUCCESS  | __main__:run:181 - 🎯 Found 1 opportunities!
2026-04-08 11:42:55.563 | WARNING  | __main__:safety_check:119 - 🔒 TEST MODE ENABLED - No real trades will execute
2026-04-08 11:43:05.573 | INFO     | __main__:scan_all_opportunities:97 - 🔍 Scanning for opportunities...
2026-04-08 11:43:05.574 | INFO     | __main__:scan_all_opportunities:111 - 📊 Test opportunity: 0.69%
2026-04-08 11:43:05.575 | SUCCESS  | __main__:run:181 - 🎯 Found 1 opportunities!
2026-04-08 11:43:05.576 | WARNING  | __main__:safety_check:119 - 🔒 TEST MODE ENABLED - No real trades will execute
2026-04-08 11:43:15.605 | INFO     | __main__:scan_all_opportunities:97 - 🔍 Scanning for opportunities...
2026-04-08 11:43:15.658 | INFO     | __main__:scan_all_opportunities:111 - 📊 Test opportunity: 1.44%
2026-04-08 11:43:15.695 | SUCCESS  | __main__:run:181 - 🎯 Found 1 opportunities!
2026-04-08 11:43:15.743 | WARNING  | __main__:safety_check:119 - 🔒 TEST MODE ENABLED - No real trades will execute
2026-04-08 11:43:25.762 | INFO     | __main__:scan_all_opportunities:97 - 🔍 Scanning for opportunities...
2026-04-08 11:43:25.763 | INFO     | __main__:scan_all_opportunities:111 - 📊 Test opportunity: 1.47%
2026-04-08 11:43:25.764 | SUCCESS  | __main__:run:181 - 🎯 Found 1 opportunities!
2026-04-08 11:43:25.765 | WARNING  | __main__:safety_check:119 - 🔒 TEST MODE ENABLED - No real trades will execute
2026-04-08 11:43:35.778 | INFO     | __main__:scan_all_opportunities:97 - 🔍 Scanning for opportunities...
2026-04-08 11:43:35.779 | INFO     | __main__:scan_all_opportunities:111 - 📊 Test opportunity: 0.67%
2026-04-08 11:43:35.780 | SUCCESS  | __main__:run:181 - 🎯 Found 1 opportunities!
2026-04-08 11:43:35.782 | WARNING  | __main__:safety_check:119 - 🔒 TEST MODE ENABLED - No real trades will execute
2026-04-08 11:43:45.797 | INFO     | __main__:scan_all_opportunities:97 - 🔍 Scanning for opportunities...
2026-04-08 11:43:45.798 | INFO     | __main__:scan_all_opportunities:111 - 📊 Test opportunity: 1.45%
2026-04-08 11:43:45.799 | SUCCESS  | __main__:run:181 - 🎯 Found 1 opportunities!
2026-04-08 11:43:45.800 | WARNING  | __main__:safety_check:119 - 🔒 TEST MODE ENABLED - No real trades will execute
2026-04-08 11:43:55.807 | INFO     | __main__:scan_all_opportunities:97 - 🔍 Scanning for opportunities...
2026-04-08 11:43:55.809 | INFO     | __main__:scan_all_opportunities:111 - 📊 Test opportunity: 0.73%
2026-04-08 11:43:55.810 | SUCCESS  | __main__:run:181 - 🎯 Found 1 opportunities!
2026-04-08 11:43:55.811 | WARNING  | __main__:safety_check:119 - 🔒 TEST MODE ENABLED - No real trades will execute
2026-04-08 11:44:05.823 | INFO     | __main__:scan_all_opportunities:97 - 🔍 Scanning for opportunities...
2026-04-08 11:44:05.825 | INFO     | __main__:scan_all_opportunities:111 - 📊 Test opportunity: 0.69%
2026-04-08 11:44:05.826 | SUCCESS  | __main__:run:181 - 🎯 Found 1 opportunities!
2026-04-08 11:44:05.827 | WARNING  | __main__:safety_check:119 - 🔒 TEST MODE ENABLED - No real trades will execute
2026-04-08 11:44:15.838 | INFO     | __main__:scan_all_opportunities:97 - 🔍 Scanning for opportunities...
2026-04-08 11:44:25.849 | INFO     | __main__:scan_all_opportunities:97 - 🔍 Scanning for opportunities...
2026-04-08 11:44:25.850 | INFO     | __main__:scan_all_opportunities:111 - 📊 Test opportunity: 0.82%
2026-04-08 11:44:25.851 | SUCCESS  | __main__:run:181 - 🎯 Found 1 opportunities!
2026-04-08 11:44:25.852 | WARNING  | __main__:safety_check:119 - 🔒 TEST MODE ENABLED - No real trades will execute
2026-04-08 11:44:35.866 | INFO     | __main__:scan_all_opportunities:97 - 🔍 Scanning for opportunities...
2026-04-08 11:44:35.868 | INFO     | __main__:scan_all_opportunities:111 - 📊 Test opportunity: 1.25%
2026-04-08 11:44:35.871 | SUCCESS  | __main__:run:181 - 🎯 Found 1 opportunities!
2026-04-08 11:44:35.873 | WARNING  | __main__:safety_check:119 - 🔒 TEST MODE ENABLED - No real trades will execute
2026-04-08 11:44:45.885 | INFO     | __main__:scan_all_opportunities:97 - 🔍 Scanning for opportunities...
2026-04-08 11:44:45.886 | INFO     | __main__:scan_all_opportunities:111 - 📊 Test opportunity: 0.57%
2026-04-08 11:44:45.887 | SUCCESS  | __main__:run:181 - 🎯 Found 1 opportunities!
2026-04-08 11:44:45.887 | WARNING  | __main__:safety_check:119 - 🔒 TEST MODE ENABLED - No real trades will execute
2026-04-08 11:44:55.897 | INFO     | __main__:scan_all_opportunities:97 - 🔍 Scanning for opportunities...
2026-04-08 11:44:55.899 | INFO     | __main__:scan_all_opportunities:111 - 📊 Test opportunity: 0.59%
2026-04-08 11:44:55.900 | SUCCESS  | __main__:run:181 - 🎯 Found 1 opportunities!
2026-04-08 11:44:55.902 | WARNING  | __main__:safety_check:119 - 🔒 TEST MODE ENABLED - No real trades will execute
2026-04-08 11:45:05.908 | INFO     | __main__:scan_all_opportunities:97 - 🔍 Scanning for opportunities...
2026-04-08 11:45:05.909 | INFO     | __main__:scan_all_opportunities:111 - 📊 Test opportunity: 0.68%
2026-04-08 11:45:05.910 | SUCCESS  | __main__:run:181 - 🎯 Found 1 opportunities!
2026-04-08 11:45:05.911 | WARNING  | __main__:safety_check:119 - 🔒 TEST MODE ENABLED - No real trades will execute
2026-04-08 11:45:15.920 | INFO     | __main__:scan_all_opportunities:97 - 🔍 Scanning for opportunities...
2026-04-08 11:45:25.935 | INFO     | __main__:scan_all_opportunities:97 - 🔍 Scanning for opportunities...
2026-04-08 11:45:25.936 | INFO     | __main__:scan_all_opportunities:111 - 📊 Test opportunity: 1.36%
2026-04-08 11:45:25.937 | SUCCESS  | __main__:run:181 - 🎯 Found 1 opportunities!
2026-04-08 11:45:25.938 | WARNING  | __main__:safety_check:119 - 🔒 TEST MODE ENABLED - No real trades will execute
2026-04-08 11:45:35.947 | INFO     | __main__:scan_all_opportunities:97 - 🔍 Scanning for opportunities...
2026-04-08 11:45:35.948 | INFO     | __main__:scan_all_opportunities:111 - 📊 Test opportunity: 0.79%
2026-04-08 11:45:35.949 | SUCCESS  | __main__:run:181 - 🎯 Found 1 opportunities!
2026-04-08 11:45:35.950 | WARNING  | __main__:safety_check:119 - 🔒 TEST MODE ENABLED - No real trades will execute
2026-04-08 11:45:45.956 | INFO     | __main__:scan_all_opportunities:97 - 🔍 Scanning for opportunities...
2026-04-08 11:45:55.969 | INFO     | __main__:scan_all_opportunities:97 - 🔍 Scanning for opportunities...
2026-04-08 11:45:55.970 | INFO     | __main__:scan_all_opportunities:111 - 📊 Test opportunity: 0.96%
2026-04-08 11:45:55.972 | SUCCESS  | __main__:run:181 - 🎯 Found 1 opportunities!
2026-04-08 11:45:55.973 | WARNING  | __main__:safety_check:119 - 🔒 TEST MODE ENABLED - No real trades will execute
2026-04-08 11:46:05.977 | INFO     | __main__:scan_all_opportunities:97 - 🔍 Scanning for opportunities...
2026-04-08 11:46:05.978 | INFO     | __main__:scan_all_opportunities:111 - 📊 Test opportunity: 1.06%
2026-04-08 11:46:05.980 | SUCCESS  | __main__:run:181 - 🎯 Found 1 opportunities!
2026-04-08 11:46:05.981 | WARNING  | __main__:safety_check:119 - 🔒 TEST MODE ENABLED - No real trades will execute
2026-04-08 11:46:15.997 | INFO     | __main__:scan_all_opportunities:97 - 🔍 Scanning for opportunities...
2026-04-08 11:46:26.007 | INFO     | __main__:scan_all_opportunities:97 - 🔍 Scanning for opportunities...
2026-04-08 11:46:26.009 | INFO     | __main__:scan_all_opportunities:111 - 📊 Test opportunity: 1.04%
2026-04-08 11:46:26.010 | SUCCESS  | __main__:run:181 - 🎯 Found 1 opportunities!
2026-04-08 11:46:26.011 | WARNING  | __main__:safety_check:119 - 🔒 TEST MODE ENABLED - No real trades will execute
2026-04-08 11:46:36.020 | INFO     | __main__:scan_all_opportunities:97 - 🔍 Scanning for opportunities...
2026-04-08 11:46:36.021 | INFO     | __main__:scan_all_opportunities:111 - 📊 Test opportunity: 0.68%
2026-04-08 11:46:36.022 | SUCCESS  | __main__:run:181 - 🎯 Found 1 opportunities!
2026-04-08 11:46:36.023 | WARNING  | __main__:safety_check:119 - 🔒 TEST MODE ENABLED - No real trades will execute
2026-04-08 11:46:46.025 | INFO     | __main__:scan_all_opportunities:97 - 🔍 Scanning for opportunities...
2026-04-08 11:46:46.026 | INFO     | __main__:scan_all_opportunities:111 - 📊 Test opportunity: 1.21%
2026-04-08 11:46:46.028 | SUCCESS  | __main__:run:181 - 🎯 Found 1 opportunities!
2026-04-08 11:46:46.028 | WARNING  | __main__:safety_check:119 - 🔒 TEST MODE ENABLED - No real trades will execute
2026-04-08 11:46:56.032 | INFO     | __main__:scan_all_opportunities:97 - 🔍 Scanning for opportunities...
2026-04-08 11:47:06.034 | INFO     | __main__:scan_all_opportunities:97 - 🔍 Scanning for opportunities...
2026-04-08 11:47:06.041 | INFO     | __main__:scan_all_opportunities:111 - 📊 Test opportunity: 1.03%
2026-04-08 11:47:06.042 | SUCCESS  | __main__:run:181 - 🎯 Found 1 opportunities!
2026-04-08 11:47:06.043 | WARNING  | __main__:safety_check:119 - 🔒 TEST MODE ENABLED - No real trades will execute
2026-04-08 11:47:16.058 | INFO     | __main__:scan_all_opportunities:97 - 🔍 Scanning for opportunities...
2026-04-08 11:47:16.059 | INFO     | __main__:scan_all_opportunities:111 - 📊 Test opportunity: 0.68%
2026-04-08 11:47:16.060 | SUCCESS  | __main__:run:181 - 🎯 Found 1 opportunities!
2026-04-08 11:47:16.062 | WARNING  | __main__:safety_check:119 - 🔒 TEST MODE ENABLED - No real trades will execute
2026-04-08 11:47:26.077 | INFO     | __main__:scan_all_opportunities:97 - 🔍 Scanning for opportunities...
2026-04-08 11:47:36.084 | INFO     | __main__:scan_all_opportunities:97 - 🔍 Scanning for opportunities...
2026-04-08 11:47:36.087 | INFO     | __main__:scan_all_opportunities:111 - 📊 Test opportunity: 1.02%
2026-04-08 11:47:36.093 | SUCCESS  | __main__:run:181 - 🎯 Found 1 opportunities!
2026-04-08 11:47:36.095 | WARNING  | __main__:safety_check:119 - 🔒 TEST MODE ENABLED - No real trades will execute
2026-04-08 11:47:46.103 | INFO     | __main__:scan_all_opportunities:97 - 🔍 Scanning for opportunities...
2026-04-08 11:47:56.112 | INFO     | __main__:scan_all_opportunities:97 - 🔍 Scanning for opportunities...
2026-04-08 11:47:56.114 | INFO     | __main__:scan_all_opportunities:111 - 📊 Test opportunity: 0.87%
2026-04-08 11:47:56.114 | SUCCESS  | __main__:run:181 - 🎯 Found 1 opportunities!
2026-04-08 11:47:56.115 | WARNING  | __main__:safety_check:119 - 🔒 TEST MODE ENABLED - No real trades will execute
2026-04-08 11:48:06.127 | INFO     | __main__:scan_all_opportunities:97 - 🔍 Scanning for opportunities...
2026-04-08 11:48:16.144 | INFO     | __main__:scan_all_opportunities:97 - 🔍 Scanning for opportunities...
2026-04-08 11:48:16.145 | INFO     | __main__:scan_all_opportunities:111 - 📊 Test opportunity: 0.63%
2026-04-08 11:48:16.146 | SUCCESS  | __main__:run:181 - 🎯 Found 1 opportunities!
2026-04-08 11:48:16.147 | WARNING  | __main__:safety_check:119 - 🔒 TEST MODE ENABLED - No real trades will execute
2026-04-08 11:48:26.152 | INFO     | __main__:scan_all_opportunities:97 - 🔍 Scanning for opportunities...
2026-04-08 11:48:26.153 | INFO     | __main__:scan_all_opportunities:111 - 📊 Test opportunity: 0.64%
2026-04-08 11:48:26.154 | SUCCESS  | __main__:run:181 - 🎯 Found 1 opportunities!
2026-04-08 11:48:26.155 | WARNING  | __main__:safety_check:119 - 🔒 TEST MODE ENABLED - No real trades will execute
2026-04-08 11:48:36.159 | INFO     | __main__:scan_all_opportunities:97 - 🔍 Scanning for opportunities...
2026-04-08 11:48:36.161 | INFO     | __main__:scan_all_opportunities:111 - 📊 Test opportunity: 1.14%
2026-04-08 11:48:36.162 | SUCCESS  | __main__:run:181 - 🎯 Found 1 opportunities!
2026-04-08 11:48:36.164 | WARNING  | __main__:safety_check:119 - 🔒 TEST MODE ENABLED - No real trades will execute
2026-04-08 11:48:46.168 | INFO     | __main__:scan_all_opportunities:97 - 🔍 Scanning for opportunities...
2026-04-08 11:48:46.171 | INFO     | __main__:scan_all_opportunities:111 - 📊 Test opportunity: 1.39%
2026-04-08 11:48:46.172 | SUCCESS  | __main__:run:181 - 🎯 Found 1 opportunities!
2026-04-08 11:48:46.173 | WARNING  | __main__:safety_check:119 - 🔒 TEST MODE ENABLED - No real trades will execute
2026-04-08 11:48:56.176 | INFO     | __main__:scan_all_opportunities:97 - 🔍 Scanning for opportunities...
2026-04-08 11:48:56.177 | INFO     | __main__:scan_all_opportunities:111 - 📊 Test opportunity: 1.05%
2026-04-08 11:48:56.178 | SUCCESS  | __main__:run:181 - 🎯 Found 1 opportunities!
2026-04-08 11:48:56.179 | WARNING  | __main__:safety_check:119 - 🔒 TEST MODE ENABLED - No real trades will execute
2026-04-08 11:49:06.181 | INFO     | __main__:scan_all_opportunities:97 - 🔍 Scanning for opportunities...
2026-04-08 11:49:06.182 | INFO     | __main__:scan_all_opportunities:111 - 📊 Test opportunity: 0.83%
2026-04-08 11:49:06.183 | SUCCESS  | __main__:run:181 - 🎯 Found 1 opportunities!
2026-04-08 11:49:06.184 | WARNING  | __main__:safety_check:119 - 🔒 TEST MODE ENABLED - No real trades will execute
2026-04-08 11:49:16.204 | INFO     | __main__:scan_all_opportunities:97 - 🔍 Scanning for opportunities...
2026-04-08 11:49:16.206 | INFO     | __main__:scan_all_opportunities:111 - 📊 Test opportunity: 1.42%
2026-04-08 11:49:16.207 | SUCCESS  | __main__:run:181 - 🎯 Found 1 opportunities!
2026-04-08 11:49:16.208 | WARNING  | __main__:safety_check:119 - 🔒 TEST MODE ENABLED - No real trades will execute
2026-04-08 11:49:26.220 | INFO     | __main__:scan_all_opportunities:97 - 🔍 Scanning for opportunities...
2026-04-08 11:49:26.221 | INFO     | __main__:scan_all_opportunities:111 - 📊 Test opportunity: 1.45%
2026-04-08 11:49:26.222 | SUCCESS  | __main__:run:181 - 🎯 Found 1 opportunities!
2026-04-08 11:49:26.223 | WARNING  | __main__:safety_check:119 - 🔒 TEST MODE ENABLED - No real trades will execute
2026-04-08 11:49:36.235 | INFO     | __main__:scan_all_opportunities:97 - 🔍 Scanning for opportunities...
2026-04-08 11:49:46.251 | INFO     | __main__:scan_all_opportunities:97 - 🔍 Scanning for opportunities...
2026-04-08 11:49:46.252 | INFO     | __main__:scan_all_opportunities:111 - 📊 Test opportunity: 0.62%
2026-04-08 11:49:46.253 | SUCCESS  | __main__:run:181 - 🎯 Found 1 opportunities!
2026-04-08 11:49:46.254 | WARNING  | __main__:safety_check:119 - 🔒 TEST MODE ENABLED - No real trades will execute
2026-04-08 11:49:56.259 | INFO     | __main__:scan_all_opportunities:97 - 🔍 Scanning for opportunities...
2026-04-08 11:49:56.260 | INFO     | __main__:scan_all_opportunities:111 - 📊 Test opportunity: 0.58%
2026-04-08 11:49:56.260 | SUCCESS  | __main__:run:181 - 🎯 Found 1 opportunities!
2026-04-08 11:49:56.261 | WARNING  | __main__:safety_check:119 - 🔒 TEST MODE ENABLED - No real trades will execute
2026-04-08 11:50:06.268 | INFO     | __main__:scan_all_opportunities:97 - 🔍 Scanning for opportunities...
2026-04-08 11:50:06.270 | INFO     | __main__:scan_all_opportunities:111 - 📊 Test opportunity: 0.94%
2026-04-08 11:50:06.271 | SUCCESS  | __main__:run:181 - 🎯 Found 1 opportunities!
2026-04-08 11:50:06.273 | WARNING  | __main__:safety_check:119 - 🔒 TEST MODE ENABLED - No real trades will execute
2026-04-08 11:50:16.282 | INFO     | __main__:scan_all_opportunities:97 - 🔍 Scanning for opportunities...
2026-04-08 11:50:16.283 | INFO     | __main__:scan_all_opportunities:111 - 📊 Test opportunity: 0.59%
2026-04-08 11:50:16.284 | SUCCESS  | __main__:run:181 - 🎯 Found 1 opportunities!
2026-04-08 11:50:16.285 | WARNING  | __main__:safety_check:119 - 🔒 TEST MODE ENABLED - No real trades will execute
2026-04-08 11:50:26.288 | INFO     | __main__:scan_all_opportunities:97 - 🔍 Scanning for opportunities...
2026-04-08 11:50:36.289 | INFO     | __main__:scan_all_opportunities:97 - 🔍 Scanning for opportunities...
2026-04-08 11:50:36.290 | INFO     | __main__:scan_all_opportunities:111 - 📊 Test opportunity: 0.60%
2026-04-08 11:50:36.291 | SUCCESS  | __main__:run:181 - 🎯 Found 1 opportunities!
2026-04-08 11:50:36.292 | WARNING  | __main__:safety_check:119 - 🔒 TEST MODE ENABLED - No real trades will execute
2026-04-08 11:50:46.297 | INFO     | __main__:scan_all_opportunities:97 - 🔍 Scanning for opportunities...
2026-04-08 11:50:56.304 | INFO     | __main__:scan_all_opportunities:97 - 🔍 Scanning for opportunities...
2026-04-08 11:50:56.305 | INFO     | __main__:scan_all_opportunities:111 - 📊 Test opportunity: 0.99%
2026-04-08 11:50:56.307 | SUCCESS  | __main__:run:181 - 🎯 Found 1 opportunities!
2026-04-08 11:50:56.308 | WARNING  | __main__:safety_check:119 - 🔒 TEST MODE ENABLED - No real trades will execute
2026-04-08 11:51:06.314 | INFO     | __main__:scan_all_opportunities:97 - 🔍 Scanning for opportunities...
2026-04-08 11:51:16.320 | INFO     | __main__:scan_all_opportunities:97 - 🔍 Scanning for opportunities...
2026-04-08 11:51:26.334 | INFO     | __main__:scan_all_opportunities:97 - 🔍 Scanning for opportunities...
2026-04-08 11:51:26.336 | INFO     | __main__:scan_all_opportunities:111 - 📊 Test opportunity: 1.41%
2026-04-08 11:51:26.337 | SUCCESS  | __main__:run:181 - 🎯 Found 1 opportunities!
2026-04-08 11:51:26.338 | WARNING  | __main__:safety_check:119 - 🔒 TEST MODE ENABLED - No real trades will execute
2026-04-08 11:51:36.344 | INFO     | __main__:scan_all_opportunities:97 - 🔍 Scanning for opportunities...
2026-04-08 11:51:36.345 | INFO     | __main__:scan_all_opportunities:111 - 📊 Test opportunity: 1.31%
2026-04-08 11:51:36.346 | SUCCESS  | __main__:run:181 - 🎯 Found 1 opportunities!
2026-04-08 11:51:36.347 | WARNING  | __main__:safety_check:119 - 🔒 TEST MODE ENABLED - No real trades will execute
2026-04-08 11:51:46.355 | INFO     | __main__:scan_all_opportunities:97 - 🔍 Scanning for opportunities...
2026-04-08 11:51:46.356 | INFO     | __main__:scan_all_opportunities:111 - 📊 Test opportunity: 1.27%
2026-04-08 11:51:46.357 | SUCCESS  | __main__:run:181 - 🎯 Found 1 opportunities!
2026-04-08 11:51:46.358 | WARNING  | __main__:safety_check:119 - 🔒 TEST MODE ENABLED - No real trades will execute
2026-04-08 11:51:56.371 | INFO     | __main__:scan_all_opportunities:97 - 🔍 Scanning for opportunities...
2026-04-08 11:52:06.387 | INFO     | __main__:scan_all_opportunities:97 - 🔍 Scanning for opportunities...
2026-04-08 11:52:06.388 | INFO     | __main__:scan_all_opportunities:111 - 📊 Test opportunity: 1.40%
2026-04-08 11:52:06.389 | SUCCESS  | __main__:run:181 - 🎯 Found 1 opportunities!
2026-04-08 11:52:06.390 | WARNING  | __main__:safety_check:119 - 🔒 TEST MODE ENABLED - No real trades will execute
2026-04-08 11:52:16.391 | INFO     | __main__:scan_all_opportunities:97 - 🔍 Scanning for opportunities...
2026-04-08 11:52:16.392 | INFO     | __main__:scan_all_opportunities:111 - 📊 Test opportunity: 1.48%
2026-04-08 11:52:16.394 | SUCCESS  | __main__:run:181 - 🎯 Found 1 opportunities!
2026-04-08 11:52:16.395 | WARNING  | __main__:safety_check:119 - 🔒 TEST MODE ENABLED - No real trades will execute
2026-04-08 11:52:26.415 | INFO     | __main__:scan_all_opportunities:97 - 🔍 Scanning for opportunities...
2026-04-08 11:52:36.534 | INFO     | __main__:scan_all_opportunities:97 - 🔍 Scanning for opportunities...
2026-04-08 11:52:36.535 | INFO     | __main__:scan_all_opportunities:111 - 📊 Test opportunity: 0.55%
2026-04-08 11:52:36.536 | SUCCESS  | __main__:run:181 - 🎯 Found 1 opportunities!
2026-04-08 11:52:36.537 | WARNING  | __main__:safety_check:119 - 🔒 TEST MODE ENABLED - No real trades will execute
2026-04-08 11:52:46.577 | INFO     | __main__:scan_all_opportunities:97 - 🔍 Scanning for opportunities...
2026-04-08 11:52:46.592 | INFO     | __main__:scan_all_opportunities:111 - 📊 Test opportunity: 1.24%
2026-04-08 11:52:46.597 | SUCCESS  | __main__:run:181 - 🎯 Found 1 opportunities!
2026-04-08 11:52:46.618 | WARNING  | __main__:safety_check:119 - 🔒 TEST MODE ENABLED - No real trades will execute
2026-04-08 11:52:56.674 | INFO     | __main__:scan_all_opportunities:97 - 🔍 Scanning for opportunities...
2026-04-08 11:52:56.675 | INFO     | __main__:scan_all_opportunities:111 - 📊 Test opportunity: 0.96%
2026-04-08 11:52:56.676 | SUCCESS  | __main__:run:181 - 🎯 Found 1 opportunities!
2026-04-08 11:52:56.677 | WARNING  | __main__:safety_check:119 - 🔒 TEST MODE ENABLED - No real trades will execute
2026-04-08 11:53:06.681 | INFO     | __main__:scan_all_opportunities:97 - 🔍 Scanning for opportunities...
2026-04-08 11:53:06.682 | INFO     | __main__:scan_all_opportunities:111 - 📊 Test opportunity: 0.84%
2026-04-08 11:53:06.684 | SUCCESS  | __main__:run:181 - 🎯 Found 1 opportunities!
2026-04-08 11:53:06.685 | WARNING  | __main__:safety_check:119 - 🔒 TEST MODE ENABLED - No real trades will execute
2026-04-08 11:53:16.695 | INFO     | __main__:scan_all_opportunities:97 - 🔍 Scanning for opportunities...
2026-04-08 11:53:16.696 | INFO     | __main__:scan_all_opportunities:111 - 📊 Test opportunity: 0.77%
2026-04-08 11:53:16.697 | SUCCESS  | __main__:run:181 - 🎯 Found 1 opportunities!
2026-04-08 11:53:16.698 | WARNING  | __main__:safety_check:119 - 🔒 TEST MODE ENABLED - No real trades will execute
2026-04-08 11:53:26.702 | INFO     | __main__:scan_all_opportunities:97 - 🔍 Scanning for opportunities...
2026-04-08 11:53:26.703 | INFO     | __main__:scan_all_opportunities:111 - 📊 Test opportunity: 1.13%
2026-04-08 11:53:26.703 | SUCCESS  | __main__:run:181 - 🎯 Found 1 opportunities!
2026-04-08 11:53:26.704 | WARNING  | __main__:safety_check:119 - 🔒 TEST MODE ENABLED - No real trades will execute
2026-04-08 11:53:36.709 | INFO     | __main__:scan_all_opportunities:97 - 🔍 Scanning for opportunities...
2026-04-08 11:53:46.823 | INFO     | __main__:scan_all_opportunities:97 - 🔍 Scanning for opportunities...
2026-04-08 11:53:56.880 | INFO     | __main__:scan_all_opportunities:97 - 🔍 Scanning for opportunities...
2026-04-08 11:53:56.882 | INFO     | __main__:scan_all_opportunities:111 - 📊 Test opportunity: 0.52%
2026-04-08 11:53:56.883 | SUCCESS  | __main__:run:181 - 🎯 Found 1 opportunities!
2026-04-08 11:53:56.884 | WARNING  | __main__:safety_check:119 - 🔒 TEST MODE ENABLED - No real trades will execute
2026-04-08 11:54:06.897 | INFO     | __main__:scan_all_opportunities:97 - 🔍 Scanning for opportunities...
2026-04-08 11:54:16.917 | INFO     | __main__:scan_all_opportunities:97 - 🔍 Scanning for opportunities...
2026-04-08 11:54:16.918 | INFO     | __main__:scan_all_opportunities:111 - 📊 Test opportunity: 0.76%
2026-04-08 11:54:16.919 | SUCCESS  | __main__:run:181 - 🎯 Found 1 opportunities!
2026-04-08 11:54:16.920 | WARNING  | __main__:safety_check:119 - 🔒 TEST MODE ENABLED - No real trades will execute
2026-04-08 11:54:26.933 | INFO     | __main__:scan_all_opportunities:97 - 🔍 Scanning for opportunities...
2026-04-08 11:54:26.934 | INFO     | __main__:scan_all_opportunities:111 - 📊 Test opportunity: 0.94%
2026-04-08 11:54:26.935 | SUCCESS  | __main__:run:181 - 🎯 Found 1 opportunities!
2026-04-08 11:54:26.936 | WARNING  | __main__:safety_check:119 - 🔒 TEST MODE ENABLED - No real trades will execute
2026-04-08 11:54:36.952 | INFO     | __main__:scan_all_opportunities:97 - 🔍 Scanning for opportunities...
2026-04-08 11:54:46.958 | INFO     | __main__:scan_all_opportunities:97 - 🔍 Scanning for opportunities...
2026-04-08 11:54:46.959 | INFO     | __main__:scan_all_opportunities:111 - 📊 Test opportunity: 1.26%
2026-04-08 11:54:46.960 | SUCCESS  | __main__:run:181 - 🎯 Found 1 opportunities!
2026-04-08 11:54:46.961 | WARNING  | __main__:safety_check:119 - 🔒 TEST MODE ENABLED - No real trades will execute
2026-04-08 11:54:56.962 | INFO     | __main__:scan_all_opportunities:97 - 🔍 Scanning for opportunities...
2026-04-08 11:54:56.963 | INFO     | __main__:scan_all_opportunities:111 - 📊 Test opportunity: 0.54%
2026-04-08 11:54:56.964 | SUCCESS  | __main__:run:181 - 🎯 Found 1 opportunities!
2026-04-08 11:54:56.965 | WARNING  | __main__:safety_check:119 - 🔒 TEST MODE ENABLED - No real trades will execute
2026-04-08 11:55:06.972 | INFO     | __main__:scan_all_opportunities:97 - 🔍 Scanning for opportunities...
2026-04-08 11:55:06.973 | INFO     | __main__:scan_all_opportunities:111 - 📊 Test opportunity: 0.67%
2026-04-08 11:55:06.974 | SUCCESS  | __main__:run:181 - 🎯 Found 1 opportunities!
2026-04-08 11:55:06.975 | WARNING  | __main__:safety_check:119 - 🔒 TEST MODE ENABLED - No real trades will execute
2026-04-08 11:55:16.981 | INFO     | __main__:scan_all_opportunities:97 - 🔍 Scanning for opportunities...
2026-04-08 11:55:16.984 | INFO     | __main__:scan_all_opportunities:111 - 📊 Test opportunity: 1.24%
2026-04-08 11:55:16.985 | SUCCESS  | __main__:run:181 - 🎯 Found 1 opportunities!
2026-04-08 11:55:16.986 | WARNING  | __main__:safety_check:119 - 🔒 TEST MODE ENABLED - No real trades will execute
2026-04-08 11:55:26.993 | INFO     | __main__:scan_all_opportunities:97 - 🔍 Scanning for opportunities...
2026-04-08 11:55:26.994 | INFO     | __main__:scan_all_opportunities:111 - 📊 Test opportunity: 0.64%
2026-04-08 11:55:26.995 | SUCCESS  | __main__:run:181 - 🎯 Found 1 opportunities!
2026-04-08 11:55:26.996 | WARNING  | __main__:safety_check:119 - 🔒 TEST MODE ENABLED - No real trades will execute
2026-04-08 11:55:36.998 | INFO     | __main__:scan_all_opportunities:97 - 🔍 Scanning for opportunities...
2026-04-08 11:55:36.999 | INFO     | __main__:scan_all_opportunities:111 - 📊 Test opportunity: 0.71%
2026-04-08 11:55:37.000 | SUCCESS  | __main__:run:181 - 🎯 Found 1 opportunities!
2026-04-08 11:55:37.001 | WARNING  | __main__:safety_check:119 - 🔒 TEST MODE ENABLED - No real trades will execute
2026-04-08 11:55:47.013 | INFO     | __main__:scan_all_opportunities:97 - 🔍 Scanning for opportunities...
2026-04-08 11:55:47.014 | INFO     | __main__:scan_all_opportunities:111 - 📊 Test opportunity: 1.11%
2026-04-08 11:55:47.015 | SUCCESS  | __main__:run:181 - 🎯 Found 1 opportunities!
2026-04-08 11:55:47.016 | WARNING  | __main__:safety_check:119 - 🔒 TEST MODE ENABLED - No real trades will execute
2026-04-08 11:55:57.029 | INFO     | __main__:scan_all_opportunities:97 - 🔍 Scanning for opportunities...
2026-04-08 11:55:57.030 | INFO     | __main__:scan_all_opportunities:111 - 📊 Test opportunity: 0.87%
2026-04-08 11:55:57.031 | SUCCESS  | __main__:run:181 - 🎯 Found 1 opportunities!
2026-04-08 11:55:57.032 | WARNING  | __main__:safety_check:119 - 🔒 TEST MODE ENABLED - No real trades will execute
2026-04-08 11:56:07.039 | INFO     | __main__:scan_all_opportunities:97 - 🔍 Scanning for opportunities...
2026-04-08 11:56:07.040 | INFO     | __main__:scan_all_opportunities:111 - 📊 Test opportunity: 0.74%
2026-04-08 11:56:07.041 | SUCCESS  | __main__:run:181 - 🎯 Found 1 opportunities!
2026-04-08 11:56:07.042 | WARNING  | __main__:safety_check:119 - 🔒 TEST MODE ENABLED - No real trades will execute
2026-04-08 11:56:17.052 | INFO     | __main__:scan_all_opportunities:97 - 🔍 Scanning for opportunities...
2026-04-08 11:56:17.053 | INFO     | __main__:scan_all_opportunities:111 - 📊 Test opportunity: 0.69%
2026-04-08 11:56:17.054 | SUCCESS  | __main__:run:181 - 🎯 Found 1 opportunities!
2026-04-08 11:56:17.055 | WARNING  | __main__:safety_check:119 - 🔒 TEST MODE ENABLED - No real trades will execute
2026-04-08 11:56:27.062 | INFO     | __main__:scan_all_opportunities:97 - 🔍 Scanning for opportunities...
2026-04-08 11:56:27.063 | INFO     | __main__:scan_all_opportunities:111 - 📊 Test opportunity: 0.65%
2026-04-08 11:56:27.064 | SUCCESS  | __main__:run:181 - 🎯 Found 1 opportunities!
2026-04-08 11:56:27.065 | WARNING  | __main__:safety_check:119 - 🔒 TEST MODE ENABLED - No real trades will execute
2026-04-08 11:56:37.076 | INFO     | __main__:scan_all_opportunities:97 - 🔍 Scanning for opportunities...
2026-04-08 11:56:37.077 | INFO     | __main__:scan_all_opportunities:111 - 📊 Test opportunity: 0.68%
2026-04-08 11:56:37.078 | SUCCESS  | __main__:run:181 - 🎯 Found 1 opportunities!
2026-04-08 11:56:37.079 | WARNING  | __main__:safety_check:119 - 🔒 TEST MODE ENABLED - No real trades will execute
2026-04-08 11:56:47.093 | INFO     | __main__:scan_all_opportunities:97 - 🔍 Scanning for opportunities...
2026-04-08 11:56:47.096 | INFO     | __main__:scan_all_opportunities:111 - 📊 Test opportunity: 0.79%
2026-04-08 11:56:47.097 | SUCCESS  | __main__:run:181 - 🎯 Found 1 opportunities!
2026-04-08 11:56:47.098 | WARNING  | __main__:safety_check:119 - 🔒 TEST MODE ENABLED - No real trades will execute
2026-04-08 11:56:57.100 | INFO     | __main__:scan_all_opportunities:97 - 🔍 Scanning for opportunities...
2026-04-08 11:56:57.102 | INFO     | __main__:scan_all_opportunities:111 - 📊 Test opportunity: 0.91%
2026-04-08 11:56:57.103 | SUCCESS  | __main__:run:181 - 🎯 Found 1 opportunities!
2026-04-08 11:56:57.104 | WARNING  | __main__:safety_check:119 - 🔒 TEST MODE ENABLED - No real trades will execute
2026-04-08 11:57:07.115 | INFO     | __main__:scan_all_opportunities:97 - 🔍 Scanning for opportunities...
2026-04-08 11:57:07.116 | INFO     | __main__:scan_all_opportunities:111 - 📊 Test opportunity: 1.05%
2026-04-08 11:57:07.117 | SUCCESS  | __main__:run:181 - 🎯 Found 1 opportunities!
2026-04-08 11:57:07.118 | WARNING  | __main__:safety_check:119 - 🔒 TEST MODE ENABLED - No real trades will execute
2026-04-08 11:57:17.126 | INFO     | __main__:scan_all_opportunities:97 - 🔍 Scanning for opportunities...
2026-04-08 11:57:17.127 | INFO     | __main__:scan_all_opportunities:111 - 📊 Test opportunity: 1.37%
2026-04-08 11:57:17.128 | SUCCESS  | __main__:run:181 - 🎯 Found 1 opportunities!
2026-04-08 11:57:17.129 | WARNING  | __main__:safety_check:119 - 🔒 TEST MODE ENABLED - No real trades will execute
2026-04-08 11:57:27.135 | INFO     | __main__:scan_all_opportunities:97 - 🔍 Scanning for opportunities...
2026-04-08 11:57:27.136 | INFO     | __main__:scan_all_opportunities:111 - 📊 Test opportunity: 1.35%
2026-04-08 11:57:27.137 | SUCCESS  | __main__:run:181 - 🎯 Found 1 opportunities!
2026-04-08 11:57:27.138 | WARNING  | __main__:safety_check:119 - 🔒 TEST MODE ENABLED - No real trades will execute
2026-04-08 11:57:37.145 | INFO     | __main__:scan_all_opportunities:97 - 🔍 Scanning for opportunities...
2026-04-08 11:57:47.147 | INFO     | __main__:scan_all_opportunities:97 - 🔍 Scanning for opportunities...
2026-04-08 11:57:47.148 | INFO     | __main__:scan_all_opportunities:111 - 📊 Test opportunity: 0.66%
2026-04-08 11:57:47.150 | SUCCESS  | __main__:run:181 - 🎯 Found 1 opportunities!
2026-04-08 11:57:47.151 | WARNING  | __main__:safety_check:119 - 🔒 TEST MODE ENABLED - No real trades will execute
2026-04-08 11:57:57.153 | INFO     | __main__:scan_all_opportunities:97 - 🔍 Scanning for opportunities...
2026-04-08 11:57:57.155 | INFO     | __main__:scan_all_opportunities:111 - 📊 Test opportunity: 1.00%
2026-04-08 11:57:57.156 | SUCCESS  | __main__:run:181 - 🎯 Found 1 opportunities!
2026-04-08 11:57:57.157 | WARNING  | __main__:safety_check:119 - 🔒 TEST MODE ENABLED - No real trades will execute
2026-04-08 11:58:07.159 | INFO     | __main__:scan_all_opportunities:97 - 🔍 Scanning for opportunities...
2026-04-08 11:58:07.161 | INFO     | __main__:scan_all_opportunities:111 - 📊 Test opportunity: 0.65%
2026-04-08 11:58:07.162 | SUCCESS  | __main__:run:181 - 🎯 Found 1 opportunities!
2026-04-08 11:58:07.163 | WARNING  | __main__:safety_check:119 - 🔒 TEST MODE ENABLED - No real trades will execute
2026-04-08 11:58:17.166 | INFO     | __main__:scan_all_opportunities:97 - 🔍 Scanning for opportunities...
2026-04-08 11:58:17.167 | INFO     | __main__:scan_all_opportunities:111 - 📊 Test opportunity: 0.59%
2026-04-08 11:58:17.168 | SUCCESS  | __main__:run:181 - 🎯 Found 1 opportunities!
2026-04-08 11:58:17.169 | WARNING  | __main__:safety_check:119 - 🔒 TEST MODE ENABLED - No real trades will execute
2026-04-08 11:58:27.171 | INFO     | __main__:scan_all_opportunities:97 - 🔍 Scanning for opportunities...
2026-04-08 11:58:37.182 | INFO     | __main__:scan_all_opportunities:97 - 🔍 Scanning for opportunities...
2026-04-08 11:58:47.190 | INFO     | __main__:scan_all_opportunities:97 - 🔍 Scanning for opportunities...
2026-04-08 11:58:47.191 | INFO     | __main__:scan_all_opportunities:111 - 📊 Test opportunity: 0.95%
2026-04-08 11:58:47.192 | SUCCESS  | __main__:run:181 - 🎯 Found 1 opportunities!
2026-04-08 11:58:47.193 | WARNING  | __main__:safety_check:119 - 🔒 TEST MODE ENABLED - No real trades will execute
2026-04-08 11:58:57.195 | INFO     | __main__:scan_all_opportunities:97 - 🔍 Scanning for opportunities...
2026-04-08 11:58:57.196 | INFO     | __main__:scan_all_opportunities:111 - 📊 Test opportunity: 1.28%
2026-04-08 11:58:57.197 | SUCCESS  | __main__:run:181 - 🎯 Found 1 opportunities!
2026-04-08 11:58:57.198 | WARNING  | __main__:safety_check:119 - 🔒 TEST MODE ENABLED - No real trades will execute
2026-04-08 11:59:07.211 | INFO     | __main__:scan_all_opportunities:97 - 🔍 Scanning for opportunities...
2026-04-08 11:59:07.212 | INFO     | __main__:scan_all_opportunities:111 - 📊 Test opportunity: 0.50%
2026-04-08 11:59:07.213 | SUCCESS  | __main__:run:181 - 🎯 Found 1 opportunities!
2026-04-08 11:59:07.215 | WARNING  | __main__:safety_check:119 - 🔒 TEST MODE ENABLED - No real trades will execute
2026-04-08 11:59:17.237 | INFO     | __main__:scan_all_opportunities:97 - 🔍 Scanning for opportunities...
2026-04-08 11:59:17.239 | INFO     | __main__:scan_all_opportunities:111 - 📊 Test opportunity: 0.71%
2026-04-08 11:59:17.240 | SUCCESS  | __main__:run:181 - 🎯 Found 1 opportunities!
2026-04-08 11:59:17.244 | WARNING  | __main__:safety_check:119 - 🔒 TEST MODE ENABLED - No real trades will execute
2026-04-08 11:59:27.259 | INFO     | __main__:scan_all_opportunities:97 - 🔍 Scanning for opportunities...
2026-04-08 11:59:27.260 | INFO     | __main__:scan_all_opportunities:111 - 📊 Test opportunity: 0.90%
2026-04-08 11:59:27.261 | SUCCESS  | __main__:run:181 - 🎯 Found 1 opportunities!
2026-04-08 11:59:27.262 | WARNING  | __main__:safety_check:119 - 🔒 TEST MODE ENABLED - No real trades will execute
2026-04-08 11:59:37.267 | INFO     | __main__:scan_all_opportunities:97 - 🔍 Scanning for opportunities...
2026-04-08 11:59:37.268 | INFO     | __main__:scan_all_opportunities:111 - 📊 Test opportunity: 0.83%
2026-04-08 11:59:37.270 | SUCCESS  | __main__:run:181 - 🎯 Found 1 opportunities!
2026-04-08 11:59:37.271 | WARNING  | __main__:safety_check:119 - 🔒 TEST MODE ENABLED - No real trades will execute
2026-04-08 11:59:47.307 | INFO     | __main__:scan_all_opportunities:97 - 🔍 Scanning for opportunities...
2026-04-08 11:59:47.308 | INFO     | __main__:scan_all_opportunities:111 - 📊 Test opportunity: 1.25%
2026-04-08 11:59:47.310 | SUCCESS  | __main__:run:181 - 🎯 Found 1 opportunities!
2026-04-08 11:59:47.311 | WARNING  | __main__:safety_check:119 - 🔒 TEST MODE ENABLED - No real trades will execute
2026-04-08 11:59:57.324 | INFO     | __main__:scan_all_opportunities:97 - 🔍 Scanning for opportunities...
2026-04-08 11:59:57.326 | INFO     | __main__:scan_all_opportunities:111 - 📊 Test opportunity: 1.15%
2026-04-08 11:59:57.326 | SUCCESS  | __main__:run:181 - 🎯 Found 1 opportunities!
2026-04-08 11:59:57.327 | WARNING  | __main__:safety_check:119 - 🔒 TEST MODE ENABLED - No real trades will execute
2026-04-08 12:00:07.343 | INFO     | __main__:scan_all_opportunities:97 - 🔍 Scanning for opportunities...
2026-04-08 12:00:07.345 | INFO     | __main__:scan_all_opportunities:111 - 📊 Test opportunity: 0.51%
2026-04-08 12:00:07.346 | SUCCESS  | __main__:run:181 - 🎯 Found 1 opportunities!
2026-04-08 12:00:07.347 | WARNING  | __main__:safety_check:119 - 🔒 TEST MODE ENABLED - No real trades will execute
2026-04-08 12:00:17.350 | INFO     | __main__:scan_all_opportunities:97 - 🔍 Scanning for opportunities...
2026-04-08 12:00:27.352 | INFO     | __main__:scan_all_opportunities:97 - 🔍 Scanning for opportunities...
2026-04-08 12:00:27.354 | INFO     | __main__:scan_all_opportunities:111 - 📊 Test opportunity: 1.37%
2026-04-08 12:00:27.355 | SUCCESS  | __main__:run:181 - 🎯 Found 1 opportunities!
2026-04-08 12:00:27.356 | WARNING  | __main__:safety_check:119 - 🔒 TEST MODE ENABLED - No real trades will execute
2026-04-08 12:00:37.371 | INFO     | __main__:scan_all_opportunities:97 - 🔍 Scanning for opportunities...
2026-04-08 12:00:37.374 | INFO     | __main__:scan_all_opportunities:111 - 📊 Test opportunity: 0.67%
2026-04-08 12:00:37.376 | SUCCESS  | __main__:run:181 - 🎯 Found 1 opportunities!
2026-04-08 12:00:37.380 | WARNING  | __main__:safety_check:119 - 🔒 TEST MODE ENABLED - No real trades will execute
2026-04-08 12:00:47.393 | INFO     | __main__:scan_all_opportunities:97 - 🔍 Scanning for opportunities...
2026-04-08 12:00:47.394 | INFO     | __main__:scan_all_opportunities:111 - 📊 Test opportunity: 1.42%
2026-04-08 12:00:47.395 | SUCCESS  | __main__:run:181 - 🎯 Found 1 opportunities!
2026-04-08 12:00:47.396 | WARNING  | __main__:safety_check:119 - 🔒 TEST MODE ENABLED - No real trades will execute
2026-04-08 12:00:57.406 | INFO     | __main__:scan_all_opportunities:97 - 🔍 Scanning for opportunities...
2026-04-08 12:01:07.425 | INFO     | __main__:scan_all_opportunities:97 - 🔍 Scanning for opportunities...
2026-04-08 12:01:07.427 | INFO     | __main__:scan_all_opportunities:111 - 📊 Test opportunity: 1.28%
2026-04-08 12:01:07.428 | SUCCESS  | __main__:run:181 - 🎯 Found 1 opportunities!
2026-04-08 12:01:07.429 | WARNING  | __main__:safety_check:119 - 🔒 TEST MODE ENABLED - No real trades will execute
2026-04-08 12:01:17.433 | INFO     | __main__:scan_all_opportunities:97 - 🔍 Scanning for opportunities...
2026-04-08 12:01:27.435 | INFO     | __main__:scan_all_opportunities:97 - 🔍 Scanning for opportunities...
2026-04-08 12:01:27.436 | INFO     | __main__:scan_all_opportunities:111 - 📊 Test opportunity: 0.72%
2026-04-08 12:01:27.437 | SUCCESS  | __main__:run:181 - 🎯 Found 1 opportunities!
2026-04-08 12:01:27.438 | WARNING  | __main__:safety_check:119 - 🔒 TEST MODE ENABLED - No real trades will execute
2026-04-08 12:01:37.449 | INFO     | __main__:scan_all_opportunities:97 - 🔍 Scanning for opportunities...
2026-04-08 12:01:37.450 | INFO     | __main__:scan_all_opportunities:111 - 📊 Test opportunity: 0.75%
2026-04-08 12:01:37.451 | SUCCESS  | __main__:run:181 - 🎯 Found 1 opportunities!
2026-04-08 12:01:37.452 | WARNING  | __main__:safety_check:119 - 🔒 TEST MODE ENABLED - No real trades will execute
2026-04-08 12:01:47.462 | INFO     | __main__:scan_all_opportunities:97 - 🔍 Scanning for opportunities...
2026-04-08 12:01:47.463 | INFO     | __main__:scan_all_opportunities:111 - 📊 Test opportunity: 1.39%
2026-04-08 12:01:47.464 | SUCCESS  | __main__:run:181 - 🎯 Found 1 opportunities!
2026-04-08 12:01:47.464 | WARNING  | __main__:safety_check:119 - 🔒 TEST MODE ENABLED - No real trades will execute
2026-04-08 12:01:57.471 | INFO     | __main__:scan_all_opportunities:97 - 🔍 Scanning for opportunities...
2026-04-08 12:01:57.472 | INFO     | __main__:scan_all_opportunities:111 - 📊 Test opportunity: 0.72%
2026-04-08 12:01:57.473 | SUCCESS  | __main__:run:181 - 🎯 Found 1 opportunities!
2026-04-08 12:01:57.474 | WARNING  | __main__:safety_check:119 - 🔒 TEST MODE ENABLED - No real trades will execute
2026-04-08 12:02:07.479 | INFO     | __main__:scan_all_opportunities:97 - 🔍 Scanning for opportunities...
2026-04-08 12:02:07.480 | INFO     | __main__:scan_all_opportunities:111 - 📊 Test opportunity: 1.43%
2026-04-08 12:02:07.481 | SUCCESS  | __main__:run:181 - 🎯 Found 1 opportunities!
2026-04-08 12:02:07.481 | WARNING  | __main__:safety_check:119 - 🔒 TEST MODE ENABLED - No real trades will execute
2026-04-08 12:02:17.495 | INFO     | __main__:scan_all_opportunities:97 - 🔍 Scanning for opportunities...
2026-04-08 12:02:17.496 | INFO     | __main__:scan_all_opportunities:111 - 📊 Test opportunity: 0.77%
2026-04-08 12:02:17.497 | SUCCESS  | __main__:run:181 - 🎯 Found 1 opportunities!
2026-04-08 12:02:17.498 | WARNING  | __main__:safety_check:119 - 🔒 TEST MODE ENABLED - No real trades will execute
2026-04-08 12:02:27.500 | INFO     | __main__:scan_all_opportunities:97 - 🔍 Scanning for opportunities...
2026-04-08 12:02:37.507 | INFO     | __main__:scan_all_opportunities:97 - 🔍 Scanning for opportunities...
2026-04-08 12:02:37.508 | INFO     | __main__:scan_all_opportunities:111 - 📊 Test opportunity: 1.46%
2026-04-08 12:02:37.509 | SUCCESS  | __main__:run:181 - 🎯 Found 1 opportunities!
2026-04-08 12:02:37.511 | WARNING  | __main__:safety_check:119 - 🔒 TEST MODE ENABLED - No real trades will execute
2026-04-08 12:02:47.517 | INFO     | __main__:scan_all_opportunities:97 - 🔍 Scanning for opportunities...
2026-04-08 12:02:47.518 | INFO     | __main__:scan_all_opportunities:111 - 📊 Test opportunity: 1.42%
2026-04-08 12:02:47.519 | SUCCESS  | __main__:run:181 - 🎯 Found 1 opportunities!
2026-04-08 12:02:47.520 | WARNING  | __main__:safety_check:119 - 🔒 TEST MODE ENABLED - No real trades will execute
2026-04-08 12:02:57.533 | INFO     | __main__:scan_all_opportunities:97 - 🔍 Scanning for opportunities...
2026-04-08 12:02:57.534 | INFO     | __main__:scan_all_opportunities:111 - 📊 Test opportunity: 0.79%
2026-04-08 12:02:57.535 | SUCCESS  | __main__:run:181 - 🎯 Found 1 opportunities!
2026-04-08 12:02:57.536 | WARNING  | __main__:safety_check:119 - 🔒 TEST MODE ENABLED - No real trades will execute
2026-04-08 12:03:07.537 | INFO     | __main__:scan_all_opportunities:97 - 🔍 Scanning for opportunities...
2026-04-08 12:03:07.538 | INFO     | __main__:scan_all_opportunities:111 - 📊 Test opportunity: 1.18%
2026-04-08 12:03:07.539 | SUCCESS  | __main__:run:181 - 🎯 Found 1 opportunities!
2026-04-08 12:03:07.540 | WARNING  | __main__:safety_check:119 - 🔒 TEST MODE ENABLED - No real trades will execute
2026-04-08 12:03:17.545 | INFO     | __main__:scan_all_opportunities:97 - 🔍 Scanning for opportunities...
2026-04-08 12:03:27.559 | INFO     | __main__:scan_all_opportunities:97 - 🔍 Scanning for opportunities...
2026-04-08 12:03:27.560 | INFO     | __main__:scan_all_opportunities:111 - 📊 Test opportunity: 1.35%
2026-04-08 12:03:27.561 | SUCCESS  | __main__:run:181 - 🎯 Found 1 opportunities!
2026-04-08 12:03:27.562 | WARNING  | __main__:safety_check:119 - 🔒 TEST MODE ENABLED - No real trades will execute
2026-04-08 12:03:37.574 | INFO     | __main__:scan_all_opportunities:97 - 🔍 Scanning for opportunities...
2026-04-08 12:03:37.575 | INFO     | __main__:scan_all_opportunities:111 - 📊 Test opportunity: 1.47%
2026-04-08 12:03:37.576 | SUCCESS  | __main__:run:181 - 🎯 Found 1 opportunities!
2026-04-08 12:03:37.577 | WARNING  | __main__:safety_check:119 - 🔒 TEST MODE ENABLED - No real trades will execute
2026-04-08 12:03:47.585 | INFO     | __main__:scan_all_opportunities:97 - 🔍 Scanning for opportunities...
2026-04-08 12:03:47.586 | INFO     | __main__:scan_all_opportunities:111 - 📊 Test opportunity: 1.40%
2026-04-08 12:03:47.616 | SUCCESS  | __main__:run:181 - 🎯 Found 1 opportunities!
2026-04-08 12:03:47.632 | WARNING  | __main__:safety_check:119 - 🔒 TEST MODE ENABLED - No real trades will execute
2026-04-08 12:03:57.677 | INFO     | __main__:scan_all_opportunities:97 - 🔍 Scanning for opportunities...
2026-04-08 12:04:07.685 | INFO     | __main__:scan_all_opportunities:97 - 🔍 Scanning for opportunities...
2026-04-08 12:04:07.686 | INFO     | __main__:scan_all_opportunities:111 - 📊 Test opportunity: 1.04%
2026-04-08 12:04:07.687 | SUCCESS  | __main__:run:181 - 🎯 Found 1 opportunities!
2026-04-08 12:04:07.689 | WARNING  | __main__:safety_check:119 - 🔒 TEST MODE ENABLED - No real trades will execute
2026-04-08 12:04:17.708 | INFO     | __main__:scan_all_opportunities:97 - 🔍 Scanning for opportunities...
2026-04-08 12:04:17.709 | INFO     | __main__:scan_all_opportunities:111 - 📊 Test opportunity: 0.92%
2026-04-08 12:04:17.710 | SUCCESS  | __main__:run:181 - 🎯 Found 1 opportunities!
2026-04-08 12:04:17.711 | WARNING  | __main__:safety_check:119 - 🔒 TEST MODE ENABLED - No real trades will execute
2026-04-08 12:04:27.723 | INFO     | __main__:scan_all_opportunities:97 - 🔍 Scanning for opportunities...
2026-04-08 12:04:27.724 | INFO     | __main__:scan_all_opportunities:111 - 📊 Test opportunity: 1.33%
2026-04-08 12:04:27.725 | SUCCESS  | __main__:run:181 - 🎯 Found 1 opportunities!
2026-04-08 12:04:27.726 | WARNING  | __main__:safety_check:119 - 🔒 TEST MODE ENABLED - No real trades will execute
2026-04-08 12:04:37.738 | INFO     | __main__:scan_all_opportunities:97 - 🔍 Scanning for opportunities...
2026-04-08 12:04:37.739 | INFO     | __main__:scan_all_opportunities:111 - 📊 Test opportunity: 0.70%
2026-04-08 12:04:37.741 | SUCCESS  | __main__:run:181 - 🎯 Found 1 opportunities!
2026-04-08 12:04:37.742 | WARNING  | __main__:safety_check:119 - 🔒 TEST MODE ENABLED - No real trades will execute
2026-04-08 12:04:47.753 | INFO     | __main__:scan_all_opportunities:97 - 🔍 Scanning for opportunities...
2026-04-08 12:04:57.757 | INFO     | __main__:scan_all_opportunities:97 - 🔍 Scanning for opportunities...
2026-04-08 12:04:57.758 | INFO     | __main__:scan_all_opportunities:111 - 📊 Test opportunity: 0.84%
2026-04-08 12:04:57.759 | SUCCESS  | __main__:run:181 - 🎯 Found 1 opportunities!
2026-04-08 12:04:57.760 | WARNING  | __main__:safety_check:119 - 🔒 TEST MODE ENABLED - No real trades will execute
2026-04-08 12:05:07.773 | INFO     | __main__:scan_all_opportunities:97 - 🔍 Scanning for opportunities...
2026-04-08 12:05:07.775 | INFO     | __main__:scan_all_opportunities:111 - 📊 Test opportunity: 1.34%
2026-04-08 12:05:07.777 | SUCCESS  | __main__:run:181 - 🎯 Found 1 opportunities!
2026-04-08 12:05:07.778 | WARNING  | __main__:safety_check:119 - 🔒 TEST MODE ENABLED - No real trades will execute
2026-04-08 12:05:17.794 | INFO     | __main__:scan_all_opportunities:97 - 🔍 Scanning for opportunities...
2026-04-08 12:05:17.795 | INFO     | __main__:scan_all_opportunities:111 - 📊 Test opportunity: 0.99%
2026-04-08 12:05:17.795 | SUCCESS  | __main__:run:181 - 🎯 Found 1 opportunities!
2026-04-08 12:05:17.796 | WARNING  | __main__:safety_check:119 - 🔒 TEST MODE ENABLED - No real trades will execute
2026-04-08 12:05:27.798 | INFO     | __main__:scan_all_opportunities:97 - 🔍 Scanning for opportunities...
2026-04-08 12:05:27.799 | INFO     | __main__:scan_all_opportunities:111 - 📊 Test opportunity: 1.21%
2026-04-08 12:05:27.800 | SUCCESS  | __main__:run:181 - 🎯 Found 1 opportunities!
2026-04-08 12:05:27.801 | WARNING  | __main__:safety_check:119 - 🔒 TEST MODE ENABLED - No real trades will execute
2026-04-08 12:05:37.807 | INFO     | __main__:scan_all_opportunities:97 - 🔍 Scanning for opportunities...
2026-04-08 12:05:37.808 | INFO     | __main__:scan_all_opportunities:111 - 📊 Test opportunity: 1.29%
2026-04-08 12:05:37.809 | SUCCESS  | __main__:run:181 - 🎯 Found 1 opportunities!
2026-04-08 12:05:37.810 | WARNING  | __main__:safety_check:119 - 🔒 TEST MODE ENABLED - No real trades will execute
2026-04-08 12:05:47.822 | INFO     | __main__:scan_all_opportunities:97 - 🔍 Scanning for opportunities...
2026-04-08 12:05:57.834 | INFO     | __main__:scan_all_opportunities:97 - 🔍 Scanning for opportunities...
2026-04-08 12:05:57.836 | INFO     | __main__:scan_all_opportunities:111 - 📊 Test opportunity: 0.56%
2026-04-08 12:05:57.838 | SUCCESS  | __main__:run:181 - 🎯 Found 1 opportunities!
2026-04-08 12:05:57.856 | WARNING  | __main__:safety_check:119 - 🔒 TEST MODE ENABLED - No real trades will execute
2026-04-08 12:06:07.871 | INFO     | __main__:scan_all_opportunities:97 - 🔍 Scanning for opportunities...
2026-04-08 12:06:07.872 | INFO     | __main__:scan_all_opportunities:111 - 📊 Test opportunity: 1.15%
2026-04-08 12:06:07.873 | SUCCESS  | __main__:run:181 - 🎯 Found 1 opportunities!
2026-04-08 12:06:07.874 | WARNING  | __main__:safety_check:119 - 🔒 TEST MODE ENABLED - No real trades will execute
2026-04-08 12:06:17.877 | INFO     | __main__:scan_all_opportunities:97 - 🔍 Scanning for opportunities...
2026-04-08 12:06:17.878 | INFO     | __main__:scan_all_opportunities:111 - 📊 Test opportunity: 1.37%
2026-04-08 12:06:17.879 | SUCCESS  | __main__:run:181 - 🎯 Found 1 opportunities!
2026-04-08 12:06:17.880 | WARNING  | __main__:safety_check:119 - 🔒 TEST MODE ENABLED - No real trades will execute
2026-04-08 12:06:27.894 | INFO     | __main__:scan_all_opportunities:97 - 🔍 Scanning for opportunities...
2026-04-08 12:06:27.895 | INFO     | __main__:scan_all_opportunities:111 - 📊 Test opportunity: 1.01%
2026-04-08 12:06:27.896 | SUCCESS  | __main__:run:181 - 🎯 Found 1 opportunities!
2026-04-08 12:06:27.897 | WARNING  | __main__:safety_check:119 - 🔒 TEST MODE ENABLED - No real trades will execute
2026-04-08 12:06:37.904 | INFO     | __main__:scan_all_opportunities:97 - 🔍 Scanning for opportunities...
2026-04-08 12:06:37.905 | INFO     | __main__:scan_all_opportunities:111 - 📊 Test opportunity: 1.33%
2026-04-08 12:06:37.906 | SUCCESS  | __main__:run:181 - 🎯 Found 1 opportunities!
2026-04-08 12:06:37.907 | WARNING  | __main__:safety_check:119 - 🔒 TEST MODE ENABLED - No real trades will execute
2026-04-08 12:06:47.911 | INFO     | __main__:scan_all_opportunities:97 - 🔍 Scanning for opportunities...
2026-04-08 12:06:57.921 | INFO     | __main__:scan_all_opportunities:97 - 🔍 Scanning for opportunities...
2026-04-08 12:06:57.922 | INFO     | __main__:scan_all_opportunities:111 - 📊 Test opportunity: 0.76%
2026-04-08 12:06:57.923 | SUCCESS  | __main__:run:181 - 🎯 Found 1 opportunities!
2026-04-08 12:06:57.924 | WARNING  | __main__:safety_check:119 - 🔒 TEST MODE ENABLED - No real trades will execute
2026-04-08 12:07:07.936 | INFO     | __main__:scan_all_opportunities:97 - 🔍 Scanning for opportunities...
2026-04-08 12:07:07.938 | INFO     | __main__:scan_all_opportunities:111 - 📊 Test opportunity: 0.55%
2026-04-08 12:07:07.939 | SUCCESS  | __main__:run:181 - 🎯 Found 1 opportunities!
2026-04-08 12:07:07.939 | WARNING  | __main__:safety_check:119 - 🔒 TEST MODE ENABLED - No real trades will execute
2026-04-08 12:07:17.943 | INFO     | __main__:scan_all_opportunities:97 - 🔍 Scanning for opportunities...
2026-04-08 12:07:17.945 | INFO     | __main__:scan_all_opportunities:111 - 📊 Test opportunity: 0.74%
2026-04-08 12:07:17.946 | SUCCESS  | __main__:run:181 - 🎯 Found 1 opportunities!
2026-04-08 12:07:17.946 | WARNING  | __main__:safety_check:119 - 🔒 TEST MODE ENABLED - No real trades will execute
2026-04-08 12:07:27.949 | INFO     | __main__:scan_all_opportunities:97 - 🔍 Scanning for opportunities...
2026-04-08 12:07:27.950 | INFO     | __main__:scan_all_opportunities:111 - 📊 Test opportunity: 1.20%
2026-04-08 12:07:27.951 | SUCCESS  | __main__:run:181 - 🎯 Found 1 opportunities!
2026-04-08 12:07:27.952 | WARNING  | __main__:safety_check:119 - 🔒 TEST MODE ENABLED - No real trades will execute
2026-04-08 12:07:37.970 | INFO     | __main__:scan_all_opportunities:97 - 🔍 Scanning for opportunities...
2026-04-08 12:07:37.971 | INFO     | __main__:scan_all_opportunities:111 - 📊 Test opportunity: 1.07%
2026-04-08 12:07:37.972 | SUCCESS  | __main__:run:181 - 🎯 Found 1 opportunities!
2026-04-08 12:07:37.973 | WARNING  | __main__:safety_check:119 - 🔒 TEST MODE ENABLED - No real trades will execute
2026-04-08 12:07:47.978 | INFO     | __main__:scan_all_opportunities:97 - 🔍 Scanning for opportunities...
2026-04-08 12:07:47.979 | INFO     | __main__:scan_all_opportunities:111 - 📊 Test opportunity: 0.91%
2026-04-08 12:07:47.980 | SUCCESS  | __main__:run:181 - 🎯 Found 1 opportunities!
2026-04-08 12:07:47.982 | WARNING  | __main__:safety_check:119 - 🔒 TEST MODE ENABLED - No real trades will execute
2026-04-08 12:07:57.992 | INFO     | __main__:scan_all_opportunities:97 - 🔍 Scanning for opportunities...
2026-04-08 12:07:57.993 | INFO     | __main__:scan_all_opportunities:111 - 📊 Test opportunity: 1.01%
2026-04-08 12:07:57.994 | SUCCESS  | __main__:run:181 - 🎯 Found 1 opportunities!
2026-04-08 12:07:57.995 | WARNING  | __main__:safety_check:119 - 🔒 TEST MODE ENABLED - No real trades will execute
2026-04-08 12:08:08.000 | INFO     | __main__:scan_all_opportunities:97 - 🔍 Scanning for opportunities...
2026-04-08 12:08:08.001 | INFO     | __main__:scan_all_opportunities:111 - 📊 Test opportunity: 1.26%
2026-04-08 12:08:08.002 | SUCCESS  | __main__:run:181 - 🎯 Found 1 opportunities!
2026-04-08 12:08:08.003 | WARNING  | __main__:safety_check:119 - 🔒 TEST MODE ENABLED - No real trades will execute
2026-04-08 12:08:18.005 | INFO     | __main__:scan_all_opportunities:97 - 🔍 Scanning for opportunities...
2026-04-08 12:08:18.006 | INFO     | __main__:scan_all_opportunities:111 - 📊 Test opportunity: 1.24%
2026-04-08 12:08:18.007 | SUCCESS  | __main__:run:181 - 🎯 Found 1 opportunities!
2026-04-08 12:08:18.008 | WARNING  | __main__:safety_check:119 - 🔒 TEST MODE ENABLED - No real trades will execute
2026-04-08 12:08:28.019 | INFO     | __main__:scan_all_opportunities:97 - 🔍 Scanning for opportunities...
2026-04-08 12:08:28.020 | INFO     | __main__:scan_all_opportunities:111 - 📊 Test opportunity: 0.92%
2026-04-08 12:08:28.021 | SUCCESS  | __main__:run:181 - 🎯 Found 1 opportunities!
2026-04-08 12:08:28.021 | WARNING  | __main__:safety_check:119 - 🔒 TEST MODE ENABLED - No real trades will execute
2026-04-08 12:08:38.027 | INFO     | __main__:scan_all_opportunities:97 - 🔍 Scanning for opportunities...
2026-04-08 12:08:38.028 | INFO     | __main__:scan_all_opportunities:111 - 📊 Test opportunity: 1.11%
2026-04-08 12:08:38.029 | SUCCESS  | __main__:run:181 - 🎯 Found 1 opportunities!
2026-04-08 12:08:38.030 | WARNING  | __main__:safety_check:119 - 🔒 TEST MODE ENABLED - No real trades will execute
2026-04-08 12:08:48.036 | INFO     | __main__:scan_all_opportunities:97 - 🔍 Scanning for opportunities...
2026-04-08 12:08:48.037 | INFO     | __main__:scan_all_opportunities:111 - 📊 Test opportunity: 1.18%
2026-04-08 12:08:48.038 | SUCCESS  | __main__:run:181 - 🎯 Found 1 opportunities!
2026-04-08 12:08:48.039 | WARNING  | __main__:safety_check:119 - 🔒 TEST MODE ENABLED - No real trades will execute
2026-04-08 12:08:58.045 | INFO     | __main__:scan_all_opportunities:97 - 🔍 Scanning for opportunities...
2026-04-08 12:08:58.046 | INFO     | __main__:scan_all_opportunities:111 - 📊 Test opportunity: 0.59%
2026-04-08 12:08:58.047 | SUCCESS  | __main__:run:181 - 🎯 Found 1 opportunities!
2026-04-08 12:08:58.048 | WARNING  | __main__:safety_check:119 - 🔒 TEST MODE ENABLED - No real trades will execute
2026-04-08 12:09:08.053 | INFO     | __main__:scan_all_opportunities:97 - 🔍 Scanning for opportunities...
2026-04-08 12:09:08.054 | INFO     | __main__:scan_all_opportunities:111 - 📊 Test opportunity: 1.04%
2026-04-08 12:09:08.055 | SUCCESS  | __main__:run:181 - 🎯 Found 1 opportunities!
2026-04-08 12:09:08.056 | WARNING  | __main__:safety_check:119 - 🔒 TEST MODE ENABLED - No real trades will execute
2026-04-08 12:09:18.065 | INFO     | __main__:scan_all_opportunities:97 - 🔍 Scanning for opportunities...
2026-04-08 12:09:18.066 | INFO     | __main__:scan_all_opportunities:111 - 📊 Test opportunity: 0.65%
2026-04-08 12:09:18.066 | SUCCESS  | __main__:run:181 - 🎯 Found 1 opportunities!
2026-04-08 12:09:18.067 | WARNING  | __main__:safety_check:119 - 🔒 TEST MODE ENABLED - No real trades will execute
2026-04-08 12:09:28.077 | INFO     | __main__:scan_all_opportunities:97 - 🔍 Scanning for opportunities...
2026-04-08 12:09:28.078 | INFO     | __main__:scan_all_opportunities:111 - 📊 Test opportunity: 1.07%
2026-04-08 12:09:28.079 | SUCCESS  | __main__:run:181 - 🎯 Found 1 opportunities!
2026-04-08 12:09:28.080 | WARNING  | __main__:safety_check:119 - 🔒 TEST MODE ENABLED - No real trades will execute
2026-04-08 12:09:38.090 | INFO     | __main__:scan_all_opportunities:97 - 🔍 Scanning for opportunities...
2026-04-08 12:09:38.091 | INFO     | __main__:scan_all_opportunities:111 - 📊 Test opportunity: 1.49%
2026-04-08 12:09:38.092 | SUCCESS  | __main__:run:181 - 🎯 Found 1 opportunities!
2026-04-08 12:09:38.093 | WARNING  | __main__:safety_check:119 - 🔒 TEST MODE ENABLED - No real trades will execute
2026-04-08 12:09:48.098 | INFO     | __main__:scan_all_opportunities:97 - 🔍 Scanning for opportunities...
2026-04-08 12:09:48.099 | INFO     | __main__:scan_all_opportunities:111 - 📊 Test opportunity: 0.50%
2026-04-08 12:09:48.100 | SUCCESS  | __main__:run:181 - 🎯 Found 1 opportunities!
2026-04-08 12:09:48.101 | WARNING  | __main__:safety_check:119 - 🔒 TEST MODE ENABLED - No real trades will execute
2026-04-08 12:09:58.108 | INFO     | __main__:scan_all_opportunities:97 - 🔍 Scanning for opportunities...
2026-04-08 12:09:58.109 | INFO     | __main__:scan_all_opportunities:111 - 📊 Test opportunity: 0.80%
2026-04-08 12:09:58.110 | SUCCESS  | __main__:run:181 - 🎯 Found 1 opportunities!
2026-04-08 12:09:58.111 | WARNING  | __main__:safety_check:119 - 🔒 TEST MODE ENABLED - No real trades will execute
2026-04-08 12:10:08.119 | INFO     | __main__:scan_all_opportunities:97 - 🔍 Scanning for opportunities...
2026-04-08 12:10:18.124 | INFO     | __main__:scan_all_opportunities:97 - 🔍 Scanning for opportunities...
2026-04-08 12:10:28.128 | INFO     | __main__:scan_all_opportunities:97 - 🔍 Scanning for opportunities...
2026-04-08 12:10:38.136 | INFO     | __main__:scan_all_opportunities:97 - 🔍 Scanning for opportunities...
2026-04-08 12:10:38.137 | INFO     | __main__:scan_all_opportunities:111 - 📊 Test opportunity: 0.54%
2026-04-08 12:10:38.138 | SUCCESS  | __main__:run:181 - 🎯 Found 1 opportunities!
2026-04-08 12:10:38.139 | WARNING  | __main__:safety_check:119 - 🔒 TEST MODE ENABLED - No real trades will execute
2026-04-08 12:10:48.141 | INFO     | __main__:scan_all_opportunities:97 - 🔍 Scanning for opportunities...
2026-04-08 12:10:48.142 | INFO     | __main__:scan_all_opportunities:111 - 📊 Test opportunity: 1.19%
2026-04-08 12:10:48.142 | SUCCESS  | __main__:run:181 - 🎯 Found 1 opportunities!
2026-04-08 12:10:48.143 | WARNING  | __main__:safety_check:119 - 🔒 TEST MODE ENABLED - No real trades will execute
2026-04-08 12:10:58.152 | INFO     | __main__:scan_all_opportunities:97 - 🔍 Scanning for opportunities...
2026-04-08 12:10:58.153 | INFO     | __main__:scan_all_opportunities:111 - 📊 Test opportunity: 1.45%
2026-04-08 12:10:58.154 | SUCCESS  | __main__:run:181 - 🎯 Found 1 opportunities!
2026-04-08 12:10:58.155 | WARNING  | __main__:safety_check:119 - 🔒 TEST MODE ENABLED - No real trades will execute
2026-04-08 12:11:08.168 | INFO     | __main__:scan_all_opportunities:97 - 🔍 Scanning for opportunities...
2026-04-08 12:11:08.169 | INFO     | __main__:scan_all_opportunities:111 - 📊 Test opportunity: 0.97%
2026-04-08 12:11:08.170 | SUCCESS  | __main__:run:181 - 🎯 Found 1 opportunities!
2026-04-08 12:11:08.171 | WARNING  | __main__:safety_check:119 - 🔒 TEST MODE ENABLED - No real trades will execute
2026-04-08 12:11:18.174 | INFO     | __main__:scan_all_opportunities:97 - 🔍 Scanning for opportunities...
2026-04-08 12:11:18.175 | INFO     | __main__:scan_all_opportunities:111 - 📊 Test opportunity: 0.90%
2026-04-08 12:11:18.176 | SUCCESS  | __main__:run:181 - 🎯 Found 1 opportunities!
2026-04-08 12:11:18.177 | WARNING  | __main__:safety_check:119 - 🔒 TEST MODE ENABLED - No real trades will execute
2026-04-08 12:11:28.188 | INFO     | __main__:scan_all_opportunities:97 - 🔍 Scanning for opportunities...
2026-04-08 12:11:28.189 | INFO     | __main__:scan_all_opportunities:111 - 📊 Test opportunity: 1.22%
2026-04-08 12:11:28.189 | SUCCESS  | __main__:run:181 - 🎯 Found 1 opportunities!
2026-04-08 12:11:28.190 | WARNING  | __main__:safety_check:119 - 🔒 TEST MODE ENABLED - No real trades will execute
2026-04-08 12:11:38.196 | INFO     | __main__:scan_all_opportunities:97 - 🔍 Scanning for opportunities...
2026-04-08 12:11:48.201 | INFO     | __main__:scan_all_opportunities:97 - 🔍 Scanning for opportunities...
2026-04-08 12:11:58.212 | INFO     | __main__:scan_all_opportunities:97 - 🔍 Scanning for opportunities...
2026-04-08 12:11:58.214 | INFO     | __main__:scan_all_opportunities:111 - 📊 Test opportunity: 1.48%
2026-04-08 12:11:58.214 | SUCCESS  | __main__:run:181 - 🎯 Found 1 opportunities!
2026-04-08 12:11:58.216 | WARNING  | __main__:safety_check:119 - 🔒 TEST MODE ENABLED - No real trades will execute
2026-04-08 12:12:08.221 | INFO     | __main__:scan_all_opportunities:97 - 🔍 Scanning for opportunities...
2026-04-08 12:12:08.222 | INFO     | __main__:scan_all_opportunities:111 - 📊 Test opportunity: 0.80%
2026-04-08 12:12:08.223 | SUCCESS  | __main__:run:181 - 🎯 Found 1 opportunities!
2026-04-08 12:12:08.224 | WARNING  | __main__:safety_check:119 - 🔒 TEST MODE ENABLED - No real trades will execute
2026-04-08 12:12:18.229 | INFO     | __main__:scan_all_opportunities:97 - 🔍 Scanning for opportunities...
2026-04-08 12:12:18.230 | INFO     | __main__:scan_all_opportunities:111 - 📊 Test opportunity: 1.13%
2026-04-08 12:12:18.231 | SUCCESS  | __main__:run:181 - 🎯 Found 1 opportunities!
2026-04-08 12:12:18.232 | WARNING  | __main__:safety_check:119 - 🔒 TEST MODE ENABLED - No real trades will execute
2026-04-08 12:12:28.243 | INFO     | __main__:scan_all_opportunities:97 - 🔍 Scanning for opportunities...
2026-04-08 12:12:28.245 | INFO     | __main__:scan_all_opportunities:111 - 📊 Test opportunity: 1.04%
2026-04-08 12:12:28.246 | SUCCESS  | __main__:run:181 - 🎯 Found 1 opportunities!
2026-04-08 12:12:28.246 | WARNING  | __main__:safety_check:119 - 🔒 TEST MODE ENABLED - No real trades will execute
2026-04-08 12:12:38.255 | INFO     | __main__:scan_all_opportunities:97 - 🔍 Scanning for opportunities...
2026-04-08 12:12:38.256 | INFO     | __main__:scan_all_opportunities:111 - 📊 Test opportunity: 1.21%
2026-04-08 12:12:38.257 | SUCCESS  | __main__:run:181 - 🎯 Found 1 opportunities!
2026-04-08 12:12:38.258 | WARNING  | __main__:safety_check:119 - 🔒 TEST MODE ENABLED - No real trades will execute
2026-04-08 12:12:48.262 | INFO     | __main__:scan_all_opportunities:97 - 🔍 Scanning for opportunities...
2026-04-08 12:12:48.264 | INFO     | __main__:scan_all_opportunities:111 - 📊 Test opportunity: 0.62%
2026-04-08 12:12:48.265 | SUCCESS  | __main__:run:181 - 🎯 Found 1 opportunities!
2026-04-08 12:12:48.266 | WARNING  | __main__:safety_check:119 - 🔒 TEST MODE ENABLED - No real trades will execute
2026-04-08 12:12:58.270 | INFO     | __main__:scan_all_opportunities:97 - 🔍 Scanning for opportunities...
2026-04-08 12:12:58.271 | INFO     | __main__:scan_all_opportunities:111 - 📊 Test opportunity: 0.60%
2026-04-08 12:12:58.272 | SUCCESS  | __main__:run:181 - 🎯 Found 1 opportunities!
2026-04-08 12:12:58.273 | WARNING  | __main__:safety_check:119 - 🔒 TEST MODE ENABLED - No real trades will execute
2026-04-08 12:13:08.277 | INFO     | __main__:scan_all_opportunities:97 - 🔍 Scanning for opportunities...
2026-04-08 12:13:08.278 | INFO     | __main__:scan_all_opportunities:111 - 📊 Test opportunity: 1.17%
2026-04-08 12:13:08.280 | SUCCESS  | __main__:run:181 - 🎯 Found 1 opportunities!
2026-04-08 12:13:08.281 | WARNING  | __main__:safety_check:119 - 🔒 TEST MODE ENABLED - No real trades will execute
2026-04-08 12:13:18.297 | INFO     | __main__:scan_all_opportunities:97 - 🔍 Scanning for opportunities...
2026-04-08 12:13:28.309 | INFO     | __main__:scan_all_opportunities:97 - 🔍 Scanning for opportunities...
2026-04-08 12:13:38.325 | INFO     | __main__:scan_all_opportunities:97 - 🔍 Scanning for opportunities...
2026-04-08 12:13:38.327 | INFO     | __main__:scan_all_opportunities:111 - 📊 Test opportunity: 1.01%
2026-04-08 12:13:38.328 | SUCCESS  | __main__:run:181 - 🎯 Found 1 opportunities!
2026-04-08 12:13:38.329 | WARNING  | __main__:safety_check:119 - 🔒 TEST MODE ENABLED - No real trades will execute
2026-04-08 12:13:48.330 | INFO     | __main__:scan_all_opportunities:97 - 🔍 Scanning for opportunities...
2026-04-08 12:13:58.340 | INFO     | __main__:scan_all_opportunities:97 - 🔍 Scanning for opportunities...
2026-04-08 12:14:08.345 | INFO     | __main__:scan_all_opportunities:97 - 🔍 Scanning for opportunities...
2026-04-08 12:14:18.364 | INFO     | __main__:scan_all_opportunities:97 - 🔍 Scanning for opportunities...
2026-04-08 12:14:18.365 | INFO     | __main__:scan_all_opportunities:111 - 📊 Test opportunity: 1.29%
2026-04-08 12:14:18.366 | SUCCESS  | __main__:run:181 - 🎯 Found 1 opportunities!
2026-04-08 12:14:18.367 | WARNING  | __main__:safety_check:119 - 🔒 TEST MODE ENABLED - No real trades will execute
2026-04-08 12:14:28.376 | INFO     | __main__:scan_all_opportunities:97 - 🔍 Scanning for opportunities...
2026-04-08 12:14:28.377 | INFO     | __main__:scan_all_opportunities:111 - 📊 Test opportunity: 1.14%
2026-04-08 12:14:28.378 | SUCCESS  | __main__:run:181 - 🎯 Found 1 opportunities!
2026-04-08 12:14:28.379 | WARNING  | __main__:safety_check:119 - 🔒 TEST MODE ENABLED - No real trades will execute
2026-04-08 12:14:38.382 | INFO     | __main__:scan_all_opportunities:97 - 🔍 Scanning for opportunities...
2026-04-08 12:14:38.383 | INFO     | __main__:scan_all_opportunities:111 - 📊 Test opportunity: 0.59%
2026-04-08 12:14:38.384 | SUCCESS  | __main__:run:181 - 🎯 Found 1 opportunities!
2026-04-08 12:14:38.385 | WARNING  | __main__:safety_check:119 - 🔒 TEST MODE ENABLED - No real trades will execute
2026-04-08 12:14:48.394 | INFO     | __main__:scan_all_opportunities:97 - 🔍 Scanning for opportunities...
2026-04-08 12:14:48.395 | INFO     | __main__:scan_all_opportunities:111 - 📊 Test opportunity: 0.91%
2026-04-08 12:14:48.396 | SUCCESS  | __main__:run:181 - 🎯 Found 1 opportunities!
2026-04-08 12:14:48.397 | WARNING  | __main__:safety_check:119 - 🔒 TEST MODE ENABLED - No real trades will execute
2026-04-08 12:14:58.406 | INFO     | __main__:scan_all_opportunities:97 - 🔍 Scanning for opportunities...
2026-04-08 12:14:58.407 | INFO     | __main__:scan_all_opportunities:111 - 📊 Test opportunity: 0.54%
2026-04-08 12:14:58.408 | SUCCESS  | __main__:run:181 - 🎯 Found 1 opportunities!
2026-04-08 12:14:58.409 | WARNING  | __main__:safety_check:119 - 🔒 TEST MODE ENABLED - No real trades will execute
2026-04-08 12:15:08.416 | INFO     | __main__:scan_all_opportunities:97 - 🔍 Scanning for opportunities...
2026-04-08 12:15:08.417 | INFO     | __main__:scan_all_opportunities:111 - 📊 Test opportunity: 1.21%
2026-04-08 12:15:08.418 | SUCCESS  | __main__:run:181 - 🎯 Found 1 opportunities!
2026-04-08 12:15:08.419 | WARNING  | __main__:safety_check:119 - 🔒 TEST MODE ENABLED - No real trades will execute
2026-04-08 12:15:18.422 | INFO     | __main__:scan_all_opportunities:97 - 🔍 Scanning for opportunities...
2026-04-08 12:15:18.423 | INFO     | __main__:scan_all_opportunities:111 - 📊 Test opportunity: 1.25%
2026-04-08 12:15:18.424 | SUCCESS  | __main__:run:181 - 🎯 Found 1 opportunities!
2026-04-08 12:15:18.425 | WARNING  | __main__:safety_check:119 - 🔒 TEST MODE ENABLED - No real trades will execute
2026-04-08 12:15:28.438 | INFO     | __main__:scan_all_opportunities:97 - 🔍 Scanning for opportunities...
2026-04-08 12:15:28.439 | INFO     | __main__:scan_all_opportunities:111 - 📊 Test opportunity: 0.67%
2026-04-08 12:15:28.440 | SUCCESS  | __main__:run:181 - 🎯 Found 1 opportunities!
2026-04-08 12:15:28.441 | WARNING  | __main__:safety_check:119 - 🔒 TEST MODE ENABLED - No real trades will execute
2026-04-08 12:15:38.445 | INFO     | __main__:scan_all_opportunities:97 - 🔍 Scanning for opportunities...
2026-04-08 12:15:38.446 | INFO     | __main__:scan_all_opportunities:111 - 📊 Test opportunity: 0.73%
2026-04-08 12:15:38.447 | SUCCESS  | __main__:run:181 - 🎯 Found 1 opportunities!
2026-04-08 12:15:38.448 | WARNING  | __main__:safety_check:119 - 🔒 TEST MODE ENABLED - No real trades will execute
2026-04-08 12:15:48.451 | INFO     | __main__:scan_all_opportunities:97 - 🔍 Scanning for opportunities...
2026-04-08 12:15:48.453 | INFO     | __main__:scan_all_opportunities:111 - 📊 Test opportunity: 1.45%
2026-04-08 12:15:48.454 | SUCCESS  | __main__:run:181 - 🎯 Found 1 opportunities!
2026-04-08 12:15:48.455 | WARNING  | __main__:safety_check:119 - 🔒 TEST MODE ENABLED - No real trades will execute
2026-04-08 12:15:58.477 | INFO     | __main__:scan_all_opportunities:97 - 🔍 Scanning for opportunities...
2026-04-08 12:15:58.478 | INFO     | __main__:scan_all_opportunities:111 - 📊 Test opportunity: 0.53%
2026-04-08 12:15:58.480 | SUCCESS  | __main__:run:181 - 🎯 Found 1 opportunities!
2026-04-08 12:15:58.480 | WARNING  | __main__:safety_check:119 - 🔒 TEST MODE ENABLED - No real trades will execute
2026-04-08 12:16:08.485 | INFO     | __main__:scan_all_opportunities:97 - 🔍 Scanning for opportunities...
2026-04-08 12:16:08.487 | INFO     | __main__:scan_all_opportunities:111 - 📊 Test opportunity: 1.25%
2026-04-08 12:16:08.488 | SUCCESS  | __main__:run:181 - 🎯 Found 1 opportunities!
2026-04-08 12:16:08.488 | WARNING  | __main__:safety_check:119 - 🔒 TEST MODE ENABLED - No real trades will execute
2026-04-08 12:16:18.491 | INFO     | __main__:scan_all_opportunities:97 - 🔍 Scanning for opportunities...
2026-04-08 12:16:18.492 | INFO     | __main__:scan_all_opportunities:111 - 📊 Test opportunity: 1.49%
2026-04-08 12:16:18.493 | SUCCESS  | __main__:run:181 - 🎯 Found 1 opportunities!
2026-04-08 12:16:18.494 | WARNING  | __main__:safety_check:119 - 🔒 TEST MODE ENABLED - No real trades will execute
2026-04-08 12:16:28.501 | INFO     | __main__:scan_all_opportunities:97 - 🔍 Scanning for opportunities...
2026-04-08 12:16:28.502 | INFO     | __main__:scan_all_opportunities:111 - 📊 Test opportunity: 0.58%
2026-04-08 12:16:28.503 | SUCCESS  | __main__:run:181 - 🎯 Found 1 opportunities!
2026-04-08 12:16:28.504 | WARNING  | __main__:safety_check:119 - 🔒 TEST MODE ENABLED - No real trades will execute
2026-04-08 12:16:38.518 | INFO     | __main__:scan_all_opportunities:97 - 🔍 Scanning for opportunities...
2026-04-08 12:16:48.524 | INFO     | __main__:scan_all_opportunities:97 - 🔍 Scanning for opportunities...
2026-04-08 12:16:48.525 | INFO     | __main__:scan_all_opportunities:111 - 📊 Test opportunity: 0.87%
2026-04-08 12:16:48.526 | SUCCESS  | __main__:run:181 - 🎯 Found 1 opportunities!
2026-04-08 12:16:48.527 | WARNING  | __main__:safety_check:119 - 🔒 TEST MODE ENABLED - No real trades will execute
2026-04-08 12:16:58.538 | INFO     | __main__:scan_all_opportunities:97 - 🔍 Scanning for opportunities...
2026-04-08 12:16:58.539 | INFO     | __main__:scan_all_opportunities:111 - 📊 Test opportunity: 0.60%
2026-04-08 12:16:58.539 | SUCCESS  | __main__:run:181 - 🎯 Found 1 opportunities!
2026-04-08 12:16:58.540 | WARNING  | __main__:safety_check:119 - 🔒 TEST MODE ENABLED - No real trades will execute
2026-04-08 12:17:08.555 | INFO     | __main__:scan_all_opportunities:97 - 🔍 Scanning for opportunities...
2026-04-08 12:17:08.556 | INFO     | __main__:scan_all_opportunities:111 - 📊 Test opportunity: 0.95%
2026-04-08 12:17:08.557 | SUCCESS  | __main__:run:181 - 🎯 Found 1 opportunities!
2026-04-08 12:17:08.558 | WARNING  | __main__:safety_check:119 - 🔒 TEST MODE ENABLED - No real trades will execute
2026-04-08 12:17:18.569 | INFO     | __main__:scan_all_opportunities:97 - 🔍 Scanning for opportunities...
2026-04-08 12:17:18.570 | INFO     | __main__:scan_all_opportunities:111 - 📊 Test opportunity: 0.98%
2026-04-08 12:17:18.571 | SUCCESS  | __main__:run:181 - 🎯 Found 1 opportunities!
2026-04-08 12:17:18.572 | WARNING  | __main__:safety_check:119 - 🔒 TEST MODE ENABLED - No real trades will execute
2026-04-08 12:17:28.587 | INFO     | __main__:scan_all_opportunities:97 - 🔍 Scanning for opportunities...
2026-04-08 12:17:28.589 | INFO     | __main__:scan_all_opportunities:111 - 📊 Test opportunity: 0.96%
2026-04-08 12:17:28.590 | SUCCESS  | __main__:run:181 - 🎯 Found 1 opportunities!
2026-04-08 12:17:28.591 | WARNING  | __main__:safety_check:119 - 🔒 TEST MODE ENABLED - No real trades will execute
2026-04-08 12:17:38.603 | INFO     | __main__:scan_all_opportunities:97 - 🔍 Scanning for opportunities...
2026-04-08 12:17:38.604 | INFO     | __main__:scan_all_opportunities:111 - 📊 Test opportunity: 1.05%
2026-04-08 12:17:38.605 | SUCCESS  | __main__:run:181 - 🎯 Found 1 opportunities!
2026-04-08 12:17:38.606 | WARNING  | __main__:safety_check:119 - 🔒 TEST MODE ENABLED - No real trades will execute
2026-04-08 12:17:48.609 | INFO     | __main__:scan_all_opportunities:97 - 🔍 Scanning for opportunities...
2026-04-08 12:17:48.610 | INFO     | __main__:scan_all_opportunities:111 - 📊 Test opportunity: 1.26%
2026-04-08 12:17:48.611 | SUCCESS  | __main__:run:181 - 🎯 Found 1 opportunities!
2026-04-08 12:17:48.612 | WARNING  | __main__:safety_check:119 - 🔒 TEST MODE ENABLED - No real trades will execute
2026-04-08 12:17:58.628 | INFO     | __main__:scan_all_opportunities:97 - 🔍 Scanning for opportunities...
2026-04-08 12:18:08.642 | INFO     | __main__:scan_all_opportunities:97 - 🔍 Scanning for opportunities...
2026-04-08 12:18:08.643 | INFO     | __main__:scan_all_opportunities:111 - 📊 Test opportunity: 1.09%
2026-04-08 12:18:08.645 | SUCCESS  | __main__:run:181 - 🎯 Found 1 opportunities!
2026-04-08 12:18:08.646 | WARNING  | __main__:safety_check:119 - 🔒 TEST MODE ENABLED - No real trades will execute
2026-04-08 12:18:18.663 | INFO     | __main__:scan_all_opportunities:97 - 🔍 Scanning for opportunities...
2026-04-08 12:18:18.664 | INFO     | __main__:scan_all_opportunities:111 - 📊 Test opportunity: 0.57%
2026-04-08 12:18:18.665 | SUCCESS  | __main__:run:181 - 🎯 Found 1 opportunities!
2026-04-08 12:18:18.666 | WARNING  | __main__:safety_check:119 - 🔒 TEST MODE ENABLED - No real trades will execute
2026-04-08 12:18:28.678 | INFO     | __main__:scan_all_opportunities:97 - 🔍 Scanning for opportunities...
2026-04-08 12:18:28.679 | INFO     | __main__:scan_all_opportunities:111 - 📊 Test opportunity: 1.19%
2026-04-08 12:18:28.680 | SUCCESS  | __main__:run:181 - 🎯 Found 1 opportunities!
2026-04-08 12:18:28.681 | WARNING  | __main__:safety_check:119 - 🔒 TEST MODE ENABLED - No real trades will execute
2026-04-08 12:18:38.698 | INFO     | __main__:scan_all_opportunities:97 - 🔍 Scanning for opportunities...
2026-04-08 12:18:38.700 | INFO     | __main__:scan_all_opportunities:111 - 📊 Test opportunity: 0.66%
2026-04-08 12:18:38.701 | SUCCESS  | __main__:run:181 - 🎯 Found 1 opportunities!
2026-04-08 12:18:38.702 | WARNING  | __main__:safety_check:119 - 🔒 TEST MODE ENABLED - No real trades will execute
2026-04-08 12:18:48.705 | INFO     | __main__:scan_all_opportunities:97 - 🔍 Scanning for opportunities...
2026-04-08 12:18:48.706 | INFO     | __main__:scan_all_opportunities:111 - 📊 Test opportunity: 0.82%
2026-04-08 12:18:48.707 | SUCCESS  | __main__:run:181 - 🎯 Found 1 opportunities!
2026-04-08 12:18:48.708 | WARNING  | __main__:safety_check:119 - 🔒 TEST MODE ENABLED - No real trades will execute
2026-04-08 12:18:58.713 | INFO     | __main__:scan_all_opportunities:97 - 🔍 Scanning for opportunities...
2026-04-08 12:18:58.714 | INFO     | __main__:scan_all_opportunities:111 - 📊 Test opportunity: 0.68%
2026-04-08 12:18:58.715 | SUCCESS  | __main__:run:181 - 🎯 Found 1 opportunities!
2026-04-08 12:18:58.716 | WARNING  | __main__:safety_check:119 - 🔒 TEST MODE ENABLED - No real trades will execute
2026-04-08 12:19:08.722 | INFO     | __main__:scan_all_opportunities:97 - 🔍 Scanning for opportunities...
2026-04-08 12:19:08.723 | INFO     | __main__:scan_all_opportunities:111 - 📊 Test opportunity: 1.40%
2026-04-08 12:19:08.724 | SUCCESS  | __main__:run:181 - 🎯 Found 1 opportunities!
2026-04-08 12:19:08.725 | WARNING  | __main__:safety_check:119 - 🔒 TEST MODE ENABLED - No real trades will execute
2026-04-08 12:19:18.744 | INFO     | __main__:scan_all_opportunities:97 - 🔍 Scanning for opportunities...
2026-04-08 12:19:18.745 | INFO     | __main__:scan_all_opportunities:111 - 📊 Test opportunity: 0.51%
2026-04-08 12:19:18.746 | SUCCESS  | __main__:run:181 - 🎯 Found 1 opportunities!
2026-04-08 12:19:18.747 | WARNING  | __main__:safety_check:119 - 🔒 TEST MODE ENABLED - No real trades will execute
2026-04-08 12:19:28.756 | INFO     | __main__:scan_all_opportunities:97 - 🔍 Scanning for opportunities...
2026-04-08 12:19:28.757 | INFO     | __main__:scan_all_opportunities:111 - 📊 Test opportunity: 0.71%
2026-04-08 12:19:28.758 | SUCCESS  | __main__:run:181 - 🎯 Found 1 opportunities!
2026-04-08 12:19:28.759 | WARNING  | __main__:safety_check:119 - 🔒 TEST MODE ENABLED - No real trades will execute
2026-04-08 12:19:38.774 | INFO     | __main__:scan_all_opportunities:97 - 🔍 Scanning for opportunities...
2026-04-08 12:19:48.784 | INFO     | __main__:scan_all_opportunities:97 - 🔍 Scanning for opportunities...
2026-04-08 12:19:48.785 | INFO     | __main__:scan_all_opportunities:111 - 📊 Test opportunity: 1.19%
2026-04-08 12:19:48.786 | SUCCESS  | __main__:run:181 - 🎯 Found 1 opportunities!
2026-04-08 12:19:48.787 | WARNING  | __main__:safety_check:119 - 🔒 TEST MODE ENABLED - No real trades will execute
2026-04-08 12:19:58.796 | INFO     | __main__:scan_all_opportunities:97 - 🔍 Scanning for opportunities...
2026-04-08 12:19:58.797 | INFO     | __main__:scan_all_opportunities:111 - 📊 Test opportunity: 0.90%
2026-04-08 12:19:58.798 | SUCCESS  | __main__:run:181 - 🎯 Found 1 opportunities!
2026-04-08 12:19:58.799 | WARNING  | __main__:safety_check:119 - 🔒 TEST MODE ENABLED - No real trades will execute
2026-04-08 12:20:08.814 | INFO     | __main__:scan_all_opportunities:97 - 🔍 Scanning for opportunities...
2026-04-08 12:20:18.821 | INFO     | __main__:scan_all_opportunities:97 - 🔍 Scanning for opportunities...
2026-04-08 12:20:18.822 | INFO     | __main__:scan_all_opportunities:111 - 📊 Test opportunity: 1.39%
2026-04-08 12:20:18.823 | SUCCESS  | __main__:run:181 - 🎯 Found 1 opportunities!
2026-04-08 12:20:18.824 | WARNING  | __main__:safety_check:119 - 🔒 TEST MODE ENABLED - No real trades will execute
2026-04-08 12:20:28.834 | INFO     | __main__:scan_all_opportunities:97 - 🔍 Scanning for opportunities...
2026-04-08 12:20:28.835 | INFO     | __main__:scan_all_opportunities:111 - 📊 Test opportunity: 0.86%
2026-04-08 12:20:28.836 | SUCCESS  | __main__:run:181 - 🎯 Found 1 opportunities!
2026-04-08 12:20:28.837 | WARNING  | __main__:safety_check:119 - 🔒 TEST MODE ENABLED - No real trades will execute
2026-04-08 12:20:38.851 | INFO     | __main__:scan_all_opportunities:97 - 🔍 Scanning for opportunities...
2026-04-08 12:20:38.852 | INFO     | __main__:scan_all_opportunities:111 - 📊 Test opportunity: 0.67%
2026-04-08 12:20:38.853 | SUCCESS  | __main__:run:181 - 🎯 Found 1 opportunities!
2026-04-08 12:20:38.854 | WARNING  | __main__:safety_check:119 - 🔒 TEST MODE ENABLED - No real trades will execute
2026-04-08 12:20:48.858 | INFO     | __main__:scan_all_opportunities:97 - 🔍 Scanning for opportunities...
2026-04-08 12:20:48.859 | INFO     | __main__:scan_all_opportunities:111 - 📊 Test opportunity: 0.58%
2026-04-08 12:20:48.860 | SUCCESS  | __main__:run:181 - 🎯 Found 1 opportunities!
2026-04-08 12:20:48.861 | WARNING  | __main__:safety_check:119 - 🔒 TEST MODE ENABLED - No real trades will execute
2026-04-08 12:20:58.873 | INFO     | __main__:scan_all_opportunities:97 - 🔍 Scanning for opportunities...
2026-04-08 12:21:08.881 | INFO     | __main__:scan_all_opportunities:97 - 🔍 Scanning for opportunities...
2026-04-08 12:21:08.882 | INFO     | __main__:scan_all_opportunities:111 - 📊 Test opportunity: 1.25%
2026-04-08 12:21:08.883 | SUCCESS  | __main__:run:181 - 🎯 Found 1 opportunities!
2026-04-08 12:21:08.884 | WARNING  | __main__:safety_check:119 - 🔒 TEST MODE ENABLED - No real trades will execute
2026-04-08 12:21:18.896 | INFO     | __main__:scan_all_opportunities:97 - 🔍 Scanning for opportunities...
2026-04-08 12:21:18.897 | INFO     | __main__:scan_all_opportunities:111 - 📊 Test opportunity: 0.82%
2026-04-08 12:21:18.898 | SUCCESS  | __main__:run:181 - 🎯 Found 1 opportunities!
2026-04-08 12:21:18.899 | WARNING  | __main__:safety_check:119 - 🔒 TEST MODE ENABLED - No real trades will execute
2026-04-08 12:21:28.914 | INFO     | __main__:scan_all_opportunities:97 - 🔍 Scanning for opportunities...
2026-04-08 12:21:28.915 | INFO     | __main__:scan_all_opportunities:111 - 📊 Test opportunity: 0.76%
2026-04-08 12:21:28.916 | SUCCESS  | __main__:run:181 - 🎯 Found 1 opportunities!
2026-04-08 12:21:28.917 | WARNING  | __main__:safety_check:119 - 🔒 TEST MODE ENABLED - No real trades will execute
2026-04-08 12:21:38.922 | INFO     | __main__:scan_all_opportunities:97 - 🔍 Scanning for opportunities...
2026-04-08 12:21:38.923 | INFO     | __main__:scan_all_opportunities:111 - 📊 Test opportunity: 0.54%
2026-04-08 12:21:38.924 | SUCCESS  | __main__:run:181 - 🎯 Found 1 opportunities!
2026-04-08 12:21:38.925 | WARNING  | __main__:safety_check:119 - 🔒 TEST MODE ENABLED - No real trades will execute
2026-04-08 12:21:48.940 | INFO     | __main__:scan_all_opportunities:97 - 🔍 Scanning for opportunities...
2026-04-08 12:21:48.942 | INFO     | __main__:scan_all_opportunities:111 - 📊 Test opportunity: 0.54%
2026-04-08 12:21:48.942 | SUCCESS  | __main__:run:181 - 🎯 Found 1 opportunities!
2026-04-08 12:21:48.943 | WARNING  | __main__:safety_check:119 - 🔒 TEST MODE ENABLED - No real trades will execute
2026-04-08 12:21:58.956 | INFO     | __main__:scan_all_opportunities:97 - 🔍 Scanning for opportunities...
2026-04-08 12:21:58.957 | INFO     | __main__:scan_all_opportunities:111 - 📊 Test opportunity: 1.17%
2026-04-08 12:21:58.958 | SUCCESS  | __main__:run:181 - 🎯 Found 1 opportunities!
2026-04-08 12:21:58.959 | WARNING  | __main__:safety_check:119 - 🔒 TEST MODE ENABLED - No real trades will execute
2026-04-08 12:22:08.966 | INFO     | __main__:scan_all_opportunities:97 - 🔍 Scanning for opportunities...
2026-04-08 12:22:08.967 | INFO     | __main__:scan_all_opportunities:111 - 📊 Test opportunity: 1.41%
2026-04-08 12:22:08.968 | SUCCESS  | __main__:run:181 - 🎯 Found 1 opportunities!
2026-04-08 12:22:08.970 | WARNING  | __main__:safety_check:119 - 🔒 TEST MODE ENABLED - No real trades will execute
2026-04-08 12:22:18.986 | INFO     | __main__:scan_all_opportunities:97 - 🔍 Scanning for opportunities...
2026-04-08 12:22:18.987 | INFO     | __main__:scan_all_opportunities:111 - 📊 Test opportunity: 0.73%
2026-04-08 12:22:18.988 | SUCCESS  | __main__:run:181 - 🎯 Found 1 opportunities!
2026-04-08 12:22:18.989 | WARNING  | __main__:safety_check:119 - 🔒 TEST MODE ENABLED - No real trades will execute
2026-04-08 12:22:29.005 | INFO     | __main__:scan_all_opportunities:97 - 🔍 Scanning for opportunities...
2026-04-08 12:22:29.006 | INFO     | __main__:scan_all_opportunities:111 - 📊 Test opportunity: 1.11%
2026-04-08 12:22:29.007 | SUCCESS  | __main__:run:181 - 🎯 Found 1 opportunities!
2026-04-08 12:22:29.008 | WARNING  | __main__:safety_check:119 - 🔒 TEST MODE ENABLED - No real trades will execute
2026-04-08 12:22:39.021 | INFO     | __main__:scan_all_opportunities:97 - 🔍 Scanning for opportunities...
2026-04-08 12:22:39.022 | INFO     | __main__:scan_all_opportunities:111 - 📊 Test opportunity: 1.24%
2026-04-08 12:22:39.023 | SUCCESS  | __main__:run:181 - 🎯 Found 1 opportunities!
2026-04-08 12:22:39.024 | WARNING  | __main__:safety_check:119 - 🔒 TEST MODE ENABLED - No real trades will execute
2026-04-08 12:22:49.026 | INFO     | __main__:scan_all_opportunities:97 - 🔍 Scanning for opportunities...
2026-04-08 12:22:49.027 | INFO     | __main__:scan_all_opportunities:111 - 📊 Test opportunity: 0.56%
2026-04-08 12:22:49.028 | SUCCESS  | __main__:run:181 - 🎯 Found 1 opportunities!
2026-04-08 12:22:49.029 | WARNING  | __main__:safety_check:119 - 🔒 TEST MODE ENABLED - No real trades will execute
2026-04-08 12:22:59.030 | INFO     | __main__:scan_all_opportunities:97 - 🔍 Scanning for opportunities...
2026-04-08 12:22:59.031 | INFO     | __main__:scan_all_opportunities:111 - 📊 Test opportunity: 1.24%
2026-04-08 12:22:59.032 | SUCCESS  | __main__:run:181 - 🎯 Found 1 opportunities!
2026-04-08 12:22:59.033 | WARNING  | __main__:safety_check:119 - 🔒 TEST MODE ENABLED - No real trades will execute
2026-04-08 12:23:09.041 | INFO     | __main__:scan_all_opportunities:97 - 🔍 Scanning for opportunities...
2026-04-08 12:23:19.049 | INFO     | __main__:scan_all_opportunities:97 - 🔍 Scanning for opportunities...
2026-04-08 12:23:19.050 | INFO     | __main__:scan_all_opportunities:111 - 📊 Test opportunity: 1.03%
2026-04-08 12:23:19.051 | SUCCESS  | __main__:run:181 - 🎯 Found 1 opportunities!
2026-04-08 12:23:19.052 | WARNING  | __main__:safety_check:119 - 🔒 TEST MODE ENABLED - No real trades will execute
2026-04-08 12:23:29.064 | INFO     | __main__:scan_all_opportunities:97 - 🔍 Scanning for opportunities...
2026-04-08 12:23:29.065 | INFO     | __main__:scan_all_opportunities:111 - 📊 Test opportunity: 0.85%
2026-04-08 12:23:29.067 | SUCCESS  | __main__:run:181 - 🎯 Found 1 opportunities!
2026-04-08 12:23:29.068 | WARNING  | __main__:safety_check:119 - 🔒 TEST MODE ENABLED - No real trades will execute
2026-04-08 12:23:39.081 | INFO     | __main__:scan_all_opportunities:97 - 🔍 Scanning for opportunities...
2026-04-08 12:23:39.082 | INFO     | __main__:scan_all_opportunities:111 - 📊 Test opportunity: 0.74%
2026-04-08 12:23:39.083 | SUCCESS  | __main__:run:181 - 🎯 Found 1 opportunities!
2026-04-08 12:23:39.084 | WARNING  | __main__:safety_check:119 - 🔒 TEST MODE ENABLED - No real trades will execute
2026-04-08 12:23:49.100 | INFO     | __main__:scan_all_opportunities:97 - 🔍 Scanning for opportunities...
2026-04-08 12:23:49.101 | INFO     | __main__:scan_all_opportunities:111 - 📊 Test opportunity: 1.43%
2026-04-08 12:23:49.102 | SUCCESS  | __main__:run:181 - 🎯 Found 1 opportunities!
2026-04-08 12:23:49.103 | WARNING  | __main__:safety_check:119 - 🔒 TEST MODE ENABLED - No real trades will execute
2026-04-08 12:23:59.119 | INFO     | __main__:scan_all_opportunities:97 - 🔍 Scanning for opportunities...
2026-04-08 12:23:59.120 | INFO     | __main__:scan_all_opportunities:111 - 📊 Test opportunity: 1.40%
2026-04-08 12:23:59.121 | SUCCESS  | __main__:run:181 - 🎯 Found 1 opportunities!
2026-04-08 12:23:59.122 | WARNING  | __main__:safety_check:119 - 🔒 TEST MODE ENABLED - No real trades will execute
2026-04-08 12:24:09.132 | INFO     | __main__:scan_all_opportunities:97 - 🔍 Scanning for opportunities...
2026-04-08 12:24:09.134 | INFO     | __main__:scan_all_opportunities:111 - 📊 Test opportunity: 1.44%
2026-04-08 12:24:09.135 | SUCCESS  | __main__:run:181 - 🎯 Found 1 opportunities!
2026-04-08 12:24:09.136 | WARNING  | __main__:safety_check:119 - 🔒 TEST MODE ENABLED - No real trades will execute
2026-04-08 12:24:19.143 | INFO     | __main__:scan_all_opportunities:97 - 🔍 Scanning for opportunities...
2026-04-08 12:24:19.144 | INFO     | __main__:scan_all_opportunities:111 - 📊 Test opportunity: 0.58%
2026-04-08 12:24:19.145 | SUCCESS  | __main__:run:181 - 🎯 Found 1 opportunities!
2026-04-08 12:24:19.146 | WARNING  | __main__:safety_check:119 - 🔒 TEST MODE ENABLED - No real trades will execute
2026-04-08 12:24:29.151 | INFO     | __main__:scan_all_opportunities:97 - 🔍 Scanning for opportunities...
2026-04-08 12:24:29.152 | INFO     | __main__:scan_all_opportunities:111 - 📊 Test opportunity: 0.70%
2026-04-08 12:24:29.153 | SUCCESS  | __main__:run:181 - 🎯 Found 1 opportunities!
2026-04-08 12:24:29.154 | WARNING  | __main__:safety_check:119 - 🔒 TEST MODE ENABLED - No real trades will execute
2026-04-08 12:24:39.156 | INFO     | __main__:scan_all_opportunities:97 - 🔍 Scanning for opportunities...
2026-04-08 12:24:39.157 | INFO     | __main__:scan_all_opportunities:111 - 📊 Test opportunity: 0.51%
2026-04-08 12:24:39.158 | SUCCESS  | __main__:run:181 - 🎯 Found 1 opportunities!
2026-04-08 12:24:39.159 | WARNING  | __main__:safety_check:119 - 🔒 TEST MODE ENABLED - No real trades will execute
2026-04-08 12:24:49.170 | INFO     | __main__:scan_all_opportunities:97 - 🔍 Scanning for opportunities...
2026-04-08 12:24:49.172 | INFO     | __main__:scan_all_opportunities:111 - 📊 Test opportunity: 1.13%
2026-04-08 12:24:49.172 | SUCCESS  | __main__:run:181 - 🎯 Found 1 opportunities!
2026-04-08 12:24:49.174 | WARNING  | __main__:safety_check:119 - 🔒 TEST MODE ENABLED - No real trades will execute
2026-04-08 12:24:59.182 | INFO     | __main__:scan_all_opportunities:97 - 🔍 Scanning for opportunities...
2026-04-08 12:24:59.183 | INFO     | __main__:scan_all_opportunities:111 - 📊 Test opportunity: 0.56%
2026-04-08 12:24:59.184 | SUCCESS  | __main__:run:181 - 🎯 Found 1 opportunities!
2026-04-08 12:24:59.185 | WARNING  | __main__:safety_check:119 - 🔒 TEST MODE ENABLED - No real trades will execute
2026-04-08 12:25:09.187 | INFO     | __main__:scan_all_opportunities:97 - 🔍 Scanning for opportunities...
2026-04-08 12:25:09.188 | INFO     | __main__:scan_all_opportunities:111 - 📊 Test opportunity: 1.42%
2026-04-08 12:25:09.189 | SUCCESS  | __main__:run:181 - 🎯 Found 1 opportunities!
2026-04-08 12:25:09.190 | WARNING  | __main__:safety_check:119 - 🔒 TEST MODE ENABLED - No real trades will execute
2026-04-08 12:25:19.200 | INFO     | __main__:scan_all_opportunities:97 - 🔍 Scanning for opportunities...
2026-04-08 12:25:19.201 | INFO     | __main__:scan_all_opportunities:111 - 📊 Test opportunity: 1.23%
2026-04-08 12:25:19.202 | SUCCESS  | __main__:run:181 - 🎯 Found 1 opportunities!
2026-04-08 12:25:19.203 | WARNING  | __main__:safety_check:119 - 🔒 TEST MODE ENABLED - No real trades will execute
2026-04-08 12:25:29.210 | INFO     | __main__:scan_all_opportunities:97 - 🔍 Scanning for opportunities...
2026-04-08 12:25:29.217 | INFO     | __main__:scan_all_opportunities:111 - 📊 Test opportunity: 0.81%
2026-04-08 12:25:29.221 | SUCCESS  | __main__:run:181 - 🎯 Found 1 opportunities!
2026-04-08 12:25:29.227 | WARNING  | __main__:safety_check:119 - 🔒 TEST MODE ENABLED - No real trades will execute
2026-04-08 12:25:39.242 | INFO     | __main__:scan_all_opportunities:97 - 🔍 Scanning for opportunities...
2026-04-08 12:25:39.245 | INFO     | __main__:scan_all_opportunities:111 - 📊 Test opportunity: 1.45%
2026-04-08 12:25:39.248 | SUCCESS  | __main__:run:181 - 🎯 Found 1 opportunities!
2026-04-08 12:25:39.250 | WARNING  | __main__:safety_check:119 - 🔒 TEST MODE ENABLED - No real trades will execute
2026-04-08 12:25:49.255 | INFO     | __main__:scan_all_opportunities:97 - 🔍 Scanning for opportunities...
2026-04-08 12:25:49.258 | INFO     | __main__:scan_all_opportunities:111 - 📊 Test opportunity: 1.48%
2026-04-08 12:25:49.262 | SUCCESS  | __main__:run:181 - 🎯 Found 1 opportunities!
2026-04-08 12:25:49.264 | WARNING  | __main__:safety_check:119 - 🔒 TEST MODE ENABLED - No real trades will execute
2026-04-08 12:25:59.294 | INFO     | __main__:scan_all_opportunities:97 - 🔍 Scanning for opportunities...
2026-04-08 12:25:59.297 | INFO     | __main__:scan_all_opportunities:111 - 📊 Test opportunity: 0.53%
2026-04-08 12:25:59.299 | SUCCESS  | __main__:run:181 - 🎯 Found 1 opportunities!
2026-04-08 12:25:59.302 | WARNING  | __main__:safety_check:119 - 🔒 TEST MODE ENABLED - No real trades will execute
2026-04-08 12:26:09.306 | INFO     | __main__:scan_all_opportunities:97 - 🔍 Scanning for opportunities...
2026-04-08 12:26:09.309 | INFO     | __main__:scan_all_opportunities:111 - 📊 Test opportunity: 1.14%
2026-04-08 12:26:09.312 | SUCCESS  | __main__:run:181 - 🎯 Found 1 opportunities!
2026-04-08 12:26:09.314 | WARNING  | __main__:safety_check:119 - 🔒 TEST MODE ENABLED - No real trades will execute
2026-04-08 12:26:19.329 | INFO     | __main__:scan_all_opportunities:97 - 🔍 Scanning for opportunities...
2026-04-08 12:26:19.332 | INFO     | __main__:scan_all_opportunities:111 - 📊 Test opportunity: 1.36%
2026-04-08 12:26:19.335 | SUCCESS  | __main__:run:181 - 🎯 Found 1 opportunities!
2026-04-08 12:26:19.337 | WARNING  | __main__:safety_check:119 - 🔒 TEST MODE ENABLED - No real trades will execute
2026-04-08 12:26:29.350 | INFO     | __main__:scan_all_opportunities:97 - 🔍 Scanning for opportunities...
2026-04-08 12:26:39.363 | INFO     | __main__:scan_all_opportunities:97 - 🔍 Scanning for opportunities...
2026-04-08 12:26:39.366 | INFO     | __main__:scan_all_opportunities:111 - 📊 Test opportunity: 1.39%
2026-04-08 12:26:39.368 | SUCCESS  | __main__:run:181 - 🎯 Found 1 opportunities!
2026-04-08 12:26:39.370 | WARNING  | __main__:safety_check:119 - 🔒 TEST MODE ENABLED - No real trades will execute
2026-04-08 12:26:49.387 | INFO     | __main__:scan_all_opportunities:97 - 🔍 Scanning for opportunities...
2026-04-08 12:26:49.390 | INFO     | __main__:scan_all_opportunities:111 - 📊 Test opportunity: 0.64%
2026-04-08 12:26:49.392 | SUCCESS  | __main__:run:181 - 🎯 Found 1 opportunities!
2026-04-08 12:26:49.394 | WARNING  | __main__:safety_check:119 - 🔒 TEST MODE ENABLED - No real trades will execute
2026-04-08 12:26:59.412 | INFO     | __main__:scan_all_opportunities:97 - 🔍 Scanning for opportunities...
2026-04-08 12:26:59.415 | INFO     | __main__:scan_all_opportunities:111 - 📊 Test opportunity: 1.42%
2026-04-08 12:26:59.418 | SUCCESS  | __main__:run:181 - 🎯 Found 1 opportunities!
2026-04-08 12:26:59.421 | WARNING  | __main__:safety_check:119 - 🔒 TEST MODE ENABLED - No real trades will execute
2026-04-08 12:27:09.428 | INFO     | __main__:scan_all_opportunities:97 - 🔍 Scanning for opportunities...
2026-04-08 12:27:09.430 | INFO     | __main__:scan_all_opportunities:111 - 📊 Test opportunity: 0.66%
2026-04-08 12:27:09.433 | SUCCESS  | __main__:run:181 - 🎯 Found 1 opportunities!
2026-04-08 12:27:09.435 | WARNING  | __main__:safety_check:119 - 🔒 TEST MODE ENABLED - No real trades will execute
2026-04-08 12:27:19.451 | INFO     | __main__:scan_all_opportunities:97 - 🔍 Scanning for opportunities...
2026-04-08 12:27:29.469 | INFO     | __main__:scan_all_opportunities:97 - 🔍 Scanning for opportunities...
2026-04-08 12:27:29.472 | INFO     | __main__:scan_all_opportunities:111 - 📊 Test opportunity: 1.17%
2026-04-08 12:27:29.474 | SUCCESS  | __main__:run:181 - 🎯 Found 1 opportunities!
2026-04-08 12:27:29.477 | WARNING  | __main__:safety_check:119 - 🔒 TEST MODE ENABLED - No real trades will execute
2026-04-08 12:27:39.503 | INFO     | __main__:scan_all_opportunities:97 - 🔍 Scanning for opportunities...
2026-04-08 12:27:39.506 | INFO     | __main__:scan_all_opportunities:111 - 📊 Test opportunity: 1.03%
2026-04-08 12:27:39.509 | SUCCESS  | __main__:run:181 - 🎯 Found 1 opportunities!
2026-04-08 12:27:39.511 | WARNING  | __main__:safety_check:119 - 🔒 TEST MODE ENABLED - No real trades will execute
2026-04-08 12:27:49.529 | INFO     | __main__:scan_all_opportunities:97 - 🔍 Scanning for opportunities...
2026-04-08 12:27:49.532 | INFO     | __main__:scan_all_opportunities:111 - 📊 Test opportunity: 0.75%
2026-04-08 12:27:49.534 | SUCCESS  | __main__:run:181 - 🎯 Found 1 opportunities!
2026-04-08 12:27:49.536 | WARNING  | __main__:safety_check:119 - 🔒 TEST MODE ENABLED - No real trades will execute
2026-04-08 12:27:59.545 | INFO     | __main__:scan_all_opportunities:97 - 🔍 Scanning for opportunities...
2026-04-08 12:28:09.552 | INFO     | __main__:scan_all_opportunities:97 - 🔍 Scanning for opportunities...
2026-04-08 12:28:09.556 | INFO     | __main__:scan_all_opportunities:111 - 📊 Test opportunity: 1.35%
2026-04-08 12:28:09.558 | SUCCESS  | __main__:run:181 - 🎯 Found 1 opportunities!
2026-04-08 12:28:09.560 | WARNING  | __main__:safety_check:119 - 🔒 TEST MODE ENABLED - No real trades will execute
2026-04-08 12:28:19.575 | INFO     | __main__:scan_all_opportunities:97 - 🔍 Scanning for opportunities...
2026-04-08 12:28:29.589 | INFO     | __main__:scan_all_opportunities:97 - 🔍 Scanning for opportunities...
2026-04-08 12:28:29.591 | INFO     | __main__:scan_all_opportunities:111 - 📊 Test opportunity: 1.15%
2026-04-08 12:28:29.594 | SUCCESS  | __main__:run:181 - 🎯 Found 1 opportunities!
2026-04-08 12:28:29.596 | WARNING  | __main__:safety_check:119 - 🔒 TEST MODE ENABLED - No real trades will execute
2026-04-08 12:28:39.605 | INFO     | __main__:scan_all_opportunities:97 - 🔍 Scanning for opportunities...
2026-04-08 12:28:39.608 | INFO     | __main__:scan_all_opportunities:111 - 📊 Test opportunity: 0.61%
2026-04-08 12:28:39.610 | SUCCESS  | __main__:run:181 - 🎯 Found 1 opportunities!
2026-04-08 12:28:39.612 | WARNING  | __main__:safety_check:119 - 🔒 TEST MODE ENABLED - No real trades will execute
2026-04-08 12:28:49.621 | INFO     | __main__:scan_all_opportunities:97 - 🔍 Scanning for opportunities...
2026-04-08 12:28:49.624 | INFO     | __main__:scan_all_opportunities:111 - 📊 Test opportunity: 1.34%
2026-04-08 12:28:49.627 | SUCCESS  | __main__:run:181 - 🎯 Found 1 opportunities!
2026-04-08 12:28:49.631 | WARNING  | __main__:safety_check:119 - 🔒 TEST MODE ENABLED - No real trades will execute
2026-04-08 12:28:59.646 | INFO     | __main__:scan_all_opportunities:97 - 🔍 Scanning for opportunities...
2026-04-08 12:29:09.652 | INFO     | __main__:scan_all_opportunities:97 - 🔍 Scanning for opportunities...
2026-04-08 12:29:09.654 | INFO     | __main__:scan_all_opportunities:111 - 📊 Test opportunity: 0.98%
2026-04-08 12:29:09.658 | SUCCESS  | __main__:run:181 - 🎯 Found 1 opportunities!
2026-04-08 12:29:09.661 | WARNING  | __main__:safety_check:119 - 🔒 TEST MODE ENABLED - No real trades will execute
2026-04-08 12:29:19.689 | INFO     | __main__:scan_all_opportunities:97 - 🔍 Scanning for opportunities...
2026-04-08 12:29:19.692 | INFO     | __main__:scan_all_opportunities:111 - 📊 Test opportunity: 1.19%
2026-04-08 12:29:19.696 | SUCCESS  | __main__:run:181 - 🎯 Found 1 opportunities!
2026-04-08 12:29:19.699 | WARNING  | __main__:safety_check:119 - 🔒 TEST MODE ENABLED - No real trades will execute
2026-04-08 12:29:29.714 | INFO     | __main__:scan_all_opportunities:97 - 🔍 Scanning for opportunities...
2026-04-08 12:29:29.718 | INFO     | __main__:scan_all_opportunities:111 - 📊 Test opportunity: 0.85%
2026-04-08 12:29:29.721 | SUCCESS  | __main__:run:181 - 🎯 Found 1 opportunities!
2026-04-08 12:29:29.724 | WARNING  | __main__:safety_check:119 - 🔒 TEST MODE ENABLED - No real trades will execute
2026-04-08 12:29:39.730 | INFO     | __main__:scan_all_opportunities:97 - 🔍 Scanning for opportunities...
2026-04-08 12:29:39.734 | INFO     | __main__:scan_all_opportunities:111 - 📊 Test opportunity: 1.22%
2026-04-08 12:29:39.737 | SUCCESS  | __main__:run:181 - 🎯 Found 1 opportunities!
2026-04-08 12:29:39.739 | WARNING  | __main__:safety_check:119 - 🔒 TEST MODE ENABLED - No real trades will execute
2026-04-08 12:29:49.758 | INFO     | __main__:scan_all_opportunities:97 - 🔍 Scanning for opportunities...
2026-04-08 12:29:59.767 | INFO     | __main__:scan_all_opportunities:97 - 🔍 Scanning for opportunities...
2026-04-08 12:29:59.770 | INFO     | __main__:scan_all_opportunities:111 - 📊 Test opportunity: 1.23%
2026-04-08 12:29:59.773 | SUCCESS  | __main__:run:181 - 🎯 Found 1 opportunities!
2026-04-08 12:29:59.776 | WARNING  | __main__:safety_check:119 - 🔒 TEST MODE ENABLED - No real trades will execute
2026-04-08 12:30:09.785 | INFO     | __main__:scan_all_opportunities:97 - 🔍 Scanning for opportunities...
2026-04-08 12:30:09.788 | INFO     | __main__:scan_all_opportunities:111 - 📊 Test opportunity: 0.97%
2026-04-08 12:30:09.791 | SUCCESS  | __main__:run:181 - 🎯 Found 1 opportunities!
2026-04-08 12:30:09.795 | WARNING  | __main__:safety_check:119 - 🔒 TEST MODE ENABLED - No real trades will execute
2026-04-08 12:30:19.804 | INFO     | __main__:scan_all_opportunities:97 - 🔍 Scanning for opportunities...
2026-04-08 12:30:19.807 | INFO     | __main__:scan_all_opportunities:111 - 📊 Test opportunity: 1.38%
2026-04-08 12:30:19.810 | SUCCESS  | __main__:run:181 - 🎯 Found 1 opportunities!
2026-04-08 12:30:19.813 | WARNING  | __main__:safety_check:119 - 🔒 TEST MODE ENABLED - No real trades will execute
2026-04-08 12:30:29.831 | INFO     | __main__:scan_all_opportunities:97 - 🔍 Scanning for opportunities...
2026-04-08 12:30:29.836 | INFO     | __main__:scan_all_opportunities:111 - 📊 Test opportunity: 1.28%
2026-04-08 12:30:29.840 | SUCCESS  | __main__:run:181 - 🎯 Found 1 opportunities!
2026-04-08 12:30:29.847 | WARNING  | __main__:safety_check:119 - 🔒 TEST MODE ENABLED - No real trades will execute
2026-04-08 12:30:39.861 | INFO     | __main__:scan_all_opportunities:97 - 🔍 Scanning for opportunities...
2026-04-08 12:30:39.864 | INFO     | __main__:scan_all_opportunities:111 - 📊 Test opportunity: 0.76%
2026-04-08 12:30:39.867 | SUCCESS  | __main__:run:181 - 🎯 Found 1 opportunities!
2026-04-08 12:30:39.869 | WARNING  | __main__:safety_check:119 - 🔒 TEST MODE ENABLED - No real trades will execute
2026-04-08 12:30:49.884 | INFO     | __main__:scan_all_opportunities:97 - 🔍 Scanning for opportunities...
2026-04-08 12:30:49.887 | INFO     | __main__:scan_all_opportunities:111 - 📊 Test opportunity: 0.89%
2026-04-08 12:30:49.890 | SUCCESS  | __main__:run:181 - 🎯 Found 1 opportunities!
2026-04-08 12:30:49.892 | WARNING  | __main__:safety_check:119 - 🔒 TEST MODE ENABLED - No real trades will execute
2026-04-08 12:30:59.910 | INFO     | __main__:scan_all_opportunities:97 - 🔍 Scanning for opportunities...
2026-04-08 12:30:59.913 | INFO     | __main__:scan_all_opportunities:111 - 📊 Test opportunity: 0.69%
2026-04-08 12:30:59.916 | SUCCESS  | __main__:run:181 - 🎯 Found 1 opportunities!
2026-04-08 12:30:59.918 | WARNING  | __main__:safety_check:119 - 🔒 TEST MODE ENABLED - No real trades will execute
2026-04-08 12:31:09.946 | INFO     | __main__:scan_all_opportunities:97 - 🔍 Scanning for opportunities...
2026-04-08 12:31:09.954 | INFO     | __main__:scan_all_opportunities:111 - 📊 Test opportunity: 0.55%
2026-04-08 12:31:10.000 | SUCCESS  | __main__:run:181 - 🎯 Found 1 opportunities!
2026-04-08 12:31:10.031 | WARNING  | __main__:safety_check:119 - 🔒 TEST MODE ENABLED - No real trades will execute
2026-04-08 12:31:20.094 | INFO     | __main__:scan_all_opportunities:97 - 🔍 Scanning for opportunities...
2026-04-08 12:31:20.098 | INFO     | __main__:scan_all_opportunities:111 - 📊 Test opportunity: 0.54%
2026-04-08 12:31:20.101 | SUCCESS  | __main__:run:181 - 🎯 Found 1 opportunities!
2026-04-08 12:31:20.104 | WARNING  | __main__:safety_check:119 - 🔒 TEST MODE ENABLED - No real trades will execute
2026-04-08 12:31:30.117 | INFO     | __main__:scan_all_opportunities:97 - 🔍 Scanning for opportunities...
2026-04-08 12:31:30.121 | INFO     | __main__:scan_all_opportunities:111 - 📊 Test opportunity: 1.00%
2026-04-08 12:31:30.123 | SUCCESS  | __main__:run:181 - 🎯 Found 1 opportunities!
2026-04-08 12:31:30.126 | WARNING  | __main__:safety_check:119 - 🔒 TEST MODE ENABLED - No real trades will execute
2026-04-08 12:31:40.135 | INFO     | __main__:scan_all_opportunities:97 - 🔍 Scanning for opportunities...
2026-04-08 12:31:40.138 | INFO     | __main__:scan_all_opportunities:111 - 📊 Test opportunity: 1.21%
2026-04-08 12:31:40.141 | SUCCESS  | __main__:run:181 - 🎯 Found 1 opportunities!
2026-04-08 12:31:40.144 | WARNING  | __main__:safety_check:119 - 🔒 TEST MODE ENABLED - No real trades will execute
2026-04-08 12:31:50.161 | INFO     | __main__:scan_all_opportunities:97 - 🔍 Scanning for opportunities...
2026-04-08 12:31:50.164 | INFO     | __main__:scan_all_opportunities:111 - 📊 Test opportunity: 1.01%
2026-04-08 12:31:50.167 | SUCCESS  | __main__:run:181 - 🎯 Found 1 opportunities!
2026-04-08 12:31:50.170 | WARNING  | __main__:safety_check:119 - 🔒 TEST MODE ENABLED - No real trades will execute
2026-04-08 12:32:00.177 | INFO     | __main__:scan_all_opportunities:97 - 🔍 Scanning for opportunities...
2026-04-08 12:32:00.181 | INFO     | __main__:scan_all_opportunities:111 - 📊 Test opportunity: 1.40%
2026-04-08 12:32:00.184 | SUCCESS  | __main__:run:181 - 🎯 Found 1 opportunities!
2026-04-08 12:32:00.187 | WARNING  | __main__:safety_check:119 - 🔒 TEST MODE ENABLED - No real trades will execute
2026-04-08 12:32:10.200 | INFO     | __main__:scan_all_opportunities:97 - 🔍 Scanning for opportunities...
2026-04-08 12:32:10.203 | INFO     | __main__:scan_all_opportunities:111 - 📊 Test opportunity: 0.75%
2026-04-08 12:32:10.206 | SUCCESS  | __main__:run:181 - 🎯 Found 1 opportunities!
2026-04-08 12:32:10.208 | WARNING  | __main__:safety_check:119 - 🔒 TEST MODE ENABLED - No real trades will execute
2026-04-08 12:32:20.219 | INFO     | __main__:scan_all_opportunities:97 - 🔍 Scanning for opportunities...
2026-04-08 12:32:30.229 | INFO     | __main__:scan_all_opportunities:97 - 🔍 Scanning for opportunities...
2026-04-08 12:32:30.232 | INFO     | __main__:scan_all_opportunities:111 - 📊 Test opportunity: 0.55%
2026-04-08 12:32:30.235 | SUCCESS  | __main__:run:181 - 🎯 Found 1 opportunities!
2026-04-08 12:32:30.238 | WARNING  | __main__:safety_check:119 - 🔒 TEST MODE ENABLED - No real trades will execute
2026-04-08 12:32:40.261 | INFO     | __main__:scan_all_opportunities:97 - 🔍 Scanning for opportunities...
2026-04-08 12:32:40.265 | INFO     | __main__:scan_all_opportunities:111 - 📊 Test opportunity: 1.50%
2026-04-08 12:32:40.268 | SUCCESS  | __main__:run:181 - 🎯 Found 1 opportunities!
2026-04-08 12:32:40.271 | WARNING  | __main__:safety_check:119 - 🔒 TEST MODE ENABLED - No real trades will execute
2026-04-08 12:32:50.276 | INFO     | __main__:scan_all_opportunities:97 - 🔍 Scanning for opportunities...
2026-04-08 12:33:00.287 | INFO     | __main__:scan_all_opportunities:97 - 🔍 Scanning for opportunities...
2026-04-08 12:33:00.291 | INFO     | __main__:scan_all_opportunities:111 - 📊 Test opportunity: 1.44%
2026-04-08 12:33:00.294 | SUCCESS  | __main__:run:181 - 🎯 Found 1 opportunities!
2026-04-08 12:33:00.297 | WARNING  | __main__:safety_check:119 - 🔒 TEST MODE ENABLED - No real trades will execute
2026-04-08 12:33:10.313 | INFO     | __main__:scan_all_opportunities:97 - 🔍 Scanning for opportunities...
2026-04-08 12:33:10.316 | INFO     | __main__:scan_all_opportunities:111 - 📊 Test opportunity: 1.19%
2026-04-08 12:33:10.319 | SUCCESS  | __main__:run:181 - 🎯 Found 1 opportunities!
2026-04-08 12:33:10.322 | WARNING  | __main__:safety_check:119 - 🔒 TEST MODE ENABLED - No real trades will execute
2026-04-08 12:33:20.336 | INFO     | __main__:scan_all_opportunities:97 - 🔍 Scanning for opportunities...
2026-04-08 12:33:20.339 | INFO     | __main__:scan_all_opportunities:111 - 📊 Test opportunity: 1.03%
2026-04-08 12:33:20.342 | SUCCESS  | __main__:run:181 - 🎯 Found 1 opportunities!
2026-04-08 12:33:20.345 | WARNING  | __main__:safety_check:119 - 🔒 TEST MODE ENABLED - No real trades will execute
2026-04-08 12:33:30.359 | INFO     | __main__:scan_all_opportunities:97 - 🔍 Scanning for opportunities...
2026-04-08 12:33:30.363 | INFO     | __main__:scan_all_opportunities:111 - 📊 Test opportunity: 0.65%
2026-04-08 12:33:30.366 | SUCCESS  | __main__:run:181 - 🎯 Found 1 opportunities!
2026-04-08 12:33:30.369 | WARNING  | __main__:safety_check:119 - 🔒 TEST MODE ENABLED - No real trades will execute
2026-04-08 12:33:40.383 | INFO     | __main__:scan_all_opportunities:97 - 🔍 Scanning for opportunities...
2026-04-08 12:33:40.387 | INFO     | __main__:scan_all_opportunities:111 - 📊 Test opportunity: 1.04%
2026-04-08 12:33:40.390 | SUCCESS  | __main__:run:181 - 🎯 Found 1 opportunities!
2026-04-08 12:33:40.393 | WARNING  | __main__:safety_check:119 - 🔒 TEST MODE ENABLED - No real trades will execute
2026-04-08 12:33:50.405 | INFO     | __main__:scan_all_opportunities:97 - 🔍 Scanning for opportunities...
2026-04-08 12:33:50.408 | INFO     | __main__:scan_all_opportunities:111 - 📊 Test opportunity: 0.98%
2026-04-08 12:33:50.410 | SUCCESS  | __main__:run:181 - 🎯 Found 1 opportunities!
2026-04-08 12:33:50.413 | WARNING  | __main__:safety_check:119 - 🔒 TEST MODE ENABLED - No real trades will execute
2026-04-08 12:34:00.427 | INFO     | __main__:scan_all_opportunities:97 - 🔍 Scanning for opportunities...
2026-04-08 12:34:00.430 | INFO     | __main__:scan_all_opportunities:111 - 📊 Test opportunity: 1.03%
2026-04-08 12:34:00.433 | SUCCESS  | __main__:run:181 - 🎯 Found 1 opportunities!
2026-04-08 12:34:00.436 | WARNING  | __main__:safety_check:119 - 🔒 TEST MODE ENABLED - No real trades will execute
2026-04-08 12:34:10.450 | INFO     | __main__:scan_all_opportunities:97 - 🔍 Scanning for opportunities...
2026-04-08 12:34:10.454 | INFO     | __main__:scan_all_opportunities:111 - 📊 Test opportunity: 0.96%
2026-04-08 12:34:10.457 | SUCCESS  | __main__:run:181 - 🎯 Found 1 opportunities!
2026-04-08 12:34:10.460 | WARNING  | __main__:safety_check:119 - 🔒 TEST MODE ENABLED - No real trades will execute
2026-04-08 12:34:20.492 | INFO     | __main__:scan_all_opportunities:97 - 🔍 Scanning for opportunities...
2026-04-08 12:34:20.496 | INFO     | __main__:scan_all_opportunities:111 - 📊 Test opportunity: 0.84%
2026-04-08 12:34:20.498 | SUCCESS  | __main__:run:181 - 🎯 Found 1 opportunities!
2026-04-08 12:34:20.501 | WARNING  | __main__:safety_check:119 - 🔒 TEST MODE ENABLED - No real trades will execute
2026-04-08 12:34:30.514 | INFO     | __main__:scan_all_opportunities:97 - 🔍 Scanning for opportunities...
2026-04-08 12:34:40.519 | INFO     | __main__:scan_all_opportunities:97 - 🔍 Scanning for opportunities...
2026-04-08 12:34:40.524 | INFO     | __main__:scan_all_opportunities:111 - 📊 Test opportunity: 0.57%
2026-04-08 12:34:40.527 | SUCCESS  | __main__:run:181 - 🎯 Found 1 opportunities!
2026-04-08 12:34:40.529 | WARNING  | __main__:safety_check:119 - 🔒 TEST MODE ENABLED - No real trades will execute
2026-04-08 12:34:50.540 | INFO     | __main__:scan_all_opportunities:97 - 🔍 Scanning for opportunities...
2026-04-08 12:34:50.543 | INFO     | __main__:scan_all_opportunities:111 - 📊 Test opportunity: 1.28%
2026-04-08 12:34:50.546 | SUCCESS  | __main__:run:181 - 🎯 Found 1 opportunities!
2026-04-08 12:34:50.548 | WARNING  | __main__:safety_check:119 - 🔒 TEST MODE ENABLED - No real trades will execute
2026-04-08 12:35:00.565 | INFO     | __main__:scan_all_opportunities:97 - 🔍 Scanning for opportunities...
2026-04-08 12:35:10.581 | INFO     | __main__:scan_all_opportunities:97 - 🔍 Scanning for opportunities...
2026-04-08 12:35:10.585 | INFO     | __main__:scan_all_opportunities:111 - 📊 Test opportunity: 1.44%
2026-04-08 12:35:10.592 | SUCCESS  | __main__:run:181 - 🎯 Found 1 opportunities!
2026-04-08 12:35:10.602 | WARNING  | __main__:safety_check:119 - 🔒 TEST MODE ENABLED - No real trades will execute
2026-04-08 12:35:20.606 | INFO     | __main__:scan_all_opportunities:97 - 🔍 Scanning for opportunities...
2026-04-08 12:35:20.610 | INFO     | __main__:scan_all_opportunities:111 - 📊 Test opportunity: 1.26%
2026-04-08 12:35:20.613 | SUCCESS  | __main__:run:181 - 🎯 Found 1 opportunities!
2026-04-08 12:35:20.616 | WARNING  | __main__:safety_check:119 - 🔒 TEST MODE ENABLED - No real trades will execute
2026-04-08 12:35:30.629 | INFO     | __main__:scan_all_opportunities:97 - 🔍 Scanning for opportunities...
2026-04-08 12:35:40.642 | INFO     | __main__:scan_all_opportunities:97 - 🔍 Scanning for opportunities...
2026-04-08 12:35:40.647 | INFO     | __main__:scan_all_opportunities:111 - 📊 Test opportunity: 0.60%
2026-04-08 12:35:40.649 | SUCCESS  | __main__:run:181 - 🎯 Found 1 opportunities!
2026-04-08 12:35:40.652 | WARNING  | __main__:safety_check:119 - 🔒 TEST MODE ENABLED - No real trades will execute
2026-04-08 12:35:50.655 | INFO     | __main__:scan_all_opportunities:97 - 🔍 Scanning for opportunities...
2026-04-08 12:36:00.679 | INFO     | __main__:scan_all_opportunities:97 - 🔍 Scanning for opportunities...
2026-04-08 12:36:00.683 | INFO     | __main__:scan_all_opportunities:111 - 📊 Test opportunity: 1.14%
2026-04-08 12:36:00.689 | SUCCESS  | __main__:run:181 - 🎯 Found 1 opportunities!
2026-04-08 12:36:00.694 | WARNING  | __main__:safety_check:119 - 🔒 TEST MODE ENABLED - No real trades will execute
2026-04-08 18:02:25.838 | INFO     | __main__:scan_all_opportunities:97 - 🔍 Scanning for opportunities...
2026-04-08 18:02:25.958 | INFO     | __main__:scan_all_opportunities:111 - 📊 Test opportunity: 1.42%
2026-04-08 18:02:26.154 | SUCCESS  | __main__:run:181 - 🎯 Found 1 opportunities!
2026-04-08 18:02:26.239 | WARNING  | __main__:safety_check:119 - 🔒 TEST MODE ENABLED - No real trades will execute
2026-04-08 18:02:36.332 | INFO     | __main__:scan_all_opportunities:97 - 🔍 Scanning for opportunities...
2026-04-08 18:02:36.338 | INFO     | __main__:scan_all_opportunities:111 - 📊 Test opportunity: 1.27%
2026-04-08 18:02:36.379 | SUCCESS  | __main__:run:181 - 🎯 Found 1 opportunities!
2026-04-08 18:02:36.403 | WARNING  | __main__:safety_check:119 - 🔒 TEST MODE ENABLED - No real trades will execute
2026-04-08 18:02:46.475 | INFO     | __main__:scan_all_opportunities:97 - 🔍 Scanning for opportunities...
2026-04-08 18:02:46.647 | INFO     | __main__:scan_all_opportunities:111 - 📊 Test opportunity: 0.98%
2026-04-08 18:02:46.797 | SUCCESS  | __main__:run:181 - 🎯 Found 1 opportunities!
2026-04-08 18:02:46.830 | WARNING  | __main__:safety_check:119 - 🔒 TEST MODE ENABLED - No real trades will execute
2026-04-08 18:02:56.900 | INFO     | __main__:scan_all_opportunities:97 - 🔍 Scanning for opportunities...
2026-04-08 18:02:56.930 | INFO     | __main__:scan_all_opportunities:111 - 📊 Test opportunity: 0.69%
2026-04-08 18:02:56.974 | SUCCESS  | __main__:run:181 - 🎯 Found 1 opportunities!
2026-04-08 18:02:57.088 | WARNING  | __main__:safety_check:119 - 🔒 TEST MODE ENABLED - No real trades will execute
2026-04-08 18:03:07.153 | INFO     | __main__:scan_all_opportunities:97 - 🔍 Scanning for opportunities...
2026-04-08 18:03:17.162 | INFO     | __main__:scan_all_opportunities:97 - 🔍 Scanning for opportunities...
2026-04-08 18:03:17.165 | INFO     | __main__:scan_all_opportunities:111 - 📊 Test opportunity: 0.67%
2026-04-08 18:03:17.166 | SUCCESS  | __main__:run:181 - 🎯 Found 1 opportunities!
2026-04-08 18:03:17.166 | WARNING  | __main__:safety_check:119 - 🔒 TEST MODE ENABLED - No real trades will execute
2026-04-08 18:03:27.171 | INFO     | __main__:scan_all_opportunities:97 - 🔍 Scanning for opportunities...
2026-04-08 18:03:37.182 | INFO     | __main__:scan_all_opportunities:97 - 🔍 Scanning for opportunities...
2026-04-08 18:03:37.183 | INFO     | __main__:scan_all_opportunities:111 - 📊 Test opportunity: 0.99%
2026-04-08 18:03:37.184 | SUCCESS  | __main__:run:181 - 🎯 Found 1 opportunities!
2026-04-08 18:03:37.185 | WARNING  | __main__:safety_check:119 - 🔒 TEST MODE ENABLED - No real trades will execute
2026-04-08 18:03:47.195 | INFO     | __main__:scan_all_opportunities:97 - 🔍 Scanning for opportunities...
2026-04-08 18:03:47.197 | INFO     | __main__:scan_all_opportunities:111 - 📊 Test opportunity: 0.85%
2026-04-08 18:03:47.198 | SUCCESS  | __main__:run:181 - 🎯 Found 1 opportunities!
2026-04-08 18:03:47.199 | WARNING  | __main__:safety_check:119 - 🔒 TEST MODE ENABLED - No real trades will execute
2026-04-08 18:03:57.215 | INFO     | __main__:scan_all_opportunities:97 - 🔍 Scanning for opportunities...
2026-04-08 18:03:57.216 | INFO     | __main__:scan_all_opportunities:111 - 📊 Test opportunity: 0.69%
2026-04-08 18:03:57.217 | SUCCESS  | __main__:run:181 - 🎯 Found 1 opportunities!
2026-04-08 18:03:57.218 | WARNING  | __main__:safety_check:119 - 🔒 TEST MODE ENABLED - No real trades will execute
2026-04-08 18:04:07.223 | INFO     | __main__:scan_all_opportunities:97 - 🔍 Scanning for opportunities...
2026-04-08 18:04:07.224 | INFO     | __main__:scan_all_opportunities:111 - 📊 Test opportunity: 1.08%
2026-04-08 18:04:07.225 | SUCCESS  | __main__:run:181 - 🎯 Found 1 opportunities!
2026-04-08 18:04:07.225 | WARNING  | __main__:safety_check:119 - 🔒 TEST MODE ENABLED - No real trades will execute
2026-04-08 18:04:17.233 | INFO     | __main__:scan_all_opportunities:97 - 🔍 Scanning for opportunities...
2026-04-08 18:04:17.235 | INFO     | __main__:scan_all_opportunities:111 - 📊 Test opportunity: 0.70%
2026-04-08 18:04:17.236 | SUCCESS  | __main__:run:181 - 🎯 Found 1 opportunities!
2026-04-08 18:04:17.237 | WARNING  | __main__:safety_check:119 - 🔒 TEST MODE ENABLED - No real trades will execute
2026-04-08 18:04:27.249 | INFO     | __main__:scan_all_opportunities:97 - 🔍 Scanning for opportunities...
2026-04-08 18:04:27.251 | INFO     | __main__:scan_all_opportunities:111 - 📊 Test opportunity: 1.19%
2026-04-08 18:04:27.252 | SUCCESS  | __main__:run:181 - 🎯 Found 1 opportunities!
2026-04-08 18:04:27.252 | WARNING  | __main__:safety_check:119 - 🔒 TEST MODE ENABLED - No real trades will execute
2026-04-08 18:04:37.261 | INFO     | __main__:scan_all_opportunities:97 - 🔍 Scanning for opportunities...
2026-04-08 18:04:37.268 | INFO     | __main__:scan_all_opportunities:111 - 📊 Test opportunity: 0.58%
2026-04-08 18:04:37.270 | SUCCESS  | __main__:run:181 - 🎯 Found 1 opportunities!
2026-04-08 18:04:37.272 | WARNING  | __main__:safety_check:119 - 🔒 TEST MODE ENABLED - No real trades will execute
2026-04-08 18:04:47.289 | INFO     | __main__:scan_all_opportunities:97 - 🔍 Scanning for opportunities...
2026-04-08 18:04:47.290 | INFO     | __main__:scan_all_opportunities:111 - 📊 Test opportunity: 1.05%
2026-04-08 18:04:47.291 | SUCCESS  | __main__:run:181 - 🎯 Found 1 opportunities!
2026-04-08 18:04:47.292 | WARNING  | __main__:safety_check:119 - 🔒 TEST MODE ENABLED - No real trades will execute
2026-04-08 18:04:57.306 | INFO     | __main__:scan_all_opportunities:97 - 🔍 Scanning for opportunities...
2026-04-08 18:04:57.308 | INFO     | __main__:scan_all_opportunities:111 - 📊 Test opportunity: 0.65%
2026-04-08 18:04:57.309 | SUCCESS  | __main__:run:181 - 🎯 Found 1 opportunities!
2026-04-08 18:04:57.310 | WARNING  | __main__:safety_check:119 - 🔒 TEST MODE ENABLED - No real trades will execute
2026-04-08 18:05:07.317 | INFO     | __main__:scan_all_opportunities:97 - 🔍 Scanning for opportunities...
2026-04-08 18:05:17.322 | INFO     | __main__:scan_all_opportunities:97 - 🔍 Scanning for opportunities...
2026-04-08 18:05:17.323 | INFO     | __main__:scan_all_opportunities:111 - 📊 Test opportunity: 0.60%
2026-04-08 18:05:17.324 | SUCCESS  | __main__:run:181 - 🎯 Found 1 opportunities!
2026-04-08 18:05:17.325 | WARNING  | __main__:safety_check:119 - 🔒 TEST MODE ENABLED - No real trades will execute
2026-04-08 18:05:27.333 | INFO     | __main__:scan_all_opportunities:97 - 🔍 Scanning for opportunities...
2026-04-08 18:05:27.334 | INFO     | __main__:scan_all_opportunities:111 - 📊 Test opportunity: 0.85%
2026-04-08 18:05:27.335 | SUCCESS  | __main__:run:181 - 🎯 Found 1 opportunities!
2026-04-08 18:05:27.336 | WARNING  | __main__:safety_check:119 - 🔒 TEST MODE ENABLED - No real trades will execute
2026-04-08 18:05:37.352 | INFO     | __main__:scan_all_opportunities:97 - 🔍 Scanning for opportunities...
2026-04-08 18:05:37.353 | INFO     | __main__:scan_all_opportunities:111 - 📊 Test opportunity: 1.32%
2026-04-08 18:05:37.354 | SUCCESS  | __main__:run:181 - 🎯 Found 1 opportunities!
2026-04-08 18:05:37.355 | WARNING  | __main__:safety_check:119 - 🔒 TEST MODE ENABLED - No real trades will execute
2026-04-08 18:05:47.364 | INFO     | __main__:scan_all_opportunities:97 - 🔍 Scanning for opportunities...
2026-04-08 18:05:47.365 | INFO     | __main__:scan_all_opportunities:111 - 📊 Test opportunity: 1.37%
2026-04-08 18:05:47.366 | SUCCESS  | __main__:run:181 - 🎯 Found 1 opportunities!
2026-04-08 18:05:47.367 | WARNING  | __main__:safety_check:119 - 🔒 TEST MODE ENABLED - No real trades will execute
2026-04-08 18:05:57.375 | INFO     | __main__:scan_all_opportunities:97 - 🔍 Scanning for opportunities...
2026-04-08 18:05:57.376 | INFO     | __main__:scan_all_opportunities:111 - 📊 Test opportunity: 0.93%
2026-04-08 18:05:57.377 | SUCCESS  | __main__:run:181 - 🎯 Found 1 opportunities!
2026-04-08 18:05:57.378 | WARNING  | __main__:safety_check:119 - 🔒 TEST MODE ENABLED - No real trades will execute
2026-04-08 18:06:07.383 | INFO     | __main__:scan_all_opportunities:97 - 🔍 Scanning for opportunities...
2026-04-08 18:06:07.384 | INFO     | __main__:scan_all_opportunities:111 - 📊 Test opportunity: 0.67%
2026-04-08 18:06:07.385 | SUCCESS  | __main__:run:181 - 🎯 Found 1 opportunities!
2026-04-08 18:06:07.385 | WARNING  | __main__:safety_check:119 - 🔒 TEST MODE ENABLED - No real trades will execute
2026-04-08 18:06:17.390 | INFO     | __main__:scan_all_opportunities:97 - 🔍 Scanning for opportunities...
2026-04-08 18:06:17.391 | INFO     | __main__:scan_all_opportunities:111 - 📊 Test opportunity: 0.68%
2026-04-08 18:06:17.392 | SUCCESS  | __main__:run:181 - 🎯 Found 1 opportunities!
2026-04-08 18:06:17.393 | WARNING  | __main__:safety_check:119 - 🔒 TEST MODE ENABLED - No real trades will execute
2026-04-08 18:06:27.398 | INFO     | __main__:scan_all_opportunities:97 - 🔍 Scanning for opportunities...
2026-04-08 18:06:37.406 | INFO     | __main__:scan_all_opportunities:97 - 🔍 Scanning for opportunities...
2026-04-08 18:06:37.407 | INFO     | __main__:scan_all_opportunities:111 - 📊 Test opportunity: 1.40%
2026-04-08 18:06:37.408 | SUCCESS  | __main__:run:181 - 🎯 Found 1 opportunities!
2026-04-08 18:06:37.409 | WARNING  | __main__:safety_check:119 - 🔒 TEST MODE ENABLED - No real trades will execute
2026-04-08 18:06:47.414 | INFO     | __main__:scan_all_opportunities:97 - 🔍 Scanning for opportunities...
2026-04-08 18:06:47.416 | INFO     | __main__:scan_all_opportunities:111 - 📊 Test opportunity: 0.88%
2026-04-08 18:06:47.417 | SUCCESS  | __main__:run:181 - 🎯 Found 1 opportunities!
2026-04-08 18:06:47.418 | WARNING  | __main__:safety_check:119 - 🔒 TEST MODE ENABLED - No real trades will execute
2026-04-08 18:06:57.433 | INFO     | __main__:scan_all_opportunities:97 - 🔍 Scanning for opportunities...
2026-04-08 18:06:57.434 | INFO     | __main__:scan_all_opportunities:111 - 📊 Test opportunity: 0.93%
2026-04-08 18:06:57.435 | SUCCESS  | __main__:run:181 - 🎯 Found 1 opportunities!
2026-04-08 18:06:57.436 | WARNING  | __main__:safety_check:119 - 🔒 TEST MODE ENABLED - No real trades will execute
2026-04-08 18:07:07.442 | INFO     | __main__:scan_all_opportunities:97 - 🔍 Scanning for opportunities...
2026-04-08 18:07:07.443 | INFO     | __main__:scan_all_opportunities:111 - 📊 Test opportunity: 1.40%
2026-04-08 18:07:07.444 | SUCCESS  | __main__:run:181 - 🎯 Found 1 opportunities!
2026-04-08 18:07:07.444 | WARNING  | __main__:safety_check:119 - 🔒 TEST MODE ENABLED - No real trades will execute
2026-04-08 18:07:17.458 | INFO     | __main__:scan_all_opportunities:97 - 🔍 Scanning for opportunities...
2026-04-08 18:07:27.459 | INFO     | __main__:scan_all_opportunities:97 - 🔍 Scanning for opportunities...
2026-04-08 18:07:27.460 | INFO     | __main__:scan_all_opportunities:111 - 📊 Test opportunity: 0.80%
2026-04-08 18:07:27.461 | SUCCESS  | __main__:run:181 - 🎯 Found 1 opportunities!
2026-04-08 18:07:27.462 | WARNING  | __main__:safety_check:119 - 🔒 TEST MODE ENABLED - No real trades will execute
2026-04-08 18:07:37.465 | INFO     | __main__:scan_all_opportunities:97 - 🔍 Scanning for opportunities...
2026-04-08 18:07:37.466 | INFO     | __main__:scan_all_opportunities:111 - 📊 Test opportunity: 1.43%
2026-04-08 18:07:37.467 | SUCCESS  | __main__:run:181 - 🎯 Found 1 opportunities!
2026-04-08 18:07:37.469 | WARNING  | __main__:safety_check:119 - 🔒 TEST MODE ENABLED - No real trades will execute
2026-04-08 18:07:47.485 | INFO     | __main__:scan_all_opportunities:97 - 🔍 Scanning for opportunities...
2026-04-08 18:07:47.486 | INFO     | __main__:scan_all_opportunities:111 - 📊 Test opportunity: 0.90%
2026-04-08 18:07:47.487 | SUCCESS  | __main__:run:181 - 🎯 Found 1 opportunities!
2026-04-08 18:07:47.488 | WARNING  | __main__:safety_check:119 - 🔒 TEST MODE ENABLED - No real trades will execute
2026-04-08 18:07:57.491 | INFO     | __main__:scan_all_opportunities:97 - 🔍 Scanning for opportunities...
2026-04-08 18:07:57.492 | INFO     | __main__:scan_all_opportunities:111 - 📊 Test opportunity: 0.81%
2026-04-08 18:07:57.493 | SUCCESS  | __main__:run:181 - 🎯 Found 1 opportunities!
2026-04-08 18:07:57.494 | WARNING  | __main__:safety_check:119 - 🔒 TEST MODE ENABLED - No real trades will execute
2026-04-08 18:08:07.499 | INFO     | __main__:scan_all_opportunities:97 - 🔍 Scanning for opportunities...
2026-04-08 18:08:17.503 | INFO     | __main__:scan_all_opportunities:97 - 🔍 Scanning for opportunities...
2026-04-08 18:08:17.504 | INFO     | __main__:scan_all_opportunities:111 - 📊 Test opportunity: 0.85%
2026-04-08 18:08:17.505 | SUCCESS  | __main__:run:181 - 🎯 Found 1 opportunities!
2026-04-08 18:08:17.506 | WARNING  | __main__:safety_check:119 - 🔒 TEST MODE ENABLED - No real trades will execute
2026-04-08 18:08:27.511 | INFO     | __main__:scan_all_opportunities:97 - 🔍 Scanning for opportunities...
2026-04-08 18:08:27.512 | INFO     | __main__:scan_all_opportunities:111 - 📊 Test opportunity: 0.94%
2026-04-08 18:08:27.513 | SUCCESS  | __main__:run:181 - 🎯 Found 1 opportunities!
2026-04-08 18:08:27.514 | WARNING  | __main__:safety_check:119 - 🔒 TEST MODE ENABLED - No real trades will execute
2026-04-08 18:08:37.519 | INFO     | __main__:scan_all_opportunities:97 - 🔍 Scanning for opportunities...
2026-04-08 18:08:37.520 | INFO     | __main__:scan_all_opportunities:111 - 📊 Test opportunity: 1.47%
2026-04-08 18:08:37.521 | SUCCESS  | __main__:run:181 - 🎯 Found 1 opportunities!
2026-04-08 18:08:37.522 | WARNING  | __main__:safety_check:119 - 🔒 TEST MODE ENABLED - No real trades will execute
2026-04-08 18:08:47.535 | INFO     | __main__:scan_all_opportunities:97 - 🔍 Scanning for opportunities...
2026-04-08 18:08:47.536 | INFO     | __main__:scan_all_opportunities:111 - 📊 Test opportunity: 0.96%
2026-04-08 18:08:47.538 | SUCCESS  | __main__:run:181 - 🎯 Found 1 opportunities!
2026-04-08 18:08:47.539 | WARNING  | __main__:safety_check:119 - 🔒 TEST MODE ENABLED - No real trades will execute
2026-04-08 18:08:57.547 | INFO     | __main__:scan_all_opportunities:97 - 🔍 Scanning for opportunities...
2026-04-08 18:09:07.555 | INFO     | __main__:scan_all_opportunities:97 - 🔍 Scanning for opportunities...
2026-04-08 18:09:07.557 | INFO     | __main__:scan_all_opportunities:111 - 📊 Test opportunity: 0.96%
2026-04-08 18:09:07.558 | SUCCESS  | __main__:run:181 - 🎯 Found 1 opportunities!
2026-04-08 18:09:07.559 | WARNING  | __main__:safety_check:119 - 🔒 TEST MODE ENABLED - No real trades will execute
2026-04-08 18:09:17.576 | INFO     | __main__:scan_all_opportunities:97 - 🔍 Scanning for opportunities...
2026-04-08 18:09:17.577 | INFO     | __main__:scan_all_opportunities:111 - 📊 Test opportunity: 0.51%
2026-04-08 18:09:17.578 | SUCCESS  | __main__:run:181 - 🎯 Found 1 opportunities!
2026-04-08 18:09:17.579 | WARNING  | __main__:safety_check:119 - 🔒 TEST MODE ENABLED - No real trades will execute
2026-04-08 18:09:27.583 | INFO     | __main__:scan_all_opportunities:97 - 🔍 Scanning for opportunities...
2026-04-08 18:09:37.595 | INFO     | __main__:scan_all_opportunities:97 - 🔍 Scanning for opportunities...
2026-04-08 18:09:37.597 | INFO     | __main__:scan_all_opportunities:111 - 📊 Test opportunity: 1.14%
2026-04-08 18:09:37.598 | SUCCESS  | __main__:run:181 - 🎯 Found 1 opportunities!
2026-04-08 18:09:37.599 | WARNING  | __main__:safety_check:119 - 🔒 TEST MODE ENABLED - No real trades will execute
2026-04-08 18:09:47.602 | INFO     | __main__:scan_all_opportunities:97 - 🔍 Scanning for opportunities...
2026-04-08 18:09:47.603 | INFO     | __main__:scan_all_opportunities:111 - 📊 Test opportunity: 1.48%
2026-04-08 18:09:47.604 | SUCCESS  | __main__:run:181 - 🎯 Found 1 opportunities!
2026-04-08 18:09:47.605 | WARNING  | __main__:safety_check:119 - 🔒 TEST MODE ENABLED - No real trades will execute
2026-04-08 18:09:57.610 | INFO     | __main__:scan_all_opportunities:97 - 🔍 Scanning for opportunities...
2026-04-08 18:10:07.614 | INFO     | __main__:scan_all_opportunities:97 - 🔍 Scanning for opportunities...
2026-04-08 18:10:17.616 | INFO     | __main__:scan_all_opportunities:97 - 🔍 Scanning for opportunities...
2026-04-08 18:10:17.617 | INFO     | __main__:scan_all_opportunities:111 - 📊 Test opportunity: 0.59%
2026-04-08 18:10:17.618 | SUCCESS  | __main__:run:181 - 🎯 Found 1 opportunities!
2026-04-08 18:10:17.619 | WARNING  | __main__:safety_check:119 - 🔒 TEST MODE ENABLED - No real trades will execute
2026-04-08 18:10:27.631 | INFO     | __main__:scan_all_opportunities:97 - 🔍 Scanning for opportunities...
2026-04-08 18:10:37.646 | INFO     | __main__:scan_all_opportunities:97 - 🔍 Scanning for opportunities...
2026-04-08 18:10:37.647 | INFO     | __main__:scan_all_opportunities:111 - 📊 Test opportunity: 1.16%
2026-04-08 18:10:37.648 | SUCCESS  | __main__:run:181 - 🎯 Found 1 opportunities!
2026-04-08 18:10:37.649 | WARNING  | __main__:safety_check:119 - 🔒 TEST MODE ENABLED - No real trades will execute
2026-04-08 18:10:47.659 | INFO     | __main__:scan_all_opportunities:97 - 🔍 Scanning for opportunities...
2026-04-08 18:10:57.662 | INFO     | __main__:scan_all_opportunities:97 - 🔍 Scanning for opportunities...
2026-04-08 18:10:57.664 | INFO     | __main__:scan_all_opportunities:111 - 📊 Test opportunity: 1.42%
2026-04-08 18:10:57.665 | SUCCESS  | __main__:run:181 - 🎯 Found 1 opportunities!
2026-04-08 18:10:57.666 | WARNING  | __main__:safety_check:119 - 🔒 TEST MODE ENABLED - No real trades will execute
2026-04-08 18:11:07.674 | INFO     | __main__:scan_all_opportunities:97 - 🔍 Scanning for opportunities...
2026-04-08 18:11:07.676 | INFO     | __main__:scan_all_opportunities:111 - 📊 Test opportunity: 1.47%
2026-04-08 18:11:07.677 | SUCCESS  | __main__:run:181 - 🎯 Found 1 opportunities!
2026-04-08 18:11:07.677 | WARNING  | __main__:safety_check:119 - 🔒 TEST MODE ENABLED - No real trades will execute
2026-04-08 18:11:17.684 | INFO     | __main__:scan_all_opportunities:97 - 🔍 Scanning for opportunities...
2026-04-08 18:11:17.685 | INFO     | __main__:scan_all_opportunities:111 - 📊 Test opportunity: 0.94%
2026-04-08 18:11:17.686 | SUCCESS  | __main__:run:181 - 🎯 Found 1 opportunities!
2026-04-08 18:11:17.686 | WARNING  | __main__:safety_check:119 - 🔒 TEST MODE ENABLED - No real trades will execute
2026-04-08 18:11:27.688 | INFO     | __main__:scan_all_opportunities:97 - 🔍 Scanning for opportunities...
2026-04-08 18:11:27.689 | INFO     | __main__:scan_all_opportunities:111 - 📊 Test opportunity: 0.82%
2026-04-08 18:11:27.690 | SUCCESS  | __main__:run:181 - 🎯 Found 1 opportunities!
2026-04-08 18:11:27.691 | WARNING  | __main__:safety_check:119 - 🔒 TEST MODE ENABLED - No real trades will execute
2026-04-08 18:11:37.699 | INFO     | __main__:scan_all_opportunities:97 - 🔍 Scanning for opportunities...
2026-04-08 18:11:37.700 | INFO     | __main__:scan_all_opportunities:111 - 📊 Test opportunity: 0.71%
2026-04-08 18:11:37.701 | SUCCESS  | __main__:run:181 - 🎯 Found 1 opportunities!
2026-04-08 18:11:37.702 | WARNING  | __main__:safety_check:119 - 🔒 TEST MODE ENABLED - No real trades will execute
2026-04-08 18:11:47.713 | INFO     | __main__:scan_all_opportunities:97 - 🔍 Scanning for opportunities...
2026-04-08 18:11:47.716 | INFO     | __main__:scan_all_opportunities:111 - 📊 Test opportunity: 0.93%
2026-04-08 18:11:47.717 | SUCCESS  | __main__:run:181 - 🎯 Found 1 opportunities!
2026-04-08 18:11:47.721 | WARNING  | __main__:safety_check:119 - 🔒 TEST MODE ENABLED - No real trades will execute
2026-04-08 18:11:57.737 | INFO     | __main__:scan_all_opportunities:97 - 🔍 Scanning for opportunities...
2026-04-08 18:11:57.738 | INFO     | __main__:scan_all_opportunities:111 - 📊 Test opportunity: 0.59%
2026-04-08 18:11:57.739 | SUCCESS  | __main__:run:181 - 🎯 Found 1 opportunities!
2026-04-08 18:11:57.741 | WARNING  | __main__:safety_check:119 - 🔒 TEST MODE ENABLED - No real trades will execute
2026-04-08 18:12:07.750 | INFO     | __main__:scan_all_opportunities:97 - 🔍 Scanning for opportunities...
2026-04-08 18:12:17.770 | INFO     | __main__:scan_all_opportunities:97 - 🔍 Scanning for opportunities...
2026-04-08 18:12:17.772 | INFO     | __main__:scan_all_opportunities:111 - 📊 Test opportunity: 0.57%
2026-04-08 18:12:17.773 | SUCCESS  | __main__:run:181 - 🎯 Found 1 opportunities!
2026-04-08 18:12:17.774 | WARNING  | __main__:safety_check:119 - 🔒 TEST MODE ENABLED - No real trades will execute
2026-04-08 18:12:27.781 | INFO     | __main__:scan_all_opportunities:97 - 🔍 Scanning for opportunities...
2026-04-08 18:12:27.783 | INFO     | __main__:scan_all_opportunities:111 - 📊 Test opportunity: 0.67%
2026-04-08 18:12:27.784 | SUCCESS  | __main__:run:181 - 🎯 Found 1 opportunities!
2026-04-08 18:12:27.785 | WARNING  | __main__:safety_check:119 - 🔒 TEST MODE ENABLED - No real trades will execute
2026-04-08 18:12:37.801 | INFO     | __main__:scan_all_opportunities:97 - 🔍 Scanning for opportunities...
2026-04-08 18:12:37.802 | INFO     | __main__:scan_all_opportunities:111 - 📊 Test opportunity: 1.10%
2026-04-08 18:12:37.805 | SUCCESS  | __main__:run:181 - 🎯 Found 1 opportunities!
2026-04-08 18:12:37.806 | WARNING  | __main__:safety_check:119 - 🔒 TEST MODE ENABLED - No real trades will execute
2026-04-08 18:12:47.808 | INFO     | __main__:scan_all_opportunities:97 - 🔍 Scanning for opportunities...
2026-04-08 18:12:47.809 | INFO     | __main__:scan_all_opportunities:111 - 📊 Test opportunity: 1.17%
2026-04-08 18:12:47.810 | SUCCESS  | __main__:run:181 - 🎯 Found 1 opportunities!
2026-04-08 18:12:47.811 | WARNING  | __main__:safety_check:119 - 🔒 TEST MODE ENABLED - No real trades will execute
2026-04-08 18:12:57.827 | INFO     | __main__:scan_all_opportunities:97 - 🔍 Scanning for opportunities...
2026-04-08 18:13:07.835 | INFO     | __main__:scan_all_opportunities:97 - 🔍 Scanning for opportunities...
2026-04-08 18:13:17.846 | INFO     | __main__:scan_all_opportunities:97 - 🔍 Scanning for opportunities...
2026-04-08 18:13:17.848 | INFO     | __main__:scan_all_opportunities:111 - 📊 Test opportunity: 1.19%
2026-04-08 18:13:17.849 | SUCCESS  | __main__:run:181 - 🎯 Found 1 opportunities!
2026-04-08 18:13:17.850 | WARNING  | __main__:safety_check:119 - 🔒 TEST MODE ENABLED - No real trades will execute
2026-04-08 18:13:27.858 | INFO     | __main__:scan_all_opportunities:97 - 🔍 Scanning for opportunities...
2026-04-08 18:13:27.860 | INFO     | __main__:scan_all_opportunities:111 - 📊 Test opportunity: 0.83%
2026-04-08 18:13:27.861 | SUCCESS  | __main__:run:181 - 🎯 Found 1 opportunities!
2026-04-08 18:13:27.861 | WARNING  | __main__:safety_check:119 - 🔒 TEST MODE ENABLED - No real trades will execute
2026-04-08 18:13:37.875 | INFO     | __main__:scan_all_opportunities:97 - 🔍 Scanning for opportunities...
2026-04-08 18:13:37.876 | INFO     | __main__:scan_all_opportunities:111 - 📊 Test opportunity: 0.81%
2026-04-08 18:13:37.877 | SUCCESS  | __main__:run:181 - 🎯 Found 1 opportunities!
2026-04-08 18:13:37.878 | WARNING  | __main__:safety_check:119 - 🔒 TEST MODE ENABLED - No real trades will execute
2026-04-08 18:13:47.880 | INFO     | __main__:scan_all_opportunities:97 - 🔍 Scanning for opportunities...
2026-04-08 18:13:47.881 | INFO     | __main__:scan_all_opportunities:111 - 📊 Test opportunity: 0.68%
2026-04-08 18:13:47.882 | SUCCESS  | __main__:run:181 - 🎯 Found 1 opportunities!
2026-04-08 18:13:47.883 | WARNING  | __main__:safety_check:119 - 🔒 TEST MODE ENABLED - No real trades will execute
2026-04-08 18:13:57.899 | INFO     | __main__:scan_all_opportunities:97 - 🔍 Scanning for opportunities...
2026-04-08 18:13:57.901 | INFO     | __main__:scan_all_opportunities:111 - 📊 Test opportunity: 0.96%
2026-04-08 18:13:57.902 | SUCCESS  | __main__:run:181 - 🎯 Found 1 opportunities!
2026-04-08 18:13:57.903 | WARNING  | __main__:safety_check:119 - 🔒 TEST MODE ENABLED - No real trades will execute
2026-04-08 18:14:07.919 | INFO     | __main__:scan_all_opportunities:97 - 🔍 Scanning for opportunities...
2026-04-08 18:14:17.935 | INFO     | __main__:scan_all_opportunities:97 - 🔍 Scanning for opportunities...
2026-04-08 18:14:27.949 | INFO     | __main__:scan_all_opportunities:97 - 🔍 Scanning for opportunities...
2026-04-08 18:14:37.964 | INFO     | __main__:scan_all_opportunities:97 - 🔍 Scanning for opportunities...
2026-04-08 18:14:37.966 | INFO     | __main__:scan_all_opportunities:111 - 📊 Test opportunity: 0.96%
2026-04-08 18:14:37.967 | SUCCESS  | __main__:run:181 - 🎯 Found 1 opportunities!
2026-04-08 18:14:37.967 | WARNING  | __main__:safety_check:119 - 🔒 TEST MODE ENABLED - No real trades will execute
2026-04-08 18:14:47.977 | INFO     | __main__:scan_all_opportunities:97 - 🔍 Scanning for opportunities...
2026-04-08 18:14:47.978 | INFO     | __main__:scan_all_opportunities:111 - 📊 Test opportunity: 1.46%
2026-04-08 18:14:47.980 | SUCCESS  | __main__:run:181 - 🎯 Found 1 opportunities!
2026-04-08 18:14:47.982 | WARNING  | __main__:safety_check:119 - 🔒 TEST MODE ENABLED - No real trades will execute
2026-04-08 18:14:57.988 | INFO     | __main__:scan_all_opportunities:97 - 🔍 Scanning for opportunities...
2026-04-08 18:15:07.993 | INFO     | __main__:scan_all_opportunities:97 - 🔍 Scanning for opportunities...
2026-04-08 18:15:17.998 | INFO     | __main__:scan_all_opportunities:97 - 🔍 Scanning for opportunities...
2026-04-08 18:15:17.999 | INFO     | __main__:scan_all_opportunities:111 - 📊 Test opportunity: 0.65%
2026-04-08 18:15:18.000 | SUCCESS  | __main__:run:181 - 🎯 Found 1 opportunities!
2026-04-08 18:15:18.001 | WARNING  | __main__:safety_check:119 - 🔒 TEST MODE ENABLED - No real trades will execute
2026-04-08 18:15:28.006 | INFO     | __main__:scan_all_opportunities:97 - 🔍 Scanning for opportunities...
2026-04-08 18:15:28.007 | INFO     | __main__:scan_all_opportunities:111 - 📊 Test opportunity: 1.41%
2026-04-08 18:15:28.008 | SUCCESS  | __main__:run:181 - 🎯 Found 1 opportunities!
2026-04-08 18:15:28.009 | WARNING  | __main__:safety_check:119 - 🔒 TEST MODE ENABLED - No real trades will execute
2026-04-08 18:15:38.026 | INFO     | __main__:scan_all_opportunities:97 - 🔍 Scanning for opportunities...
2026-04-08 18:15:48.028 | INFO     | __main__:scan_all_opportunities:97 - 🔍 Scanning for opportunities...
2026-04-08 18:15:48.030 | INFO     | __main__:scan_all_opportunities:111 - 📊 Test opportunity: 1.15%
2026-04-08 18:15:48.031 | SUCCESS  | __main__:run:181 - 🎯 Found 1 opportunities!
2026-04-08 18:15:48.032 | WARNING  | __main__:safety_check:119 - 🔒 TEST MODE ENABLED - No real trades will execute
2026-04-08 18:15:58.041 | INFO     | __main__:scan_all_opportunities:97 - 🔍 Scanning for opportunities...
2026-04-08 18:16:08.055 | INFO     | __main__:scan_all_opportunities:97 - 🔍 Scanning for opportunities...
2026-04-08 18:16:08.056 | INFO     | __main__:scan_all_opportunities:111 - 📊 Test opportunity: 0.65%
2026-04-08 18:16:08.058 | SUCCESS  | __main__:run:181 - 🎯 Found 1 opportunities!
2026-04-08 18:16:08.058 | WARNING  | __main__:safety_check:119 - 🔒 TEST MODE ENABLED - No real trades will execute
2026-04-08 18:16:18.068 | INFO     | __main__:scan_all_opportunities:97 - 🔍 Scanning for opportunities...
2026-04-08 18:16:18.070 | INFO     | __main__:scan_all_opportunities:111 - 📊 Test opportunity: 1.30%
2026-04-08 18:16:18.071 | SUCCESS  | __main__:run:181 - 🎯 Found 1 opportunities!
2026-04-08 18:16:18.072 | WARNING  | __main__:safety_check:119 - 🔒 TEST MODE ENABLED - No real trades will execute
2026-04-08 18:16:28.097 | INFO     | __main__:scan_all_opportunities:97 - 🔍 Scanning for opportunities...
2026-04-08 18:16:28.134 | INFO     | __main__:scan_all_opportunities:111 - 📊 Test opportunity: 0.69%
2026-04-08 18:16:28.135 | SUCCESS  | __main__:run:181 - 🎯 Found 1 opportunities!
2026-04-08 18:16:28.137 | WARNING  | __main__:safety_check:119 - 🔒 TEST MODE ENABLED - No real trades will execute
2026-04-08 18:16:38.159 | INFO     | __main__:scan_all_opportunities:97 - 🔍 Scanning for opportunities...
2026-04-08 18:16:38.162 | INFO     | __main__:scan_all_opportunities:111 - 📊 Test opportunity: 0.50%
2026-04-08 18:16:38.168 | SUCCESS  | __main__:run:181 - 🎯 Found 1 opportunities!
2026-04-08 18:16:38.172 | WARNING  | __main__:safety_check:119 - 🔒 TEST MODE ENABLED - No real trades will execute
2026-04-08 18:16:48.174 | INFO     | __main__:scan_all_opportunities:97 - 🔍 Scanning for opportunities...
2026-04-08 18:16:48.175 | INFO     | __main__:scan_all_opportunities:111 - 📊 Test opportunity: 1.39%
2026-04-08 18:16:48.176 | SUCCESS  | __main__:run:181 - 🎯 Found 1 opportunities!
2026-04-08 18:16:48.177 | WARNING  | __main__:safety_check:119 - 🔒 TEST MODE ENABLED - No real trades will execute
2026-04-08 18:16:58.180 | INFO     | __main__:scan_all_opportunities:97 - 🔍 Scanning for opportunities...
2026-04-08 18:16:58.183 | INFO     | __main__:scan_all_opportunities:111 - 📊 Test opportunity: 1.17%
2026-04-08 18:16:58.184 | SUCCESS  | __main__:run:181 - 🎯 Found 1 opportunities!
2026-04-08 18:16:58.186 | WARNING  | __main__:safety_check:119 - 🔒 TEST MODE ENABLED - No real trades will execute
2026-04-08 18:17:08.189 | INFO     | __main__:scan_all_opportunities:97 - 🔍 Scanning for opportunities...
2026-04-08 18:17:08.191 | INFO     | __main__:scan_all_opportunities:111 - 📊 Test opportunity: 1.47%
2026-04-08 18:17:08.192 | SUCCESS  | __main__:run:181 - 🎯 Found 1 opportunities!
2026-04-08 18:17:08.193 | WARNING  | __main__:safety_check:119 - 🔒 TEST MODE ENABLED - No real trades will execute
2026-04-08 18:17:18.215 | INFO     | __main__:scan_all_opportunities:97 - 🔍 Scanning for opportunities...
2026-04-08 18:17:28.226 | INFO     | __main__:scan_all_opportunities:97 - 🔍 Scanning for opportunities...
2026-04-08 18:17:28.228 | INFO     | __main__:scan_all_opportunities:111 - 📊 Test opportunity: 1.11%
2026-04-08 18:17:28.229 | SUCCESS  | __main__:run:181 - 🎯 Found 1 opportunities!
2026-04-08 18:17:28.230 | WARNING  | __main__:safety_check:119 - 🔒 TEST MODE ENABLED - No real trades will execute
2026-04-08 18:17:38.232 | INFO     | __main__:scan_all_opportunities:97 - 🔍 Scanning for opportunities...
2026-04-08 18:17:38.233 | INFO     | __main__:scan_all_opportunities:111 - 📊 Test opportunity: 0.63%
2026-04-08 18:17:38.234 | SUCCESS  | __main__:run:181 - 🎯 Found 1 opportunities!
2026-04-08 18:17:38.235 | WARNING  | __main__:safety_check:119 - 🔒 TEST MODE ENABLED - No real trades will execute
2026-04-08 18:17:48.238 | INFO     | __main__:scan_all_opportunities:97 - 🔍 Scanning for opportunities...
2026-04-08 18:17:48.239 | INFO     | __main__:scan_all_opportunities:111 - 📊 Test opportunity: 1.42%
2026-04-08 18:17:48.240 | SUCCESS  | __main__:run:181 - 🎯 Found 1 opportunities!
2026-04-08 18:17:48.242 | WARNING  | __main__:safety_check:119 - 🔒 TEST MODE ENABLED - No real trades will execute
2026-04-08 18:17:58.246 | INFO     | __main__:scan_all_opportunities:97 - 🔍 Scanning for opportunities...
2026-04-08 18:18:08.254 | INFO     | __main__:scan_all_opportunities:97 - 🔍 Scanning for opportunities...
2026-04-08 18:18:08.256 | INFO     | __main__:scan_all_opportunities:111 - 📊 Test opportunity: 1.14%
2026-04-08 18:18:08.257 | SUCCESS  | __main__:run:181 - 🎯 Found 1 opportunities!
2026-04-08 18:18:08.258 | WARNING  | __main__:safety_check:119 - 🔒 TEST MODE ENABLED - No real trades will execute
2026-04-08 18:18:18.266 | INFO     | __main__:scan_all_opportunities:97 - 🔍 Scanning for opportunities...
2026-04-08 18:18:18.268 | INFO     | __main__:scan_all_opportunities:111 - 📊 Test opportunity: 0.59%
2026-04-08 18:18:18.268 | SUCCESS  | __main__:run:181 - 🎯 Found 1 opportunities!
2026-04-08 18:18:18.269 | WARNING  | __main__:safety_check:119 - 🔒 TEST MODE ENABLED - No real trades will execute
2026-04-08 18:18:28.281 | INFO     | __main__:scan_all_opportunities:97 - 🔍 Scanning for opportunities...
2026-04-08 18:18:28.282 | INFO     | __main__:scan_all_opportunities:111 - 📊 Test opportunity: 1.05%
2026-04-08 18:18:28.283 | SUCCESS  | __main__:run:181 - 🎯 Found 1 opportunities!
2026-04-08 18:18:28.285 | WARNING  | __main__:safety_check:119 - 🔒 TEST MODE ENABLED - No real trades will execute
2026-04-08 18:18:38.290 | INFO     | __main__:scan_all_opportunities:97 - 🔍 Scanning for opportunities...
2026-04-08 18:18:38.292 | INFO     | __main__:scan_all_opportunities:111 - 📊 Test opportunity: 0.91%
2026-04-08 18:18:38.293 | SUCCESS  | __main__:run:181 - 🎯 Found 1 opportunities!
2026-04-08 18:18:38.294 | WARNING  | __main__:safety_check:119 - 🔒 TEST MODE ENABLED - No real trades will execute
2026-04-08 18:18:48.300 | INFO     | __main__:scan_all_opportunities:97 - 🔍 Scanning for opportunities...
2026-04-08 18:18:48.302 | INFO     | __main__:scan_all_opportunities:111 - 📊 Test opportunity: 0.69%
2026-04-08 18:18:48.303 | SUCCESS  | __main__:run:181 - 🎯 Found 1 opportunities!
2026-04-08 18:18:48.304 | WARNING  | __main__:safety_check:119 - 🔒 TEST MODE ENABLED - No real trades will execute
2026-04-08 18:18:58.311 | INFO     | __main__:scan_all_opportunities:97 - 🔍 Scanning for opportunities...
2026-04-08 18:18:58.312 | INFO     | __main__:scan_all_opportunities:111 - 📊 Test opportunity: 0.97%
2026-04-08 18:18:58.313 | SUCCESS  | __main__:run:181 - 🎯 Found 1 opportunities!
2026-04-08 18:18:58.313 | WARNING  | __main__:safety_check:119 - 🔒 TEST MODE ENABLED - No real trades will execute
2026-04-08 18:19:08.319 | INFO     | __main__:scan_all_opportunities:97 - 🔍 Scanning for opportunities...
2026-04-08 18:19:08.320 | INFO     | __main__:scan_all_opportunities:111 - 📊 Test opportunity: 0.75%
2026-04-08 18:19:08.321 | SUCCESS  | __main__:run:181 - 🎯 Found 1 opportunities!
2026-04-08 18:19:08.321 | WARNING  | __main__:safety_check:119 - 🔒 TEST MODE ENABLED - No real trades will execute
2026-04-08 18:19:18.336 | INFO     | __main__:scan_all_opportunities:97 - 🔍 Scanning for opportunities...
2026-04-08 18:19:18.337 | INFO     | __main__:scan_all_opportunities:111 - 📊 Test opportunity: 1.32%
2026-04-08 18:19:18.338 | SUCCESS  | __main__:run:181 - 🎯 Found 1 opportunities!
2026-04-08 18:19:18.339 | WARNING  | __main__:safety_check:119 - 🔒 TEST MODE ENABLED - No real trades will execute
2026-04-08 18:19:28.349 | INFO     | __main__:scan_all_opportunities:97 - 🔍 Scanning for opportunities...
2026-04-08 18:19:28.350 | INFO     | __main__:scan_all_opportunities:111 - 📊 Test opportunity: 0.76%
2026-04-08 18:19:28.351 | SUCCESS  | __main__:run:181 - 🎯 Found 1 opportunities!
2026-04-08 18:19:28.352 | WARNING  | __main__:safety_check:119 - 🔒 TEST MODE ENABLED - No real trades will execute
2026-04-08 18:19:38.363 | INFO     | __main__:scan_all_opportunities:97 - 🔍 Scanning for opportunities...
2026-04-08 18:19:38.364 | INFO     | __main__:scan_all_opportunities:111 - 📊 Test opportunity: 1.13%
2026-04-08 18:19:38.365 | SUCCESS  | __main__:run:181 - 🎯 Found 1 opportunities!
2026-04-08 18:19:38.366 | WARNING  | __main__:safety_check:119 - 🔒 TEST MODE ENABLED - No real trades will execute
2026-04-08 18:19:48.374 | INFO     | __main__:scan_all_opportunities:97 - 🔍 Scanning for opportunities...
2026-04-08 18:19:48.375 | INFO     | __main__:scan_all_opportunities:111 - 📊 Test opportunity: 1.42%
2026-04-08 18:19:48.376 | SUCCESS  | __main__:run:181 - 🎯 Found 1 opportunities!
2026-04-08 18:19:48.376 | WARNING  | __main__:safety_check:119 - 🔒 TEST MODE ENABLED - No real trades will execute
2026-04-08 18:19:58.384 | INFO     | __main__:scan_all_opportunities:97 - 🔍 Scanning for opportunities...
2026-04-08 18:19:58.385 | INFO     | __main__:scan_all_opportunities:111 - 📊 Test opportunity: 1.29%
2026-04-08 18:19:58.385 | SUCCESS  | __main__:run:181 - 🎯 Found 1 opportunities!
2026-04-08 18:19:58.386 | WARNING  | __main__:safety_check:119 - 🔒 TEST MODE ENABLED - No real trades will execute
2026-04-08 18:20:08.394 | INFO     | __main__:scan_all_opportunities:97 - 🔍 Scanning for opportunities...
2026-04-08 18:20:08.395 | INFO     | __main__:scan_all_opportunities:111 - 📊 Test opportunity: 1.40%
2026-04-08 18:20:08.396 | SUCCESS  | __main__:run:181 - 🎯 Found 1 opportunities!
2026-04-08 18:20:08.397 | WARNING  | __main__:safety_check:119 - 🔒 TEST MODE ENABLED - No real trades will execute
2026-04-08 18:20:18.400 | INFO     | __main__:scan_all_opportunities:97 - 🔍 Scanning for opportunities...
2026-04-08 18:20:18.401 | INFO     | __main__:scan_all_opportunities:111 - 📊 Test opportunity: 1.39%
2026-04-08 18:20:18.402 | SUCCESS  | __main__:run:181 - 🎯 Found 1 opportunities!
2026-04-08 18:20:18.403 | WARNING  | __main__:safety_check:119 - 🔒 TEST MODE ENABLED - No real trades will execute
2026-04-08 18:20:28.410 | INFO     | __main__:scan_all_opportunities:97 - 🔍 Scanning for opportunities...
2026-04-08 18:20:28.412 | INFO     | __main__:scan_all_opportunities:111 - 📊 Test opportunity: 0.79%
2026-04-08 18:20:28.412 | SUCCESS  | __main__:run:181 - 🎯 Found 1 opportunities!
2026-04-08 18:20:28.413 | WARNING  | __main__:safety_check:119 - 🔒 TEST MODE ENABLED - No real trades will execute
2026-04-08 18:20:38.433 | INFO     | __main__:scan_all_opportunities:97 - 🔍 Scanning for opportunities...
2026-04-08 18:20:48.449 | INFO     | __main__:scan_all_opportunities:97 - 🔍 Scanning for opportunities...
2026-04-08 18:20:48.450 | INFO     | __main__:scan_all_opportunities:111 - 📊 Test opportunity: 0.67%
2026-04-08 18:20:48.451 | SUCCESS  | __main__:run:181 - 🎯 Found 1 opportunities!
2026-04-08 18:20:48.452 | WARNING  | __main__:safety_check:119 - 🔒 TEST MODE ENABLED - No real trades will execute
2026-04-08 18:20:58.458 | INFO     | __main__:scan_all_opportunities:97 - 🔍 Scanning for opportunities...
2026-04-08 18:20:58.459 | INFO     | __main__:scan_all_opportunities:111 - 📊 Test opportunity: 1.04%
2026-04-08 18:20:58.460 | SUCCESS  | __main__:run:181 - 🎯 Found 1 opportunities!
2026-04-08 18:20:58.461 | WARNING  | __main__:safety_check:119 - 🔒 TEST MODE ENABLED - No real trades will execute
2026-04-08 18:21:08.475 | INFO     | __main__:scan_all_opportunities:97 - 🔍 Scanning for opportunities...
2026-04-08 18:21:08.476 | INFO     | __main__:scan_all_opportunities:111 - 📊 Test opportunity: 1.25%
2026-04-08 18:21:08.477 | SUCCESS  | __main__:run:181 - 🎯 Found 1 opportunities!
2026-04-08 18:21:08.478 | WARNING  | __main__:safety_check:119 - 🔒 TEST MODE ENABLED - No real trades will execute
2026-04-08 18:21:18.491 | INFO     | __main__:scan_all_opportunities:97 - 🔍 Scanning for opportunities...
2026-04-08 18:21:18.492 | INFO     | __main__:scan_all_opportunities:111 - 📊 Test opportunity: 0.55%
2026-04-08 18:21:18.493 | SUCCESS  | __main__:run:181 - 🎯 Found 1 opportunities!
2026-04-08 18:21:18.494 | WARNING  | __main__:safety_check:119 - 🔒 TEST MODE ENABLED - No real trades will execute
2026-04-08 18:21:28.498 | INFO     | __main__:scan_all_opportunities:97 - 🔍 Scanning for opportunities...
2026-04-08 18:21:28.499 | INFO     | __main__:scan_all_opportunities:111 - 📊 Test opportunity: 0.59%
2026-04-08 18:21:28.500 | SUCCESS  | __main__:run:181 - 🎯 Found 1 opportunities!
2026-04-08 18:21:28.501 | WARNING  | __main__:safety_check:119 - 🔒 TEST MODE ENABLED - No real trades will execute
2026-04-08 18:21:38.502 | INFO     | __main__:scan_all_opportunities:97 - 🔍 Scanning for opportunities...
2026-04-08 18:21:48.518 | INFO     | __main__:scan_all_opportunities:97 - 🔍 Scanning for opportunities...
2026-04-08 18:21:48.519 | INFO     | __main__:scan_all_opportunities:111 - 📊 Test opportunity: 1.32%
2026-04-08 18:21:48.520 | SUCCESS  | __main__:run:181 - 🎯 Found 1 opportunities!
2026-04-08 18:21:48.521 | WARNING  | __main__:safety_check:119 - 🔒 TEST MODE ENABLED - No real trades will execute
2026-04-08 18:21:58.527 | INFO     | __main__:scan_all_opportunities:97 - 🔍 Scanning for opportunities...
2026-04-08 18:21:58.528 | INFO     | __main__:scan_all_opportunities:111 - 📊 Test opportunity: 1.38%
2026-04-08 18:21:58.529 | SUCCESS  | __main__:run:181 - 🎯 Found 1 opportunities!
2026-04-08 18:21:58.530 | WARNING  | __main__:safety_check:119 - 🔒 TEST MODE ENABLED - No real trades will execute
2026-04-08 18:22:08.532 | INFO     | __main__:scan_all_opportunities:97 - 🔍 Scanning for opportunities...
2026-04-08 18:22:08.533 | INFO     | __main__:scan_all_opportunities:111 - 📊 Test opportunity: 1.50%
2026-04-08 18:22:08.534 | SUCCESS  | __main__:run:181 - 🎯 Found 1 opportunities!
2026-04-08 18:22:08.535 | WARNING  | __main__:safety_check:119 - 🔒 TEST MODE ENABLED - No real trades will execute
2026-04-08 18:22:18.562 | INFO     | __main__:scan_all_opportunities:97 - 🔍 Scanning for opportunities...
2026-04-08 18:22:18.595 | INFO     | __main__:scan_all_opportunities:111 - 📊 Test opportunity: 1.08%
2026-04-08 18:22:18.611 | SUCCESS  | __main__:run:181 - 🎯 Found 1 opportunities!
2026-04-08 18:22:18.616 | WARNING  | __main__:safety_check:119 - 🔒 TEST MODE ENABLED - No real trades will execute
2026-04-08 18:22:28.626 | INFO     | __main__:scan_all_opportunities:97 - 🔍 Scanning for opportunities...
2026-04-08 18:22:38.635 | INFO     | __main__:scan_all_opportunities:97 - 🔍 Scanning for opportunities...
2026-04-08 18:22:38.637 | INFO     | __main__:scan_all_opportunities:111 - 📊 Test opportunity: 1.11%
2026-04-08 18:22:38.637 | SUCCESS  | __main__:run:181 - 🎯 Found 1 opportunities!
2026-04-08 18:22:38.638 | WARNING  | __main__:safety_check:119 - 🔒 TEST MODE ENABLED - No real trades will execute
2026-04-08 18:22:48.651 | INFO     | __main__:scan_all_opportunities:97 - 🔍 Scanning for opportunities...
2026-04-08 18:22:48.652 | INFO     | __main__:scan_all_opportunities:111 - 📊 Test opportunity: 1.36%
2026-04-08 18:22:48.653 | SUCCESS  | __main__:run:181 - 🎯 Found 1 opportunities!
2026-04-08 18:22:48.654 | WARNING  | __main__:safety_check:119 - 🔒 TEST MODE ENABLED - No real trades will execute
2026-04-08 18:22:58.660 | INFO     | __main__:scan_all_opportunities:97 - 🔍 Scanning for opportunities...
2026-04-08 18:22:58.661 | INFO     | __main__:scan_all_opportunities:111 - 📊 Test opportunity: 0.82%
2026-04-08 18:22:58.662 | SUCCESS  | __main__:run:181 - 🎯 Found 1 opportunities!
2026-04-08 18:22:58.663 | WARNING  | __main__:safety_check:119 - 🔒 TEST MODE ENABLED - No real trades will execute
2026-04-08 18:23:08.695 | INFO     | __main__:scan_all_opportunities:97 - 🔍 Scanning for opportunities...
2026-04-08 18:23:08.714 | INFO     | __main__:scan_all_opportunities:111 - 📊 Test opportunity: 0.91%
2026-04-08 18:23:08.729 | SUCCESS  | __main__:run:181 - 🎯 Found 1 opportunities!
2026-04-08 18:23:08.740 | WARNING  | __main__:safety_check:119 - 🔒 TEST MODE ENABLED - No real trades will execute
2026-04-08 18:23:18.786 | INFO     | __main__:scan_all_opportunities:97 - 🔍 Scanning for opportunities...
2026-04-08 18:23:18.787 | INFO     | __main__:scan_all_opportunities:111 - 📊 Test opportunity: 1.08%
2026-04-08 18:23:18.788 | SUCCESS  | __main__:run:181 - 🎯 Found 1 opportunities!
2026-04-08 18:23:18.789 | WARNING  | __main__:safety_check:119 - 🔒 TEST MODE ENABLED - No real trades will execute
2026-04-08 18:23:28.805 | INFO     | __main__:scan_all_opportunities:97 - 🔍 Scanning for opportunities...
2026-04-08 18:23:28.806 | INFO     | __main__:scan_all_opportunities:111 - 📊 Test opportunity: 0.94%
2026-04-08 18:23:28.807 | SUCCESS  | __main__:run:181 - 🎯 Found 1 opportunities!
2026-04-08 18:23:28.807 | WARNING  | __main__:safety_check:119 - 🔒 TEST MODE ENABLED - No real trades will execute
2026-04-08 18:23:38.823 | INFO     | __main__:scan_all_opportunities:97 - 🔍 Scanning for opportunities...
2026-04-08 18:23:38.824 | INFO     | __main__:scan_all_opportunities:111 - 📊 Test opportunity: 0.70%
2026-04-08 18:23:38.825 | SUCCESS  | __main__:run:181 - 🎯 Found 1 opportunities!
2026-04-08 18:23:38.826 | WARNING  | __main__:safety_check:119 - 🔒 TEST MODE ENABLED - No real trades will execute
2026-04-08 18:23:48.839 | INFO     | __main__:scan_all_opportunities:97 - 🔍 Scanning for opportunities...
2026-04-08 18:23:48.840 | INFO     | __main__:scan_all_opportunities:111 - 📊 Test opportunity: 0.59%
2026-04-08 18:23:48.841 | SUCCESS  | __main__:run:181 - 🎯 Found 1 opportunities!
2026-04-08 18:23:48.842 | WARNING  | __main__:safety_check:119 - 🔒 TEST MODE ENABLED - No real trades will execute
2026-04-08 18:23:58.859 | INFO     | __main__:scan_all_opportunities:97 - 🔍 Scanning for opportunities...
2026-04-08 18:23:58.860 | INFO     | __main__:scan_all_opportunities:111 - 📊 Test opportunity: 1.50%
2026-04-08 18:23:58.861 | SUCCESS  | __main__:run:181 - 🎯 Found 1 opportunities!
2026-04-08 18:23:58.862 | WARNING  | __main__:safety_check:119 - 🔒 TEST MODE ENABLED - No real trades will execute
2026-04-08 18:24:08.869 | INFO     | __main__:scan_all_opportunities:97 - 🔍 Scanning for opportunities...
2026-04-08 18:24:08.870 | INFO     | __main__:scan_all_opportunities:111 - 📊 Test opportunity: 0.96%
2026-04-08 18:24:08.871 | SUCCESS  | __main__:run:181 - 🎯 Found 1 opportunities!
2026-04-08 18:24:08.872 | WARNING  | __main__:safety_check:119 - 🔒 TEST MODE ENABLED - No real trades will execute
2026-04-08 18:24:18.886 | INFO     | __main__:scan_all_opportunities:97 - 🔍 Scanning for opportunities...
2026-04-08 18:24:18.888 | INFO     | __main__:scan_all_opportunities:111 - 📊 Test opportunity: 0.94%
2026-04-08 18:24:18.889 | SUCCESS  | __main__:run:181 - 🎯 Found 1 opportunities!
2026-04-08 18:24:18.889 | WARNING  | __main__:safety_check:119 - 🔒 TEST MODE ENABLED - No real trades will execute
2026-04-08 18:24:28.904 | INFO     | __main__:scan_all_opportunities:97 - 🔍 Scanning for opportunities...
2026-04-08 18:24:28.905 | INFO     | __main__:scan_all_opportunities:111 - 📊 Test opportunity: 0.89%
2026-04-08 18:24:28.906 | SUCCESS  | __main__:run:181 - 🎯 Found 1 opportunities!
2026-04-08 18:24:28.907 | WARNING  | __main__:safety_check:119 - 🔒 TEST MODE ENABLED - No real trades will execute
2026-04-08 18:24:38.915 | INFO     | __main__:scan_all_opportunities:97 - 🔍 Scanning for opportunities...
2026-04-08 18:24:38.916 | INFO     | __main__:scan_all_opportunities:111 - 📊 Test opportunity: 1.15%
2026-04-08 18:24:38.917 | SUCCESS  | __main__:run:181 - 🎯 Found 1 opportunities!
2026-04-08 18:24:38.918 | WARNING  | __main__:safety_check:119 - 🔒 TEST MODE ENABLED - No real trades will execute
2026-04-08 18:24:48.931 | INFO     | __main__:scan_all_opportunities:97 - 🔍 Scanning for opportunities...
2026-04-08 18:24:48.932 | INFO     | __main__:scan_all_opportunities:111 - 📊 Test opportunity: 0.54%
2026-04-08 18:24:48.933 | SUCCESS  | __main__:run:181 - 🎯 Found 1 opportunities!
2026-04-08 18:24:48.934 | WARNING  | __main__:safety_check:119 - 🔒 TEST MODE ENABLED - No real trades will execute
2026-04-08 18:24:58.939 | INFO     | __main__:scan_all_opportunities:97 - 🔍 Scanning for opportunities...
2026-04-08 18:24:58.940 | INFO     | __main__:scan_all_opportunities:111 - 📊 Test opportunity: 1.50%
2026-04-08 18:24:58.941 | SUCCESS  | __main__:run:181 - 🎯 Found 1 opportunities!
2026-04-08 18:24:58.942 | WARNING  | __main__:safety_check:119 - 🔒 TEST MODE ENABLED - No real trades will execute
2026-04-08 18:25:08.943 | INFO     | __main__:scan_all_opportunities:97 - 🔍 Scanning for opportunities...
2026-04-08 18:25:08.944 | INFO     | __main__:scan_all_opportunities:111 - 📊 Test opportunity: 0.92%
2026-04-08 18:25:08.945 | SUCCESS  | __main__:run:181 - 🎯 Found 1 opportunities!
2026-04-08 18:25:08.946 | WARNING  | __main__:safety_check:119 - 🔒 TEST MODE ENABLED - No real trades will execute
2026-04-08 18:25:18.959 | INFO     | __main__:scan_all_opportunities:97 - 🔍 Scanning for opportunities...
2026-04-08 18:25:18.960 | INFO     | __main__:scan_all_opportunities:111 - 📊 Test opportunity: 0.73%
2026-04-08 18:25:18.961 | SUCCESS  | __main__:run:181 - 🎯 Found 1 opportunities!
2026-04-08 18:25:18.961 | WARNING  | __main__:safety_check:119 - 🔒 TEST MODE ENABLED - No real trades will execute
2026-04-08 18:25:28.968 | INFO     | __main__:scan_all_opportunities:97 - 🔍 Scanning for opportunities...
2026-04-08 18:25:28.969 | INFO     | __main__:scan_all_opportunities:111 - 📊 Test opportunity: 1.28%
2026-04-08 18:25:28.970 | SUCCESS  | __main__:run:181 - 🎯 Found 1 opportunities!
2026-04-08 18:25:28.971 | WARNING  | __main__:safety_check:119 - 🔒 TEST MODE ENABLED - No real trades will execute
2026-04-08 18:25:38.992 | INFO     | __main__:scan_all_opportunities:97 - 🔍 Scanning for opportunities...
2026-04-08 18:25:49.006 | INFO     | __main__:scan_all_opportunities:97 - 🔍 Scanning for opportunities...
2026-04-08 18:25:59.022 | INFO     | __main__:scan_all_opportunities:97 - 🔍 Scanning for opportunities...
2026-04-08 18:25:59.023 | INFO     | __main__:scan_all_opportunities:111 - 📊 Test opportunity: 1.37%
2026-04-08 18:25:59.024 | SUCCESS  | __main__:run:181 - 🎯 Found 1 opportunities!
2026-04-08 18:25:59.025 | WARNING  | __main__:safety_check:119 - 🔒 TEST MODE ENABLED - No real trades will execute
2026-04-08 18:26:09.037 | INFO     | __main__:scan_all_opportunities:97 - 🔍 Scanning for opportunities...
2026-04-08 18:26:09.038 | INFO     | __main__:scan_all_opportunities:111 - 📊 Test opportunity: 1.01%
2026-04-08 18:26:09.039 | SUCCESS  | __main__:run:181 - 🎯 Found 1 opportunities!
2026-04-08 18:26:09.040 | WARNING  | __main__:safety_check:119 - 🔒 TEST MODE ENABLED - No real trades will execute
2026-04-08 18:26:19.056 | INFO     | __main__:scan_all_opportunities:97 - 🔍 Scanning for opportunities...
2026-04-08 18:26:29.068 | INFO     | __main__:scan_all_opportunities:97 - 🔍 Scanning for opportunities...
2026-04-08 18:26:29.069 | INFO     | __main__:scan_all_opportunities:111 - 📊 Test opportunity: 0.88%
2026-04-08 18:26:29.070 | SUCCESS  | __main__:run:181 - 🎯 Found 1 opportunities!
2026-04-08 18:26:29.071 | WARNING  | __main__:safety_check:119 - 🔒 TEST MODE ENABLED - No real trades will execute
2026-04-08 18:26:39.081 | INFO     | __main__:scan_all_opportunities:97 - 🔍 Scanning for opportunities...
2026-04-08 18:26:39.082 | INFO     | __main__:scan_all_opportunities:111 - 📊 Test opportunity: 0.90%
2026-04-08 18:26:39.083 | SUCCESS  | __main__:run:181 - 🎯 Found 1 opportunities!
2026-04-08 18:26:39.084 | WARNING  | __main__:safety_check:119 - 🔒 TEST MODE ENABLED - No real trades will execute
2026-04-08 18:26:49.095 | INFO     | __main__:scan_all_opportunities:97 - 🔍 Scanning for opportunities...
2026-04-08 18:26:49.096 | INFO     | __main__:scan_all_opportunities:111 - 📊 Test opportunity: 0.69%
2026-04-08 18:26:49.097 | SUCCESS  | __main__:run:181 - 🎯 Found 1 opportunities!
2026-04-08 18:26:49.098 | WARNING  | __main__:safety_check:119 - 🔒 TEST MODE ENABLED - No real trades will execute
2026-04-08 18:26:59.100 | INFO     | __main__:scan_all_opportunities:97 - 🔍 Scanning for opportunities...
2026-04-08 18:26:59.102 | INFO     | __main__:scan_all_opportunities:111 - 📊 Test opportunity: 1.33%
2026-04-08 18:26:59.102 | SUCCESS  | __main__:run:181 - 🎯 Found 1 opportunities!
2026-04-08 18:26:59.103 | WARNING  | __main__:safety_check:119 - 🔒 TEST MODE ENABLED - No real trades will execute
2026-04-08 18:27:09.105 | INFO     | __main__:scan_all_opportunities:97 - 🔍 Scanning for opportunities...
2026-04-08 18:27:09.106 | INFO     | __main__:scan_all_opportunities:111 - 📊 Test opportunity: 0.62%
2026-04-08 18:27:09.107 | SUCCESS  | __main__:run:181 - 🎯 Found 1 opportunities!
2026-04-08 18:27:09.108 | WARNING  | __main__:safety_check:119 - 🔒 TEST MODE ENABLED - No real trades will execute
2026-04-08 18:27:19.118 | INFO     | __main__:scan_all_opportunities:97 - 🔍 Scanning for opportunities...
2026-04-08 18:27:19.119 | INFO     | __main__:scan_all_opportunities:111 - 📊 Test opportunity: 0.73%
2026-04-08 18:27:19.121 | SUCCESS  | __main__:run:181 - 🎯 Found 1 opportunities!
2026-04-08 18:27:19.122 | WARNING  | __main__:safety_check:119 - 🔒 TEST MODE ENABLED - No real trades will execute
2026-04-08 18:27:29.134 | INFO     | __main__:scan_all_opportunities:97 - 🔍 Scanning for opportunities...
2026-04-08 18:27:29.135 | INFO     | __main__:scan_all_opportunities:111 - 📊 Test opportunity: 0.77%
2026-04-08 18:27:29.136 | SUCCESS  | __main__:run:181 - 🎯 Found 1 opportunities!
2026-04-08 18:27:29.137 | WARNING  | __main__:safety_check:119 - 🔒 TEST MODE ENABLED - No real trades will execute
2026-04-08 18:27:39.151 | INFO     | __main__:scan_all_opportunities:97 - 🔍 Scanning for opportunities...
2026-04-08 18:27:39.152 | INFO     | __main__:scan_all_opportunities:111 - 📊 Test opportunity: 1.00%
2026-04-08 18:27:39.153 | SUCCESS  | __main__:run:181 - 🎯 Found 1 opportunities!
2026-04-08 18:27:39.154 | WARNING  | __main__:safety_check:119 - 🔒 TEST MODE ENABLED - No real trades will execute
2026-04-08 18:27:49.165 | INFO     | __main__:scan_all_opportunities:97 - 🔍 Scanning for opportunities...
2026-04-08 18:27:49.167 | INFO     | __main__:scan_all_opportunities:111 - 📊 Test opportunity: 1.15%
2026-04-08 18:27:49.168 | SUCCESS  | __main__:run:181 - 🎯 Found 1 opportunities!
2026-04-08 18:27:49.169 | WARNING  | __main__:safety_check:119 - 🔒 TEST MODE ENABLED - No real trades will execute
2026-04-08 18:27:59.184 | INFO     | __main__:scan_all_opportunities:97 - 🔍 Scanning for opportunities...
2026-04-08 18:27:59.188 | INFO     | __main__:scan_all_opportunities:111 - 📊 Test opportunity: 1.11%
2026-04-08 18:27:59.190 | SUCCESS  | __main__:run:181 - 🎯 Found 1 opportunities!
2026-04-08 18:27:59.191 | WARNING  | __main__:safety_check:119 - 🔒 TEST MODE ENABLED - No real trades will execute
2026-04-08 18:28:09.198 | INFO     | __main__:scan_all_opportunities:97 - 🔍 Scanning for opportunities...
2026-04-08 18:28:09.199 | INFO     | __main__:scan_all_opportunities:111 - 📊 Test opportunity: 0.58%
2026-04-08 18:28:09.201 | SUCCESS  | __main__:run:181 - 🎯 Found 1 opportunities!
2026-04-08 18:28:09.202 | WARNING  | __main__:safety_check:119 - 🔒 TEST MODE ENABLED - No real trades will execute
2026-04-08 18:28:19.217 | INFO     | __main__:scan_all_opportunities:97 - 🔍 Scanning for opportunities...
2026-04-08 18:28:19.218 | INFO     | __main__:scan_all_opportunities:111 - 📊 Test opportunity: 1.14%
2026-04-08 18:28:19.219 | SUCCESS  | __main__:run:181 - 🎯 Found 1 opportunities!
2026-04-08 18:28:19.220 | WARNING  | __main__:safety_check:119 - 🔒 TEST MODE ENABLED - No real trades will execute
2026-04-08 18:28:29.231 | INFO     | __main__:scan_all_opportunities:97 - 🔍 Scanning for opportunities...
2026-04-08 18:28:29.233 | INFO     | __main__:scan_all_opportunities:111 - 📊 Test opportunity: 1.24%
2026-04-08 18:28:29.234 | SUCCESS  | __main__:run:181 - 🎯 Found 1 opportunities!
2026-04-08 18:28:29.235 | WARNING  | __main__:safety_check:119 - 🔒 TEST MODE ENABLED - No real trades will execute
2026-04-08 18:28:39.249 | INFO     | __main__:scan_all_opportunities:97 - 🔍 Scanning for opportunities...
2026-04-08 18:28:39.250 | INFO     | __main__:scan_all_opportunities:111 - 📊 Test opportunity: 0.75%
2026-04-08 18:28:39.251 | SUCCESS  | __main__:run:181 - 🎯 Found 1 opportunities!
2026-04-08 18:28:39.252 | WARNING  | __main__:safety_check:119 - 🔒 TEST MODE ENABLED - No real trades will execute
2026-04-08 18:28:49.265 | INFO     | __main__:scan_all_opportunities:97 - 🔍 Scanning for opportunities...
2026-04-08 18:28:49.266 | INFO     | __main__:scan_all_opportunities:111 - 📊 Test opportunity: 0.75%
2026-04-08 18:28:49.267 | SUCCESS  | __main__:run:181 - 🎯 Found 1 opportunities!
2026-04-08 18:28:49.268 | WARNING  | __main__:safety_check:119 - 🔒 TEST MODE ENABLED - No real trades will execute
2026-04-08 18:28:59.279 | INFO     | __main__:scan_all_opportunities:97 - 🔍 Scanning for opportunities...
2026-04-08 18:29:09.285 | INFO     | __main__:scan_all_opportunities:97 - 🔍 Scanning for opportunities...
2026-04-08 18:29:09.286 | INFO     | __main__:scan_all_opportunities:111 - 📊 Test opportunity: 0.63%
2026-04-08 18:29:09.287 | SUCCESS  | __main__:run:181 - 🎯 Found 1 opportunities!
2026-04-08 18:29:09.288 | WARNING  | __main__:safety_check:119 - 🔒 TEST MODE ENABLED - No real trades will execute
2026-04-08 18:29:19.293 | INFO     | __main__:scan_all_opportunities:97 - 🔍 Scanning for opportunities...
2026-04-08 18:29:19.295 | INFO     | __main__:scan_all_opportunities:111 - 📊 Test opportunity: 0.90%
2026-04-08 18:29:19.296 | SUCCESS  | __main__:run:181 - 🎯 Found 1 opportunities!
2026-04-08 18:29:19.296 | WARNING  | __main__:safety_check:119 - 🔒 TEST MODE ENABLED - No real trades will execute
2026-04-08 18:29:29.307 | INFO     | __main__:scan_all_opportunities:97 - 🔍 Scanning for opportunities...
2026-04-08 18:29:29.308 | INFO     | __main__:scan_all_opportunities:111 - 📊 Test opportunity: 0.53%
2026-04-08 18:29:29.309 | SUCCESS  | __main__:run:181 - 🎯 Found 1 opportunities!
2026-04-08 18:29:29.310 | WARNING  | __main__:safety_check:119 - 🔒 TEST MODE ENABLED - No real trades will execute
2026-04-08 18:29:39.314 | INFO     | __main__:scan_all_opportunities:97 - 🔍 Scanning for opportunities...
2026-04-08 18:29:39.315 | INFO     | __main__:scan_all_opportunities:111 - 📊 Test opportunity: 0.82%
2026-04-08 18:29:39.315 | SUCCESS  | __main__:run:181 - 🎯 Found 1 opportunities!
2026-04-08 18:29:39.316 | WARNING  | __main__:safety_check:119 - 🔒 TEST MODE ENABLED - No real trades will execute
2026-04-08 18:29:49.330 | INFO     | __main__:scan_all_opportunities:97 - 🔍 Scanning for opportunities...
2026-04-08 18:29:49.332 | INFO     | __main__:scan_all_opportunities:111 - 📊 Test opportunity: 1.41%
2026-04-08 18:29:49.333 | SUCCESS  | __main__:run:181 - 🎯 Found 1 opportunities!
2026-04-08 18:29:49.334 | WARNING  | __main__:safety_check:119 - 🔒 TEST MODE ENABLED - No real trades will execute
2026-04-08 18:29:59.346 | INFO     | __main__:scan_all_opportunities:97 - 🔍 Scanning for opportunities...
2026-04-08 18:29:59.348 | INFO     | __main__:scan_all_opportunities:111 - 📊 Test opportunity: 0.74%
2026-04-08 18:29:59.349 | SUCCESS  | __main__:run:181 - 🎯 Found 1 opportunities!
2026-04-08 18:29:59.350 | WARNING  | __main__:safety_check:119 - 🔒 TEST MODE ENABLED - No real trades will execute
2026-04-08 18:30:09.353 | INFO     | __main__:scan_all_opportunities:97 - 🔍 Scanning for opportunities...
2026-04-08 18:30:19.356 | INFO     | __main__:scan_all_opportunities:97 - 🔍 Scanning for opportunities...
2026-04-08 18:30:19.357 | INFO     | __main__:scan_all_opportunities:111 - 📊 Test opportunity: 0.58%
2026-04-08 18:30:19.358 | SUCCESS  | __main__:run:181 - 🎯 Found 1 opportunities!
2026-04-08 18:30:19.359 | WARNING  | __main__:safety_check:119 - 🔒 TEST MODE ENABLED - No real trades will execute
2026-04-08 18:30:29.366 | INFO     | __main__:scan_all_opportunities:97 - 🔍 Scanning for opportunities...
2026-04-08 18:30:29.368 | INFO     | __main__:scan_all_opportunities:111 - 📊 Test opportunity: 0.52%
2026-04-08 18:30:29.369 | SUCCESS  | __main__:run:181 - 🎯 Found 1 opportunities!
2026-04-08 18:30:29.369 | WARNING  | __main__:safety_check:119 - 🔒 TEST MODE ENABLED - No real trades will execute
2026-04-08 18:30:39.388 | INFO     | __main__:scan_all_opportunities:97 - 🔍 Scanning for opportunities...
2026-04-08 18:30:39.389 | INFO     | __main__:scan_all_opportunities:111 - 📊 Test opportunity: 1.15%
2026-04-08 18:30:39.390 | SUCCESS  | __main__:run:181 - 🎯 Found 1 opportunities!
2026-04-08 18:30:39.391 | WARNING  | __main__:safety_check:119 - 🔒 TEST MODE ENABLED - No real trades will execute
2026-04-08 18:30:49.392 | INFO     | __main__:scan_all_opportunities:97 - 🔍 Scanning for opportunities...
2026-04-08 18:30:49.393 | INFO     | __main__:scan_all_opportunities:111 - 📊 Test opportunity: 0.71%
2026-04-08 18:30:49.394 | SUCCESS  | __main__:run:181 - 🎯 Found 1 opportunities!
2026-04-08 18:30:49.395 | WARNING  | __main__:safety_check:119 - 🔒 TEST MODE ENABLED - No real trades will execute
2026-04-08 18:30:59.401 | INFO     | __main__:scan_all_opportunities:97 - 🔍 Scanning for opportunities...
2026-04-08 18:30:59.402 | INFO     | __main__:scan_all_opportunities:111 - 📊 Test opportunity: 1.47%
2026-04-08 18:30:59.403 | SUCCESS  | __main__:run:181 - 🎯 Found 1 opportunities!
2026-04-08 18:30:59.404 | WARNING  | __main__:safety_check:119 - 🔒 TEST MODE ENABLED - No real trades will execute
2026-04-08 18:31:09.411 | INFO     | __main__:scan_all_opportunities:97 - 🔍 Scanning for opportunities...
2026-04-08 18:31:09.413 | INFO     | __main__:scan_all_opportunities:111 - 📊 Test opportunity: 1.12%
2026-04-08 18:31:09.414 | SUCCESS  | __main__:run:181 - 🎯 Found 1 opportunities!
2026-04-08 18:31:09.415 | WARNING  | __main__:safety_check:119 - 🔒 TEST MODE ENABLED - No real trades will execute
2026-04-08 18:31:19.426 | INFO     | __main__:scan_all_opportunities:97 - 🔍 Scanning for opportunities...
2026-04-08 18:31:19.428 | INFO     | __main__:scan_all_opportunities:111 - 📊 Test opportunity: 0.51%
2026-04-08 18:31:19.429 | SUCCESS  | __main__:run:181 - 🎯 Found 1 opportunities!
2026-04-08 18:31:19.430 | WARNING  | __main__:safety_check:119 - 🔒 TEST MODE ENABLED - No real trades will execute
2026-04-08 18:31:29.435 | INFO     | __main__:scan_all_opportunities:97 - 🔍 Scanning for opportunities...
2026-04-08 18:31:29.443 | INFO     | __main__:scan_all_opportunities:111 - 📊 Test opportunity: 1.16%
2026-04-08 18:31:29.447 | SUCCESS  | __main__:run:181 - 🎯 Found 1 opportunities!
2026-04-08 18:31:29.456 | WARNING  | __main__:safety_check:119 - 🔒 TEST MODE ENABLED - No real trades will execute
2026-04-08 18:31:39.459 | INFO     | __main__:scan_all_opportunities:97 - 🔍 Scanning for opportunities...
2026-04-08 18:31:49.472 | INFO     | __main__:scan_all_opportunities:97 - 🔍 Scanning for opportunities...
2026-04-08 18:31:49.473 | INFO     | __main__:scan_all_opportunities:111 - 📊 Test opportunity: 0.95%
2026-04-08 18:31:49.474 | SUCCESS  | __main__:run:181 - 🎯 Found 1 opportunities!
2026-04-08 18:31:49.475 | WARNING  | __main__:safety_check:119 - 🔒 TEST MODE ENABLED - No real trades will execute
2026-04-08 18:31:59.478 | INFO     | __main__:scan_all_opportunities:97 - 🔍 Scanning for opportunities...
2026-04-08 18:31:59.480 | INFO     | __main__:scan_all_opportunities:111 - 📊 Test opportunity: 0.55%
2026-04-08 18:31:59.481 | SUCCESS  | __main__:run:181 - 🎯 Found 1 opportunities!
2026-04-08 18:31:59.482 | WARNING  | __main__:safety_check:119 - 🔒 TEST MODE ENABLED - No real trades will execute
2026-04-08 18:32:09.484 | INFO     | __main__:scan_all_opportunities:97 - 🔍 Scanning for opportunities...
2026-04-08 18:32:09.485 | INFO     | __main__:scan_all_opportunities:111 - 📊 Test opportunity: 0.76%
2026-04-08 18:32:09.486 | SUCCESS  | __main__:run:181 - 🎯 Found 1 opportunities!
2026-04-08 18:32:09.487 | WARNING  | __main__:safety_check:119 - 🔒 TEST MODE ENABLED - No real trades will execute
2026-04-08 18:32:19.496 | INFO     | __main__:scan_all_opportunities:97 - 🔍 Scanning for opportunities...
2026-04-08 18:32:19.497 | INFO     | __main__:scan_all_opportunities:111 - 📊 Test opportunity: 0.97%
2026-04-08 18:32:19.498 | SUCCESS  | __main__:run:181 - 🎯 Found 1 opportunities!
2026-04-08 18:32:19.499 | WARNING  | __main__:safety_check:119 - 🔒 TEST MODE ENABLED - No real trades will execute
2026-04-08 18:32:29.510 | INFO     | __main__:scan_all_opportunities:97 - 🔍 Scanning for opportunities...
2026-04-08 18:32:29.511 | INFO     | __main__:scan_all_opportunities:111 - 📊 Test opportunity: 0.88%
2026-04-08 18:32:29.512 | SUCCESS  | __main__:run:181 - 🎯 Found 1 opportunities!
2026-04-08 18:32:29.513 | WARNING  | __main__:safety_check:119 - 🔒 TEST MODE ENABLED - No real trades will execute
2026-04-08 18:32:39.521 | INFO     | __main__:scan_all_opportunities:97 - 🔍 Scanning for opportunities...
2026-04-08 18:32:49.530 | INFO     | __main__:scan_all_opportunities:97 - 🔍 Scanning for opportunities...
2026-04-08 18:32:49.532 | INFO     | __main__:scan_all_opportunities:111 - 📊 Test opportunity: 0.53%
2026-04-08 18:32:49.532 | SUCCESS  | __main__:run:181 - 🎯 Found 1 opportunities!
2026-04-08 18:32:49.533 | WARNING  | __main__:safety_check:119 - 🔒 TEST MODE ENABLED - No real trades will execute
2026-04-08 18:32:59.548 | INFO     | __main__:scan_all_opportunities:97 - 🔍 Scanning for opportunities...
2026-04-08 18:32:59.549 | INFO     | __main__:scan_all_opportunities:111 - 📊 Test opportunity: 1.06%
2026-04-08 18:32:59.550 | SUCCESS  | __main__:run:181 - 🎯 Found 1 opportunities!
2026-04-08 18:32:59.551 | WARNING  | __main__:safety_check:119 - 🔒 TEST MODE ENABLED - No real trades will execute
2026-04-08 18:33:09.557 | INFO     | __main__:scan_all_opportunities:97 - 🔍 Scanning for opportunities...
2026-04-08 18:33:09.558 | INFO     | __main__:scan_all_opportunities:111 - 📊 Test opportunity: 0.65%
2026-04-08 18:33:09.559 | SUCCESS  | __main__:run:181 - 🎯 Found 1 opportunities!
2026-04-08 18:33:09.561 | WARNING  | __main__:safety_check:119 - 🔒 TEST MODE ENABLED - No real trades will execute
2026-04-08 18:33:19.562 | INFO     | __main__:scan_all_opportunities:97 - 🔍 Scanning for opportunities...
2026-04-08 18:33:29.570 | INFO     | __main__:scan_all_opportunities:97 - 🔍 Scanning for opportunities...
2026-04-08 18:33:29.571 | INFO     | __main__:scan_all_opportunities:111 - 📊 Test opportunity: 0.89%
2026-04-08 18:33:29.572 | SUCCESS  | __main__:run:181 - 🎯 Found 1 opportunities!
2026-04-08 18:33:29.573 | WARNING  | __main__:safety_check:119 - 🔒 TEST MODE ENABLED - No real trades will execute
2026-04-08 18:33:39.577 | INFO     | __main__:scan_all_opportunities:97 - 🔍 Scanning for opportunities...
2026-04-08 18:33:39.578 | INFO     | __main__:scan_all_opportunities:111 - 📊 Test opportunity: 1.29%
2026-04-08 18:33:39.579 | SUCCESS  | __main__:run:181 - 🎯 Found 1 opportunities!
2026-04-08 18:33:39.579 | WARNING  | __main__:safety_check:119 - 🔒 TEST MODE ENABLED - No real trades will execute
2026-04-08 18:33:49.583 | INFO     | __main__:scan_all_opportunities:97 - 🔍 Scanning for opportunities...
2026-04-08 18:33:49.584 | INFO     | __main__:scan_all_opportunities:111 - 📊 Test opportunity: 1.49%
2026-04-08 18:33:49.585 | SUCCESS  | __main__:run:181 - 🎯 Found 1 opportunities!
2026-04-08 18:33:49.587 | WARNING  | __main__:safety_check:119 - 🔒 TEST MODE ENABLED - No real trades will execute
2026-04-08 18:33:59.608 | INFO     | __main__:scan_all_opportunities:97 - 🔍 Scanning for opportunities...
2026-04-08 18:34:09.615 | INFO     | __main__:scan_all_opportunities:97 - 🔍 Scanning for opportunities...
2026-04-08 18:34:09.616 | INFO     | __main__:scan_all_opportunities:111 - 📊 Test opportunity: 1.48%
2026-04-08 18:34:09.618 | SUCCESS  | __main__:run:181 - 🎯 Found 1 opportunities!
2026-04-08 18:34:09.619 | WARNING  | __main__:safety_check:119 - 🔒 TEST MODE ENABLED - No real trades will execute
2026-04-08 18:34:19.621 | INFO     | __main__:scan_all_opportunities:97 - 🔍 Scanning for opportunities...
2026-04-08 18:34:19.622 | INFO     | __main__:scan_all_opportunities:111 - 📊 Test opportunity: 0.97%
2026-04-08 18:34:19.623 | SUCCESS  | __main__:run:181 - 🎯 Found 1 opportunities!
2026-04-08 18:34:19.624 | WARNING  | __main__:safety_check:119 - 🔒 TEST MODE ENABLED - No real trades will execute
2026-04-08 18:34:29.628 | INFO     | __main__:scan_all_opportunities:97 - 🔍 Scanning for opportunities...
2026-04-08 18:34:29.630 | INFO     | __main__:scan_all_opportunities:111 - 📊 Test opportunity: 1.44%
2026-04-08 18:34:29.631 | SUCCESS  | __main__:run:181 - 🎯 Found 1 opportunities!
2026-04-08 18:34:29.632 | WARNING  | __main__:safety_check:119 - 🔒 TEST MODE ENABLED - No real trades will execute
2026-04-08 18:34:39.647 | INFO     | __main__:scan_all_opportunities:97 - 🔍 Scanning for opportunities...
2026-04-08 18:34:39.648 | INFO     | __main__:scan_all_opportunities:111 - 📊 Test opportunity: 1.21%
2026-04-08 18:34:39.649 | SUCCESS  | __main__:run:181 - 🎯 Found 1 opportunities!
2026-04-08 18:34:39.650 | WARNING  | __main__:safety_check:119 - 🔒 TEST MODE ENABLED - No real trades will execute
2026-04-08 18:34:49.662 | INFO     | __main__:scan_all_opportunities:97 - 🔍 Scanning for opportunities...
2026-04-08 18:34:49.663 | INFO     | __main__:scan_all_opportunities:111 - 📊 Test opportunity: 0.59%
2026-04-08 18:34:49.664 | SUCCESS  | __main__:run:181 - 🎯 Found 1 opportunities!
2026-04-08 18:34:49.665 | WARNING  | __main__:safety_check:119 - 🔒 TEST MODE ENABLED - No real trades will execute
2026-04-08 18:34:59.681 | INFO     | __main__:scan_all_opportunities:97 - 🔍 Scanning for opportunities...
2026-04-08 18:34:59.682 | INFO     | __main__:scan_all_opportunities:111 - 📊 Test opportunity: 0.88%
2026-04-08 18:34:59.683 | SUCCESS  | __main__:run:181 - 🎯 Found 1 opportunities!
2026-04-08 18:34:59.684 | WARNING  | __main__:safety_check:119 - 🔒 TEST MODE ENABLED - No real trades will execute
2026-04-08 18:35:09.687 | INFO     | __main__:scan_all_opportunities:97 - 🔍 Scanning for opportunities...
2026-04-08 18:35:09.688 | INFO     | __main__:scan_all_opportunities:111 - 📊 Test opportunity: 1.43%
2026-04-08 18:35:09.690 | SUCCESS  | __main__:run:181 - 🎯 Found 1 opportunities!
2026-04-08 18:35:09.691 | WARNING  | __main__:safety_check:119 - 🔒 TEST MODE ENABLED - No real trades will execute
2026-04-08 18:35:19.697 | INFO     | __main__:scan_all_opportunities:97 - 🔍 Scanning for opportunities...
2026-04-08 18:35:19.698 | INFO     | __main__:scan_all_opportunities:111 - 📊 Test opportunity: 0.83%
2026-04-08 18:35:19.698 | SUCCESS  | __main__:run:181 - 🎯 Found 1 opportunities!
2026-04-08 18:35:19.699 | WARNING  | __main__:safety_check:119 - 🔒 TEST MODE ENABLED - No real trades will execute
2026-04-08 18:35:29.707 | INFO     | __main__:scan_all_opportunities:97 - 🔍 Scanning for opportunities...
2026-04-08 18:35:29.708 | INFO     | __main__:scan_all_opportunities:111 - 📊 Test opportunity: 0.70%
2026-04-08 18:35:29.709 | SUCCESS  | __main__:run:181 - 🎯 Found 1 opportunities!
2026-04-08 18:35:29.710 | WARNING  | __main__:safety_check:119 - 🔒 TEST MODE ENABLED - No real trades will execute
